beatmap_id,artist,title,version,dominant_mods,sr,farm_score,base_farm_score,confidence,confidence_label,efficiency_agreement,efficiency_disagreement,disagreement_penalty,pp_efficiency_shrunk,realized_efficiency_shrunk,overrep,profile_impact,median_position,top10_count,top20_count,top30_count,forgiveness,median_acc,pct_miss_free,median_combo_ratio,hit_length,cs,od,mean_pp,p90_pp,max_pp,raw_count,passcount,url
5541583,S3RL,Bass Slut (Original Mix) (Sped Up & Cut Ver.),Another,NM,4.82653,2.06943664266611,2.06943664266611,0.5238095238095238,supported,corroborated,0.0,0.0,0.09765887326768714,0.0948425689569271,1.0195841671113153,0.22496463732364572,20.5,2,11,13,0.4230440139076418,97.4537,0.2727272727272727,0.6062906724511931,80,3.4,8.2,176.40646363636364,367.1857000000001,412.15,22,10711,https://osu.ppy.sh/b/5541583
5314363,Mei You Hua Xiang De HANA,Science (feat. Kasane Teto SV) (Cut Ver.),OnLoong's Insane,NM,4.80324,1.868972503586467,1.868972503586467,0.2857142857142857,explore,corroborated,0.0,0.0,0.12517839654467522,0.055331831655349765,0.7217292526726223,0.22237291569113274,41.5,2,3,4,1.6842634940585581,94.06475,0.0,0.3767228177641654,111,3.8,8.0,94.3610875,150.8207,155.636,8,10195,https://osu.ppy.sh/b/5314363
651244,Feint,Horizons (feat. Veela),apple's Insane,NM,4.83977,1.7334317852209808,1.7334317852209808,0.574468085106383,supported,corroborated,0.0,0.0,0.09274358891936792,0.07030117540722636,0.13237519723752222,0.2091846923183033,32.0,3,8,13,-0.44678497734226474,96.76740000000001,0.7407407407407407,0.9982046678635548,90,4.0,8.2,174.23791481481481,396.03280000000007,431.946,27,97547,https://osu.ppy.sh/b/651244
4829152,B Komachi,POP IN 2 (TV Size),B-Komachi's Revival?! The Next Hoshino Ai?!,NM,5.35431,1.6893352235810393,1.6893352235810393,0.574468085106383,supported,corroborated,0.0,0.0,0.10347772059595194,0.05778743149301662,0.7303721800049495,0.23904289017477892,36.0,4,10,13,0.3826619085281797,96.9181,0.37037037037037035,0.7001897533206831,84,4.0,8.6,153.03327037037036,202.32620000000003,298.741,27,57911,https://osu.ppy.sh/b/4829152
958661,Rameses B,Neon Rainbow (ft. Anna Yvette),Spectrum,NM,5.26144,1.6597403994895266,1.6597403994895266,0.803921568627451,high_conf,corroborated,0.0,0.0,0.08739837994600327,0.06840371771920942,0.12432464371751577,0.18594773726662372,42.5,8,17,26,-0.5847387478129485,98.33625,0.6463414634146342,0.9985855728429985,111,4.0,8.5,207.18793414634146,300.3777000000002,597.282,82,145101,https://osu.ppy.sh/b/958661
3180969,luvlxckdown,tbh i dont like being social,cell towers,NM,5.24603,1.618879868365839,1.618879868365839,0.5238095238095238,supported,corroborated,0.0,0.0,0.08527971011294595,0.0666614075841868,0.566640854036616,0.2452729999645043,30.0,5,8,12,0.7643621480626187,95.20224999999999,0.3181818181818182,0.7061567164179104,91,4.0,8.6,118.95978636363635,164.49280000000002,184.586,22,48507,https://osu.ppy.sh/b/3180969
1608832,Komiya Mao,(can you) understand me?,heh?,NM,4.9883,1.5939603517371075,1.5939603517371075,0.9818016378525932,high_conf,corroborated,0.0,0.0,0.10366890382107849,0.049525821379774425,0.5938341657696816,0.1921725801251526,46.0,112,240,357,-0.4456226707034459,98.29830000000001,0.5681186283595923,1.0,84,3.8,9.0,185.10825134383688,276.095,612.132,1079,1697121,https://osu.ppy.sh/b/1608832
3237842,osu! virgin gang,Quintuplets On My Line (feat. Kariyu),Nino Gang,NM,5.22618,1.5548525660925236,1.5548525660925236,0.7402597402597403,supported,corroborated,0.0,0.0,0.11769011703252011,0.0347516102794724,0.2577001405674886,0.17296931586365946,48.0,2,10,14,0.05266227768283951,97.34089999999999,0.42105263157894735,0.8939051918735892,76,4.0,8.5,156.15940701754386,194.05499999999998,575.096,57,83086,https://osu.ppy.sh/b/3237842
466789,DJ Genericname,Dango Dango Daikazoku (Drum and Bass Remix),Insane,NM,4.95528,1.5364863170811625,1.5364863170811625,0.726027397260274,supported,corroborated,0.0,0.0,0.06861723787885138,0.07326679198778129,0.03140642921331117,0.20630526173136987,50.0,6,10,18,-0.7568592005299539,98.8782,0.7358490566037735,1.0,107,4.0,8.0,205.89566226415096,404.2084000000002,496.85,53,116192,https://osu.ppy.sh/b/466789
1849505,Will Stetson,Harumachi Clover (Swing Arrangement),Expert,NM,4.85533,1.527007367033883,1.527007367033883,0.9507389162561576,high_conf,corroborated,0.0,0.0,0.09558430108335349,0.05043819365497596,-0.14028663499411576,0.197292935860822,46.0,46,89,137,0.7383144190128476,91.77815,0.5492227979274611,0.9934640522875817,28,3.8,8.7,123.7477702072539,249.877,430.682,386,1133775,https://osu.ppy.sh/b/1849505
3879541,Beta (CV: Inori Minase),Darling in the Night (TV Size),Beta,NM,5.28784,1.517118941277987,1.517118941277987,0.48717948717948717,explore,corroborated,0.0,0.0,0.056474673233306814,0.08153724004080505,0.21666312540014177,0.1955787839169283,31.0,1,5,9,-0.30030233379257587,96.99069999999999,0.6842105263157895,0.9979253112033195,82,3.8,9.0,154.74436842105263,187.07459999999998,204.907,19,22342,https://osu.ppy.sh/b/3879541
1573321,Fujijo Seitokai Shikkou-bu,Best FriendS (GoldenWolf Edit),Linada's Extra,NM,5.09775,1.4931591654991547,1.4931591654991547,0.4444444444444444,explore,corroborated,0.0,0.0,0.14190097089705594,0.009736439168768216,-0.20950310890855692,0.14498435922064032,55.0,0,2,2,-0.05442352104718812,95.7929,0.625,0.9979035639412998,86,3.6,9.0,159.75514375,188.1265,509.332,16,89163,https://osu.ppy.sh/b/1573321
4917828,Will Stetson,Harumachi Clover (Swing Arrangement),Hayakou's Oh No!,NM,5.31595,1.464777749972996,1.464777749972996,0.23076923076923078,explore,corroborated,0.0,0.0,0.08999687446904729,0.049712630078145706,0.4705283699598236,0.35808654297138404,24.5,2,3,3,3.351266127856853,82.26384999999999,0.16666666666666666,0.4935897435897436,29,3.8,9.2,81.45701666666666,101.79565,111.527,6,15659,https://osu.ppy.sh/b/4917828
4805791,zhanulka X Kakaya Raznitsa,krestiki-noliki,karta's insane,NM,4.88553,1.4454357566378588,1.4454357566378588,0.23076923076923078,explore,corroborated,0.0,0.0,0.0863741401536427,0.051027397924813415,0.3747989120097401,0.21868997085033062,25.5,1,3,3,0.7441242652752664,95.17204999999998,0.3333333333333333,0.6066460587326121,119,4.0,8.0,148.52383333333333,260.871,389.8,6,38739,https://osu.ppy.sh/b/4805791
848345,Primary,Sweets Weekend,Sweet Neko,NM,5.34711,1.4344596759955988,1.4344596759955988,0.9815668202764977,high_conf,corroborated,0.0,0.0,0.058642080187444615,0.07274236118668917,0.6786167758400187,0.23814771537998994,35.0,214,362,500,-0.5731212243148882,98.7245,0.5812206572769953,0.99812382739212,92,4.0,9.0,219.79449539906102,312.981,780.729,1065,1000277,https://osu.ppy.sh/b/848345
1059388,Drop,Granat,Extra,NM,5.05263,1.4133593993112261,1.4133593993112261,0.9840764331210191,high_conf,corroborated,0.0,0.0,0.07056429961424053,0.06121269890395766,0.07777066993876185,0.24794521466813774,34.0,271,439,576,-0.28061820681104904,97.1326,0.6237864077669902,1.0,42,4.6,8.7,153.6531373786408,202.706,491.82,1236,2490301,https://osu.ppy.sh/b/1059388
1574296,Fujijo Seitokai Shikkou-bu,Best FriendS (GoldenWolf Edit),A r M i N's Extra,NM,4.87415,1.3788951157953746,1.3788951157953746,0.5918367346938775,supported,corroborated,0.0,0.0,0.13128147489449474,0.008698214323604373,-0.43895732646292873,0.14662246104395849,74.0,1,3,5,-0.05768647016392259,96.25,0.5517241379310345,0.9656565656565657,86,4.0,8.7,225.7673827586207,432.304,509.956,29,219339,https://osu.ppy.sh/b/1574296
5334122,Ellie Goulding,By The End Of The Night (Nightcore & Cut Ver.),Shadow's Extra,NM,4.88114,1.3318753642212846,1.3318753642212846,0.5238095238095238,supported,corroborated,0.0,0.0,0.12513324666526757,0.009723254614314725,0.8860080575493706,0.169043580469076,53.0,1,5,7,0.8646144618963876,94.84025,0.3181818181818182,0.6244635193133048,44,4.0,9.0,133.3544681818182,291.6837000000002,358.442,22,17871,https://osu.ppy.sh/b/5334122
1956122,DJ Fresh,Gold Dust,MiracleE's Extra,NM,5.37759,1.3252339974144238,1.3252339974144238,0.946949602122016,high_conf,corroborated,0.0,0.0,0.09424591642643226,0.034383400675203436,0.5879169278007667,0.1996563622344412,42.0,46,91,134,0.057800435842075046,97.3709,0.4117647058823529,0.8297413793103449,87,3.8,9.1,299.1658229691877,545.4234,615.84,357,203598,https://osu.ppy.sh/b/1956122
5197532,Spira Spica,Ao to Kirameki (TV Size),parrot's Extra,NM,5.11062,1.3244088566105323,1.3244088566105323,0.23076923076923078,explore,corroborated,0.0,0.0,0.10280139725875204,0.02732632387841298,0.42534000560784146,0.20683862909614267,45.0,1,2,3,1.030796952533902,96.46615,0.16666666666666666,0.4393939393939394,83,4.3,8.4,115.26828333333333,142.0155,145.692,6,17497,https://osu.ppy.sh/b/5197532
2281346,Loki,Interlude,Welcome to the Mountain,NM,5.35204,1.3231415494427174,1.3231415494427174,0.5,supported,corroborated,0.0,0.0,0.1267177263078316,0.007687020089428212,0.4424841232678847,0.21407441022828913,58.0,3,4,4,-0.10776961257780796,98.3509,0.4,0.7857142857142857,105,3.8,8.7,206.12686,295.1093000000001,340.159,20,21897,https://osu.ppy.sh/b/2281346
4240222,glaive,the prom,insane,NM,4.88913,1.3048209606592653,1.3048209606592653,0.42857142857142855,explore,corroborated,0.0,0.0,0.09127821230728868,0.03507220592552619,0.6577149941678071,0.21521008667014535,30.0,5,5,8,1.295004046751249,93.7123,0.2,0.5555555555555556,112,3.8,8.0,140.13757333333334,313.2446,438.67,15,30941,https://osu.ppy.sh/b/4240222
2035917,Three feat. Kagamine Len,Telecaster B-boy,GlazeE's Extra,NM,5.23247,1.299000899492684,1.299000899492684,0.25925925925925924,explore,corroborated,0.0,0.0,0.09815892575387496,0.028958355469822665,0.14028161085210916,0.17423156446281146,49.0,1,1,2,0.22100626920124386,96.3768,0.42857142857142855,0.9775561097256857,60,4.0,9.0,164.48572857142855,221.39480000000003,264.59,7,10366,https://osu.ppy.sh/b/2035917
1282701,ClariS,Hitorigoto -TV MIX-,Lv9's Insane,NM,4.81888,1.2900031563951424,1.2900031563951424,0.375,explore,corroborated,0.0,0.0,0.11269196217841272,0.016325072780120013,-0.08686602013133167,0.14058882833783296,53.5,0,0,1,1.697420929571301,91.46029999999999,0.25,0.48140495867768596,88,4.5,8.0,85.10275,118.3642,148.041,12,50391,https://osu.ppy.sh/b/1282701
465524,The Frim,City Streets,Asphyxia's Insane,NM,5.07577,1.2870070087956895,1.2870070087956895,0.47368421052631576,explore,corroborated,0.0,0.0,0.07548079611010639,0.046459457532062466,-0.04584909492994221,0.17000638743739482,33.5,1,3,5,-0.4683788165472703,98.13575,0.5555555555555556,0.99836867862969,99,4.0,8.5,181.9398111111111,301.18330000000003,417.964,18,68997,https://osu.ppy.sh/b/465524
5168743,BABYMETAL,from me to u (feat. Poppy) (Cut Ver.),Tylerderp's Expert,NM,4.99193,1.2791376576364442,1.2791376576364442,0.4444444444444444,explore,corroborated,0.0,0.0,0.09896744347653079,0.026609981467259312,0.5904151655576162,0.18611250040142993,62.5,3,3,5,-0.1254446200154158,97.42665,0.4375,0.9276315789473684,66,3.3,8.7,257.77468749999997,426.46450000000004,468.2,16,25023,https://osu.ppy.sh/b/5168743
828806,NICO Touches the Walls,Niwaka Ame ni mo Makezu,Nine Tails,NM,5.0234,1.2786105658033342,1.2786105658033342,0.93993993993994,high_conf,corroborated,0.0,0.0,0.07883625809362829,0.043005597466977644,0.20854503201122374,0.17539568473271902,50.0,19,58,100,-0.20191098180575145,97.4194,0.5271565495207667,0.9478390461997019,113,4.0,8.7,168.7047392971246,327.65320000000014,475.837,313,625219,https://osu.ppy.sh/b/828806
190045,DJ Genericname,Dango Dango Drum and Bass,Insane,NM,4.84213,1.2663432205613374,1.2663432205613374,0.8657718120805369,high_conf,corroborated,0.0,0.0,0.0691114771017466,0.04990492842678678,0.04938191107309778,0.18442584907647233,50.0,10,27,40,-0.6785591646965109,98.7302,0.6589147286821705,0.9982142857142857,98,4.0,8.0,168.30394496124032,259.33160000000004,477.598,129,483629,https://osu.ppy.sh/b/190045
275266,Groove Coverage,Runaway (Nightcore Mix),Insane,NM,4.82372,1.2528813386371094,1.2528813386371094,0.7468354430379747,supported,corroborated,0.0,0.0,0.08850021170916843,0.032926785709653496,0.15276449876095172,0.17108170231339379,44.0,4,10,16,-0.4559619902855537,98.00179999999999,0.5932203389830508,1.0,91,4.0,8.0,180.28345762711865,383.5556,481.589,59,70077,https://osu.ppy.sh/b/275266
1571141,Hyper Potions,Time Trials,Extra,NM,5.31048,1.2474701723518609,1.2474701723518609,0.7674418604651163,supported,corroborated,0.0,0.0,0.03411519470766335,0.07688119201711019,0.38768214550775576,0.1953211011739539,36.0,8,16,24,-0.6324598170263447,98.6622,0.6515151515151515,0.9973333333333333,71,4.0,8.5,199.72010303030302,214.644,547.028,66,86328,https://osu.ppy.sh/b/1571141
2224111,Hoshizora Rin (CV: Iida Riho),Snow halation (RIN Mix) (Cut Ver.),Merry Christmas!,NM,5.19294,1.2370215022747684,1.2370215022747684,0.3939393939393939,explore,corroborated,0.0,0.0,0.058500462500959756,0.05607864053081143,0.12493636462415113,0.19890487724365669,28.0,3,4,7,-0.28814584515320624,96.7851,0.6153846153846154,0.9981751824817519,105,4.3,8.8,231.25180769230772,470.60800000000006,543.874,13,27799,https://osu.ppy.sh/b/2224111
557987,Kawada Mami,Hishoku no Sora (TV Size),P A N's Insane,NM,4.8097,1.234971918190354,1.234971918190354,0.5238095238095238,supported,corroborated,0.0,0.0,0.08144824157602285,0.03716383431579645,-0.25387160565529154,0.16978661432956035,64.0,3,3,4,-0.7702454051790876,98.5904,0.7272727272727273,0.9980879541108987,89,4.2,8.0,150.7754318181818,181.61260000000007,452.636,22,110181,https://osu.ppy.sh/b/557987
5057159,Yasuharu Takanashi,Dokuryuu no Cobra,Parad0xa's Extra,NM,5.32891,1.2201654660932055,1.2201654660932055,0.47368421052631576,explore,corroborated,0.0,0.0,0.11250612711481464,0.010541649078961591,0.8683188107588772,0.17558627576817334,48.5,2,5,6,0.48416158024851275,98.05485,0.2222222222222222,0.5099502487562189,94,3.3,9.2,271.5382666666667,512.9757000000001,545.962,18,10893,https://osu.ppy.sh/b/5057159
1633693,Matrix & Futurebound ft. Luke Bingham,All I Know,Reaching For The Stars,NM,5.3171,1.2189413144363053,1.2189413144363053,0.5238095238095238,supported,corroborated,0.0,0.0,0.08609350053267717,0.03200785101227902,0.0267869618324546,0.17039065555083327,59.5,3,4,6,-0.3258410515625513,98.5818,0.5,0.8010657193605684,105,4.0,9.0,218.86020454545454,370.88230000000027,573.815,22,64233,https://osu.ppy.sh/b/1633693
5329484,Simple Plan,You Suck At Love (Nightcore & Cut Ver.),KPMY's Extra,NM,5.24662,1.2050758496637808,1.2050758496637808,0.5121951219512195,supported,corroborated,0.0,0.0,0.07836382029312443,0.03714203840302669,0.8125997801228048,0.18149012754951782,52.0,4,4,6,0.2825382262506159,96.69969999999999,0.42857142857142855,0.6642685851318945,73,3.6,9.0,226.38555714285715,482.514,529.244,21,16645,https://osu.ppy.sh/b/5329484
5110977,madk1d,tak po***,MASTERMIND,NM,5.12321,1.1993221656038062,1.1993221656038062,0.23076923076923078,explore,corroborated,0.0,0.0,0.08211209329077418,0.03359197987974046,0.10869121367047596,0.1698365602512721,28.5,0,0,4,-0.01936065805692501,97.23434999999999,0.5,0.898972602739726,107,4.0,8.8,277.7276166666667,464.209,470.254,6,15628,https://osu.ppy.sh/b/5110977
1990559,Maduk feat. Veela,Ghost Assassin (Hourglass Bonusmix),Alumetri's Extra,NM,5.12757,1.187196052465601,1.187196052465601,0.6875,supported,corroborated,0.0,0.0,0.09132732164347389,0.025035692768579802,0.2564848266695589,0.15400456472200255,48.5,1,4,8,-0.1268947350450893,98.7328,0.45454545454545453,0.7091038406827881,116,3.6,8.8,278.1716659090909,493.5876,515.697,44,61191,https://osu.ppy.sh/b/1990559
2553327,Ke$ha,Backstabber (Sped Up & Cut Ver.),skylaa's Extra,NM,5.39658,1.180153404595724,1.180153404595724,0.574468085106383,supported,corroborated,0.0,0.0,0.08108909432637754,0.03279836010322339,0.6394296695605032,0.20782253361486505,39.0,3,5,9,0.8974565111609635,95.4604,0.25925925925925924,0.5870786516853933,65,4.4,8.2,132.6988777777778,181.369,185.134,27,33732,https://osu.ppy.sh/b/2553327
2349467,LiSA,ROCK-mode,"I'm fine, thank you!",NM,5.36191,1.1688315994801135,1.1688315994801135,0.9755501222493888,high_conf,corroborated,0.0,0.0,0.06945545668782596,0.04133694242654491,0.6781647426942367,0.21221264744521107,39.0,129,232,317,-0.0810280893626653,97.78869999999999,0.4448621553884712,0.8567567567567568,100,4.0,9.0,262.43896766917294,527.1986,845.199,798,857124,https://osu.ppy.sh/b/2349467
4611995,Phonetic,Gravity (feat. WithoutMyArmor) (osu! edit),Kujinn's Extra,NM,5.38389,1.1616344480365415,1.1616344480365415,0.5,supported,corroborated,0.0,0.0,0.1114552105276227,0.00642560895714108,0.8797226136253401,0.19647695264375833,51.5,2,3,5,0.3589791256677815,97.5322,0.35,0.6096121416526138,108,4.0,9.0,176.79477,200.03220000000005,515.661,20,16880,https://osu.ppy.sh/b/4611995
1766216,egor nats,poslednyaya pesnya o ney,alumetri's extra,NM,5.18427,1.1604277622591928,1.1604277622591928,0.6296296296296297,supported,corroborated,0.0,0.0,0.10341936442887603,0.012885643133716328,-0.19392128171999934,0.1523445868844015,52.5,1,3,5,-0.17033993360079883,96.94375,0.5,0.9972375690607735,105,3.8,9.0,281.09108235294116,529.1564999999999,588.546,34,105732,https://osu.ppy.sh/b/1766216
1920989,Fujiwara Chika (CV: Kohara Konomi),Chikatto Chika Chika (TV Size),Akito's Insane,NM,4.8641,1.1516168293382418,1.1516168293382418,0.6078431372549019,supported,corroborated,0.0,0.0,0.07291903934377277,0.037045354498224096,0.20796870179499005,0.19576545172117693,40.0,3,9,12,1.36138607061423,90.7478,0.3548387096774194,0.8005780346820809,78,4.0,8.0,85.64598709677419,110.108,140.844,31,92313,https://osu.ppy.sh/b/1920989
1831842,SEMARGL,Credo Revolution (Zardonic Remix),Another,NM,5.15918,1.1185042410232635,1.1185042410232635,0.8290598290598291,high_conf,corroborated,0.0,0.0,0.054815479614282805,0.04901578842650389,0.012301464665568109,0.21381548582422602,42.0,11,25,34,-0.0439401310080606,98.3948,0.36082474226804123,0.827708703374778,99,4.5,8.5,216.323906185567,436.6776,540.367,97,208323,https://osu.ppy.sh/b/1831842
1449826,Thaehan,Saiyajin,Insane,NM,5.07351,1.1094877707658464,1.1094877707658464,0.5833333333333334,supported,corroborated,0.0,0.0,0.038986330828299,0.061176612942467894,0.2411420675295159,0.22284651408640702,40.5,4,8,12,-0.2656726812522756,97.03144999999999,0.5714285714285714,0.9940476190476191,86,4.0,8.0,206.16170357142855,473.6991,487.265,28,41670,https://osu.ppy.sh/b/1449826
2615049,CHiCO with HoneyWorks,Wolf,Rain,NM,5.32163,1.1040884801365296,1.1040884801365296,0.48717948717948717,explore,corroborated,0.0,0.0,0.026747435377046457,0.07071281507334379,0.0888701074031811,0.23879653371089005,31.0,5,8,9,-0.020714016688058418,96.0452,0.5789473684210527,0.9941291585127201,86,3.8,9.0,191.31024210526317,305.7854,541.191,19,31231,https://osu.ppy.sh/b/2615049
1538271,Megu Sakuragawa,Opening Ceremony,Bariton's Expert,NM,5.06584,1.0971398849638447,1.0971398849638447,0.2,explore,corroborated,0.0,0.0,0.10276160691593644,0.00804426032584187,0.08143001167488854,0.12496490583109784,69.0,0,0,0,0.16756492905721743,97.1683,0.6,0.5310492505353319,78,3.4,8.2,281.5409,573.9214000000001,688.529,5,19908,https://osu.ppy.sh/b/1538271
3841708,Horie Yui,Asymmetry (TV Size),Joyful Sorrow,NM,5.37107,1.0966576031955846,1.0966576031955846,0.3548387096774194,explore,corroborated,0.0,0.0,0.0760543036655328,0.029814162194719905,0.40179195766591164,0.1657207544832697,45.0,0,2,4,-0.1403293110614272,97.9798,0.45454545454545453,0.9085365853658537,86,4.2,8.7,173.06174545454544,227.466,250.547,11,10234,https://osu.ppy.sh/b/3841708
2188088,Duca,Tsuki no Kanata de Aimashou,Lecana's Another,NM,4.84587,1.0960128390716126,1.0960128390716126,0.4444444444444444,explore,corroborated,0.0,0.0,0.056012792912372544,0.0461265437328537,0.11015983887432126,0.1633672428509726,57.0,1,3,4,-0.6396425484198023,98.4307,0.625,0.998868778280543,84,4.0,8.4,201.29753125000002,374.22749999999996,447.051,16,41823,https://osu.ppy.sh/b/2188088
5275135,Artemas,i like the way you kiss me (DETHVEDA Frenchcore Edit),Maaadbot's Insane,NM,4.8179,1.0958509940174523,1.0958509940174523,0.5,supported,corroborated,0.0,0.0,0.07480766984284361,0.030763692903656485,0.9333521829298348,0.19574654600007727,38.0,3,5,9,0.8399649711370397,95.82405,0.3,0.49921011058451814,96,3.8,8.5,99.08714499999999,144.75080000000003,216.416,20,55230,https://osu.ppy.sh/b/5275135
982390,CHiCO with HoneyWorks,Heart no Shuchou,HB's Insane,NM,5.22963,1.094319986520362,1.094319986520362,0.7468354430379747,supported,corroborated,0.0,0.0,0.01803003928608877,0.07700181727591478,-0.36293582082650355,0.2065901882777296,33.0,8,16,27,-0.5374671083950295,98.4,0.5932203389830508,0.9959839357429718,82,4.2,8.1,172.51578305084746,195.4534,545.84,59,166697,https://osu.ppy.sh/b/982390
1358997,MIOYAMAZAKI,Noise,Insane,NM,5.22636,1.091326296938705,1.091326296938705,0.2,explore,corroborated,0.0,0.0,0.04052538240492819,0.0583762639026805,0.012769164295636177,0.24557855430591755,35.0,1,2,2,0.38716800865525125,98.5564,0.2,0.5289115646258503,89,4.0,8.0,239.98766,451.8636,457.63,5,12600,https://osu.ppy.sh/b/1358997
785394,fhana,Wonder Stella,Law Aias,NM,5.38292,1.0899839357734749,1.0899839357734749,0.8373983739837398,high_conf,corroborated,0.0,0.0,0.03607852029156214,0.06189377420303,-0.15859605030896975,0.1981855158455846,42.0,8,26,41,-0.7659307158723435,98.6817,0.7669902912621359,0.9979838709677419,86,4.2,9.0,189.2937446601942,219.717,315.263,103,151829,https://osu.ppy.sh/b/785394
2505985,Nogizaka46,Tsuki no Ookisa (TV Size),Kuroame's Tsukuyomi,NM,5.09654,1.0892483077928587,1.0892483077928587,0.2857142857142857,explore,corroborated,0.0,0.0,0.048174231448943436,0.051953126605919525,0.07156660034162914,0.20579491564007704,33.5,1,1,4,1.5596575453473716,92.39015,0.125,0.5987394957983193,87,4.0,9.0,98.6321375,138.0778,163.044,8,30081,https://osu.ppy.sh/b/2505985
3316842,Mikakuning!,Tomadoi Recipe (TV Size),Expert,NM,5.0327,1.0880937645754512,1.0880937645754512,0.3103448275862069,explore,corroborated,0.0,0.0,0.08603390409843588,0.020936381596834586,-0.0592898021239399,0.13550005922996441,55.0,0,0,1,0.19864225800379287,94.1646,0.5555555555555556,1.0,88,4.0,8.7,159.65103333333334,254.29600000000005,489.168,9,39133,https://osu.ppy.sh/b/3316842
5384312,Good Kid,Everything Everything (Cut Ver.),But I'm Still Here,NM,5.21333,1.0855459387835114,1.0855459387835114,0.5348837209302325,supported,corroborated,0.0,0.0,0.0640891637420009,0.038641329351896486,1.2856290949404698,0.2319875765070125,54.0,4,5,7,0.3262247910768781,97.2669,0.34782608695652173,0.7309782608695652,60,3.6,9.1,179.3703652173913,313.38720000000006,457.098,23,10248,https://osu.ppy.sh/b/5384312
1439146,Mami Kawada,Contrail ~Kiseki~,Sotarks' Take Flight,NM,4.84613,1.0785816054560977,1.0785816054560977,0.3939393939393939,explore,corroborated,0.0,0.0,0.07327747962462121,0.030545696931401065,-0.189543794143603,0.16284485896650816,50.0,0,3,3,-0.5109508556715117,97.4806,0.6923076923076923,1.0,87,4.2,8.0,154.47355384615383,324.5446000000002,381.408,13,73845,https://osu.ppy.sh/b/1439146
962959,Diana Garnet,Spinning World (Anime Ver.),Natsu's Extra,NM,5.22402,1.0772775515016044,1.0772775515016044,0.726027397260274,supported,corroborated,0.0,0.0,0.07568538341276208,0.02846842334952808,-0.13908098321912732,0.1766099814461756,58.0,4,6,13,-0.22528708427859476,97.11619999999999,0.5471698113207547,0.9959595959595959,88,4.0,8.5,234.08590566037736,477.78760000000005,530.211,53,120908,https://osu.ppy.sh/b/962959
4769758,MIMI,Ai no Sukima (Cut Ver.),Suou's Expert,NM,5.07541,1.0694847592301406,1.0694847592301406,0.23076923076923078,explore,corroborated,0.0,0.0,0.05888950171526846,0.041522738517303176,0.3955055144232889,0.2033256209636117,43.5,1,1,3,0.4740246593433249,97.08160000000001,0.16666666666666666,0.825974025974026,65,4.0,8.5,129.34716666666665,173.939,198.672,6,12489,https://osu.ppy.sh/b/4769758
4010154,ClariS,Careless (TV Size),MajK00's Extra,NM,5.23705,1.069254427240846,1.069254427240846,0.4444444444444444,explore,corroborated,0.0,0.0,0.0372013267927184,0.059215111845005906,0.4276808098571121,0.20103081403281006,44.5,2,2,6,-0.12230252286404791,97.62270000000001,0.5625,0.930672268907563,84,3.8,8.6,211.247875,387.66650000000004,463.481,16,14384,https://osu.ppy.sh/b/4010154
2757180,Feint & Laura Brehm,Solace (Cut Ver.),A r M i N's Expert,NM,5.06281,1.0515089331793948,1.0515089331793948,0.6,supported,corroborated,0.0,0.0,0.060105499242215504,0.03900199340033258,0.3267348319800375,0.24003983267936801,38.5,4,10,13,0.11674079307396634,96.00885,0.5,0.8507326007326008,92,4.0,8.5,180.33630333333335,442.6132,513.632,30,80709,https://osu.ppy.sh/b/2757180
4681477,Shika-bu,Shikairo Days (TV Size),Kuki's Extra,NM,5.27669,1.0503964813385085,1.0503964813385085,0.48717948717948717,explore,corroborated,0.0,0.0,0.09369607949829317,0.011475238930506029,0.41174522927614965,0.17643629236632688,45.0,1,2,7,-0.015775335373316393,97.5184,0.3684210526315789,0.92,85,3.8,9.0,196.91313157894737,495.2226,552.404,19,24710,https://osu.ppy.sh/b/4681477
1650438,TrySail,Honto da yo,Another,NM,5.07822,1.0438930733784215,1.0438930733784215,0.2,explore,corroborated,0.0,0.0,0.07446097558238356,0.02663115760324273,-0.19761500315470798,0.1693136907903646,44.0,0,1,2,0.37277828477724484,93.59309999999999,0.6,1.0,90,4.0,8.6,114.07141999999999,144.24439999999998,153.926,5,33579,https://osu.ppy.sh/b/1650438
2777472,Nakanoke no Itsutsugo,Gotoubun no Katachi (TV Size),eINess' Ichika,NM,4.82169,1.0353980544605417,1.0353980544605417,0.3103448275862069,explore,corroborated,0.0,0.0,0.04187558410494431,0.05252051539077186,0.33343673020744796,0.17851971646625653,41.0,1,2,3,0.6325743611145598,95.1677,0.3333333333333333,0.7704545454545455,87,4.0,7.8,96.46952222222222,151.17340000000002,164.323,9,27634,https://osu.ppy.sh/b/2777472
2014469,MIMI feat. Hatsune Miku,Marshmary,Horizon,NM,5.11155,1.034011356289525,1.034011356289525,0.9908759124087592,high_conf,corroborated,0.0,0.0,0.05299199132711245,0.043324298403304984,0.43120476270584523,0.216189498900659,41.0,343,616,852,-0.2484335027690736,97.4444,0.5262430939226519,0.9919168591224019,83,3.8,9.0,223.71291210865562,448.168,534.233,2172,3172095,https://osu.ppy.sh/b/2014469
1592917,Tanaka Hirokazu,C-TYPE,S-TYPE,NM,4.85526,1.028751778372324,1.028751778372324,0.6363636363636364,supported,corroborated,0.0,0.0,0.04450918336468312,0.04980491325459278,-0.24401426891978387,0.2196937037929654,47.0,7,7,10,-0.3809538205276017,97.6048,0.6,1.0,38,4.7,7.5,240.93970857142858,399.942,539.309,35,178542,https://osu.ppy.sh/b/1592917
749274,Lia,Bravely You (TV Size),Fycho's Charlotte,NM,4.85936,1.0241226358034254,1.0241226358034254,0.6721311475409836,supported,corroborated,0.0,0.0,0.06015539652645572,0.03663380691751867,0.06510067938719838,0.18112496251718818,53.0,2,8,14,0.5491499328152356,95.7483,0.36585365853658536,0.6632860040567952,88,4.0,7.5,178.83049268292683,409.109,445.514,41,122196,https://osu.ppy.sh/b/749274
4688023,Alya (CV: Uesaka Sumire),Kawaikute Gomen (TV Size),Chu,NM,4.88819,1.0192367811724705,1.0192367811724705,0.2857142857142857,explore,corroborated,0.0,0.0,0.0814352343287749,0.018840106259034338,0.5347352650874296,0.1774155600298859,43.5,1,1,2,1.6392654621577365,91.3949,0.25,0.5030864197530864,88,4.0,8.8,95.8218125,143.35989999999998,188.428,8,17750,https://osu.ppy.sh/b/4688023
1620271,Feint,The Journey (feat. Veela),Freedom,NM,5.15335,1.0174232373063694,1.0174232373063694,0.8675496688741722,high_conf,corroborated,0.0,0.0,0.052236548641871265,0.042531492147164215,0.09025542426856867,0.19100847465656579,43.0,13,30,48,-0.3342505619212268,97.4684,0.5648854961832062,0.9927536231884058,90,4.0,8.6,239.76870534351147,490.813,532.712,131,245304,https://osu.ppy.sh/b/1620271
2914811,kradness & Reol,Remote Control (Cut Ver.),Deca's T.V. Remote,NM,5.32416,1.0053381057907838,1.0053381057907838,0.574468085106383,supported,corroborated,0.0,0.0,0.09065589222903435,0.010128743008934609,0.2717627071625632,0.17417382228206216,54.0,2,5,7,-0.36641265779764093,97.67099999999999,0.5185185185185185,0.9871175523349437,110,3.8,9.0,288.3136962962963,537.1938,568.016,27,66502,https://osu.ppy.sh/b/2914811
2622797,the peggies,Aosugiru Sora (Cut Ver.),Blue Sky,NM,5.20514,1.0049851691957112,1.0049851691957112,0.3939393939393939,explore,corroborated,0.0,0.0,0.06197060281686598,0.033524987110152116,0.1968050143599347,0.15807044897028608,67.0,1,3,3,-0.3298673002255561,97.7414,0.5384615384615384,0.9911111111111112,110,4.0,9.0,151.34723076923075,183.55780000000001,188.69,13,40974,https://osu.ppy.sh/b/2622797
186407,wa. remixed celas,Crystal World ~Fracture~,Extra,NM,5.21564,0.9970276388960588,0.9970276388960588,0.25925925925925924,explore,corroborated,0.0,0.0,0.05722391649106264,0.036725159788139665,-0.030863409635995778,0.19820724745073046,50.0,1,1,1,-1.163877319468549,99.0457,1.0,1.0,109,4.0,9.0,189.82657142857144,230.96460000000002,264.318,7,67943,https://osu.ppy.sh/b/186407
454158,Nekomata Master feat. *spiLa*,Clumsy thoughts,Insane,NM,4.92785,0.9952862936135236,0.9952862936135236,0.5121951219512195,supported,corroborated,0.0,0.0,0.08461776664596823,0.014205603912920181,0.18582624450753338,0.16244349466065636,59.0,2,3,6,-0.8369229819089847,98.0088,0.6190476190476191,1.0,115,4.0,8.0,230.85662857142856,473.739,491.14,21,52572,https://osu.ppy.sh/b/454158
1915794,Will Stetson,POP/STARS,Extra,NM,5.23772,0.9952746807271695,0.9952746807271695,0.9375,high_conf,corroborated,0.0,0.0,0.09477344647654629,0.005910840505762912,-0.08504919990717748,0.16030734708106328,56.5,13,39,64,-0.007292393454170643,96.8889,0.49666666666666665,0.8759590792838874,74,4.0,9.0,254.42872466666668,492.90930000000003,540.713,300,502920,https://osu.ppy.sh/b/1915794
1119965,SAKURAKOU K-ON BU,Happy!? Sorry!!,Kagetsu's Extra,NM,5.37879,0.9919366940073511,0.9919366940073511,0.8591549295774648,high_conf,corroborated,0.0,0.0,0.04138733409671524,0.04922566765605434,0.14397606221735973,0.19122316223395583,49.5,14,28,42,-0.6863964663181014,98.4925,0.7295081967213115,0.9981060606060606,86,3.8,8.8,189.86128278688523,226.1129,570.807,122,169533,https://osu.ppy.sh/b/1119965
1938324,Uchida Maaya,youthful beautiful (TV Size),Sotarks' Emotions,NM,5.23177,0.9838678556418432,1.3567313713849662,0.3333333333333333,explore,formula_only,1.2428783858104104,0.3728635157431231,0.15889665366773803,-0.015737699685760366,0.06138094000080397,0.12207655973645748,73.0,0,0,0,0.6060224082095852,96.54415,0.2,0.7648809523809523,89,4.0,9.2,205.82042,404.6796999999999,537.616,10,33678,https://osu.ppy.sh/b/1938324
5143671,Lee Jin Ah,Target for Love (PV Ver.),Mommy Arona,NM,5.02062,0.9833384161745864,0.9833384161745864,0.2,explore,corroborated,0.0,0.0,0.05604806151724558,0.03652205308799218,0.4830920875187767,0.21131542773986353,55.0,1,2,2,-0.37167305803451156,97.069,0.6,0.9963503649635036,91,3.8,8.5,130.46779999999998,140.738,140.992,5,12012,https://osu.ppy.sh/b/5143671
3346256,ichigo from KISIDA KYODAN & THE AKEBOSI ROCKETS,STONE OCEAN (TV Size),STONE FREE,NM,5.21757,0.9760357518864309,0.9760357518864309,0.7701149425287356,supported,corroborated,0.0,0.0,0.04445766737438603,0.045366888558053306,0.36182513575405373,0.20230821078985092,45.0,9,18,22,0.11275203948826489,95.6685,0.5223880597014925,0.9722772277227723,86,4.0,8.8,136.54970447761195,186.97899999999998,469.389,67,111847,https://osu.ppy.sh/b/3346256
4599781,Katy Perry,Part Of Me (Whippa Hardstyle Remix),now look at me,NM,5.38463,0.9753879164214555,0.9753879164214555,0.8319327731092437,high_conf,corroborated,0.0,0.0,0.08231433400402488,0.014395661249864817,0.4951717389802281,0.17835605995272386,56.0,8,22,31,-0.049758024440911076,97.7831,0.4444444444444444,0.7950219619326501,112,4.0,8.8,314.62265454545457,557.934,604.637,99,106760,https://osu.ppy.sh/b/4599781
2226668,CHiCO with HoneyWorks,Hikari Shoumeiron (TV Size),Insane,NM,5.02376,0.9749904306762692,0.9749904306762692,0.2,explore,corroborated,0.0,0.0,0.03807201379370961,0.05049298381984983,0.14409288012650212,0.2024254613667061,33.0,1,2,2,0.45209211503817565,92.9322,0.6,0.9919678714859438,86,4.2,8.0,199.9559,409.10040000000004,579.066,5,19917,https://osu.ppy.sh/b/2226668
1514412,Station Earth,Cold Green Eyes ft. Roos Denayer,Everchanging,NM,5.34072,0.9709377175523614,0.9709377175523614,0.8901098901098901,high_conf,corroborated,0.0,0.0,0.09254500314316079,0.0056624414992038,0.5365276004806254,0.17236605035490202,51.0,10,32,48,0.39032135784448124,97.12039999999999,0.35802469135802467,0.6157587548638133,108,4.0,8.7,216.25793024691362,473.0619,600.342,162,234504,https://osu.ppy.sh/b/1514412
1672674,Mimori Suzuko,Egao no Kimi e (TV Size),Promise,NM,5.09208,0.9702077295509217,0.9702077295509217,0.574468085106383,supported,corroborated,0.0,0.0,0.031909017772051816,0.05511961974042192,-0.3129205103126478,0.2047902882383685,36.0,3,8,13,-0.16917603129425665,96.91969999999999,0.5555555555555556,0.9928741092636579,87,4.0,8.7,169.89975185185187,275.5808000000004,455.896,27,78903,https://osu.ppy.sh/b/1672674
5315179,Reol,No title -10 Years Later Edition- (Cut Ver.),Andrea's Insane,NM,4.88639,0.9611030253993575,0.9611030253993575,0.3103448275862069,explore,corroborated,0.0,0.0,0.060703514299708015,0.030830428154854546,0.7053586579130339,0.23490870661620264,46.0,3,3,3,0.923177688544626,95.3211,0.2222222222222222,0.5846994535519126,95,4.0,8.0,150.0345111111111,309.8604,446.238,9,10817,https://osu.ppy.sh/b/5315179
4675991,Shika-bu,Shikairo Days (TV Size),Reform's Expert,NM,5.05915,0.9565516214968418,0.9565516214968418,0.7333333333333333,supported,corroborated,0.0,0.0,0.09392353055922859,0.0033140389663510444,0.5642723683785386,0.17420878102878107,60.0,3,8,15,0.22030110629981892,97.6385,0.32727272727272727,0.7066666666666667,87,3.6,8.9,225.64184545454546,418.1976,513.893,55,58545,https://osu.ppy.sh/b/4675991
4834217,Faylan,Path to glory (Game Ver.),Log Off Now's Extra,NM,5.31758,0.956485876887136,0.956485876887136,0.375,explore,corroborated,0.0,0.0,0.08719398705654474,0.008804226463522984,0.6578475307793137,0.18215951204256697,65.0,1,2,5,0.033502977395613226,97.02545,0.5,0.7986688851913477,103,3.8,8.7,168.56629999999998,226.68210000000002,313.465,12,12141,https://osu.ppy.sh/b/4834217
5223806,CMH x LIDA,STICKER,MYSTAZ'S EXTRA,NM,5.26356,0.956040037683342,0.956040037683342,0.5348837209302325,supported,corroborated,0.0,0.0,0.04001212097116821,0.047298060512395546,0.9224930575956342,0.21080944521617587,28.0,5,7,12,0.39290729884183856,98.2849,0.21739130434782608,0.5454545454545454,117,3.6,8.5,205.06326521739132,482.55500000000006,540.838,23,17299,https://osu.ppy.sh/b/5223806
869197,KANA-BOON,Silhouette,Kage,NM,5.19287,0.9517176632376556,0.9517176632376556,0.9814471243042672,high_conf,corroborated,0.0,0.0,0.035887655389168854,0.050299023413905755,0.15257821323651674,0.1976997082471718,45.0,121,256,378,-0.00998075301412038,96.9938,0.497164461247637,0.9006550218340612,87,4.0,8.5,139.2435563327032,191.04700000000003,498.4,1058,2138457,https://osu.ppy.sh/b/869197
1405927,ClariS,Hitorigoto -TV MIX-,kanor's Insane,NM,5.06192,0.9481359830399516,0.9481359830399516,0.4594594594594595,explore,corroborated,0.0,0.0,0.08676060138797917,0.00844853726899953,0.28835319075211396,0.1888002098117569,54.0,1,2,2,0.8416528431175785,95.9829,0.17647058823529413,0.6385542168674698,86,4.0,8.0,108.1601294117647,143.6318,170.597,17,50058,https://osu.ppy.sh/b/1405927
1932649,Fujiwara Chika (CV: Kohara Konomi),Chikatto Chika Chika (TV Size),Hazu's Expert,NM,5.00061,0.9434151203117356,0.9434151203117356,0.9766899766899767,high_conf,corroborated,0.0,0.0,0.0654115967017652,0.02548229269328399,0.3817098930050132,0.19075810375991004,47.0,83,184,280,0.045807593725083945,96.5304,0.42601431980906923,0.9545454545454546,88,4.0,8.5,209.38686169451074,444.7698000000001,664.024,838,1630827,https://osu.ppy.sh/b/1932649
1947164,Station Earth,Cold Green Eyes feat. Roos Denayer (Cut Ver.),Dreamy Skies,NM,5.19298,0.9433667468196121,0.9433667468196121,0.5348837209302325,supported,corroborated,0.0,0.0,0.08358249486585427,0.010638666192340279,0.4900244824602932,0.20202938090643968,48.0,3,5,6,0.33974442254516607,95.893,0.43478260869565216,0.724007561436673,120,4.0,8.8,191.9263043478261,417.60020000000003,484.686,23,44567,https://osu.ppy.sh/b/1947164
1389686,Marika,Soul Release short ver.,Kibb's Extra,NM,5.22748,0.9410572095956441,0.9410572095956441,0.23076923076923078,explore,realized_only,0.0,0.0,-0.009354109639517627,0.0863403533431375,-0.18735737914905198,0.1771258892959994,27.0,0,0,4,-0.7608501806298438,98.27494999999999,0.8333333333333334,0.9953917050691244,77,4.0,8.0,159.81033333333332,177.023,190.387,6,31788,https://osu.ppy.sh/b/1389686
1607406,Duca,Passion,Light Extra.,NM,4.97451,0.9375362174005848,0.9375362174005848,0.23076923076923078,explore,corroborated,0.0,0.0,0.03094220572310285,0.05313257657793721,-0.1336840611140281,0.15754887356493197,52.5,0,1,2,-1.1506833984351599,98.57624999999999,1.0,0.998165137614679,96,4.0,8.1,150.05133333333333,167.96550000000002,174.872,6,25812,https://osu.ppy.sh/b/1607406
2483452,Kagura Mea,Amanojaku,Present's MeaMea,NM,4.97307,0.9327987098285948,0.9327987098285948,0.42857142857142855,explore,corroborated,0.0,0.0,0.04216417867353073,0.04356537778761063,0.15234015233072637,0.16682993262091464,44.0,1,2,4,-0.22681356769968808,96.738,0.6,0.9958762886597938,97,4.0,8.8,188.49247333333332,365.03499999999997,406.234,15,33986,https://osu.ppy.sh/b/2483452
2461086,Farhan feat. GUMI,Dandelion,Extra,NM,5.06084,0.9312705933066285,0.9312705933066285,0.9145299145299145,high_conf,corroborated,0.0,0.0,0.06898250092428541,0.02153395608523133,0.5601927616010951,0.17362249144559588,53.0,17,39,55,-0.2233765263335696,97.9114,0.43457943925233644,0.9373913043478261,111,3.8,9.0,263.99327523364485,477.949,534.503,214,263175,https://osu.ppy.sh/b/2461086
1820257,ONE OK ROCK,Clock Strikes,Reform's Expert,NM,5.06494,0.9291392796330759,0.9291392796330759,0.5121951219512195,supported,corroborated,0.0,0.0,0.0752455464129912,0.016238022630693752,-0.11050095822263913,0.1423097839789356,61.0,0,1,5,-0.2412758318740765,97.642,0.5238095238095238,0.9559471365638766,73,3.6,8.7,168.36852857142858,261.523,475.847,21,99873,https://osu.ppy.sh/b/1820257
2112219,Murakawa Rie,Distance (TV Size),Grindle's Extra,NM,5.10661,0.9260202492585998,0.9260202492585998,0.42857142857142855,explore,corroborated,0.0,0.0,0.05544935332552537,0.03213978543808992,0.08667225839714111,0.18538716588963708,37.0,1,4,6,-0.2395010170217396,96.6154,0.6,0.9978947368421053,86,4.0,8.7,156.73271333333335,212.4216,400.351,15,32427,https://osu.ppy.sh/b/2112219
974422,Rameses B,We Love,Expert,NM,5.33652,0.9137959405604755,1.0680235754185112,0.3333333333333333,explore,formula_only,0.5140921161934524,0.15422763485803573,0.12012541841774256,-0.008610599700339646,0.17436148998508014,0.14412616864262282,65.0,0,1,2,-0.6884505947307288,97.88585,0.8,0.9991258741258742,78,5.0,8.5,315.93948,615.4844,643.739,10,29774,https://osu.ppy.sh/b/974422
3178849,Vivy (CV: Yagi Kairi),Sing My Pleasure (TV Size),Expert,NM,5.21155,0.9118971035536305,0.9222197189987326,0.375,explore,formula_only,0.03440871815034022,0.010322615445102065,0.09529837298933447,-0.00072645777643323,0.0051011340382701486,0.16116475034308528,47.0,0,3,4,0.16312900316491874,95.9278,0.5,0.8917624521072798,86,4.0,8.7,132.40585000000002,196.5743,197.421,12,45257,https://osu.ppy.sh/b/3178849
164005,Ryu*,China Express,Another,NM,4.96274,0.9038406072670911,0.9038406072670911,0.2857142857142857,explore,corroborated,0.0,0.0,0.07446013068879517,0.014729423855339903,-0.11761385784840231,0.14973899519354744,54.0,0,1,1,-0.6139483740699896,97.41024999999999,0.75,1.0,93,4.0,9.0,144.5493875,190.8879,193.956,8,60741,https://osu.ppy.sh/b/164005
2786556,Tennoji Rina (CV: Tanaka Chiemi),Tsunagaru Connect (TV Size),Happiness,NM,5.21004,0.9018789050011828,0.9018789050011828,0.696969696969697,supported,corroborated,0.0,0.0,0.045735970844535935,0.03802069033671881,0.11183148688247824,0.183650777975023,53.0,5,7,12,-0.5868242948812107,97.828,0.6521739130434783,0.9981167608286252,92,4.0,9.0,320.0095586956522,501.38,543.258,46,61613,https://osu.ppy.sh/b/2786556
3688760,CHiCO with HoneyWorks,Himitsu Koigokoro (TV Size),Affection,NM,4.81127,0.9004151391558646,0.9004151391558646,0.47368421052631576,explore,corroborated,0.0,0.0,0.04245751193836232,0.04057369035508697,0.17329017147944561,0.18088236643665498,41.5,1,5,7,-0.08707659362698089,96.4392,0.5555555555555556,0.9791208791208792,82,4.0,8.0,136.80720555555556,238.7221000000001,421.095,18,28330,https://osu.ppy.sh/b/3688760
3305919,SawanoHiroyuki[nZk]:mizuki,&Z (TV Size),Sotarks' Inherit the Stars,NM,5.12948,0.900240936997347,0.900240936997347,0.2,explore,corroborated,0.0,0.0,0.047662893704142416,0.03630783864630751,0.19366807095721725,0.2193580294621414,14.0,1,3,3,-0.1766474636476823,97.654,0.6,0.8662131519274376,85,4.4,8.2,128.77434,159.4152,166.064,5,12208,https://osu.ppy.sh/b/3305919
2292851,chelmico,Easy Breezy (TV Size),Dash's Insane,NM,5.19958,0.8985752518673448,0.8985752518673448,0.574468085106383,supported,corroborated,0.0,0.0,0.005015386820369869,0.07099495632966679,0.05898491801740323,0.2297431100473266,34.0,6,9,13,-0.32929868640582954,98.4127,0.4444444444444444,0.9739776951672863,85,4.0,8.0,191.14754074074077,421.95480000000003,457.315,27,69138,https://osu.ppy.sh/b/2292851
2197165,Yazawa Nico (CV: Tokui Sora),Snow halation (NICO Mix),Resonance,NM,5.25616,0.8972680393232588,0.8972680393232588,0.23076923076923078,explore,corroborated,0.0,0.0,0.05468082345305353,0.03032389610731108,-0.07924844658322572,0.170945635383189,46.5,0,1,3,0.4759130792241735,95.70315,0.3333333333333333,0.8511586452762923,105,4.2,8.5,229.14583333333334,404.55899999999997,464.383,6,21240,https://osu.ppy.sh/b/2197165
1011599,Mika Kobayashi,Through My Blood,Misery,NM,5.32286,0.8956795425751819,0.8956795425751819,0.9074074074074074,high_conf,corroborated,0.0,0.0,0.03605189406633074,0.0454024699690308,0.3590756593397969,0.19445712056120104,46.5,27,46,59,-0.5413891998942378,98.5474,0.5663265306122449,0.9970717423133236,105,4.2,8.5,176.6181918367347,213.363,450.204,196,292577,https://osu.ppy.sh/b/1011599
2380150,red glasses,Like a pop'n music,Let's Start!,NM,5.38883,0.895248882648128,0.895248882648128,0.7435897435897436,supported,corroborated,0.0,0.0,0.07748215138827609,0.011531277129900732,0.12207228918501269,0.17139811202191327,52.5,4,9,15,0.10219449400649809,96.9769,0.3620689655172414,0.9242160278745644,108,3.8,9.0,245.58186896551726,459.2835,547.174,58,80541,https://osu.ppy.sh/b/2380150
3934746,Toby Fox,Vs. Lancer,Bouncy Little Pumpkin,NM,5.16401,0.8855151441199446,0.8855151441199446,0.4117647058823529,explore,corroborated,0.0,0.0,0.044145189217754434,0.0379291423649246,0.295400799329107,0.20301735829591716,24.5,2,3,8,0.3292722852398034,95.15090000000001,0.5714285714285714,0.797427652733119,41,4.0,8.5,136.47941428571428,176.6463,375.023,14,24435,https://osu.ppy.sh/b/3934746
1898596,MOB CHOIR feat. sajou no hana,99.9 (TV Size),Leann's Insane,NM,5.1367,0.8846950825336797,0.8846950825336797,0.7142857142857143,supported,corroborated,0.0,0.0,0.03992071937867606,0.04130942080852104,0.21017596655985446,0.18498340493008125,46.0,10,11,15,-0.2591927092982493,96.79655,0.56,0.993963782696177,89,4.0,8.0,269.23215400000004,481.667,510.404,50,70632,https://osu.ppy.sh/b/1898596
1762423,YUI,Rolling star (TV Size),Delis' Expert,NM,5.3175,0.8834394583130821,0.8834394583130821,0.375,explore,corroborated,0.0,0.0,0.08798537596009659,0.0019500440262048887,0.08778728111602102,0.14062764594148844,52.5,0,0,1,0.215730408336943,95.02890000000001,0.5,0.9600431965442764,85,4.0,8.7,228.40129166666668,494.23600000000005,519.597,12,30303,https://osu.ppy.sh/b/1762423
956502,amazarashi,Kisetsu wa Tsugitsugi Shindeiku -Tokyo Ghoul Root A Edit-,HB's Expert,NM,4.99684,0.8803910617244558,0.8803910617244558,0.9344262295081968,high_conf,corroborated,0.0,0.0,0.026500885323442303,0.05190313480692241,-0.0940436429215311,0.1998464732337638,43.0,32,65,99,-0.5338958318045675,97.9747,0.6666666666666666,0.9981884057971014,88,4.2,8.2,169.24336771929825,382.10279999999995,505.044,285,678312,https://osu.ppy.sh/b/956502
1875178,Tokiwa Yu,Camomile Bathroom,Simple Mind,NM,5.26379,0.8796020403948505,0.8796020403948505,0.2857142857142857,explore,corroborated,0.0,0.0,0.07071973232495374,0.015724146104102492,0.08249040660028506,0.16914322540090918,35.5,0,1,4,0.2807382072458624,96.39959999999999,0.375,0.8541996830427891,110,4.0,9.0,188.9913,320.3305,573.349,8,18093,https://osu.ppy.sh/b/1875178
5522653,Bambee,Bumble Bee (Game Ver.) (Nightcore Mix),Sweetie,NM,5.04445,0.8772532060290165,0.8772532060290165,0.2857142857142857,explore,corroborated,0.0,0.0,0.08414341375009263,0.004561894117402865,0.6151269612407202,0.21165937124425166,42.5,1,2,2,1.3710057125451292,92.29795,0.375,0.4731051344743276,69,3.6,8.5,131.0184,242.80169999999995,440.88,8,27568,https://osu.ppy.sh/b/5522653
2118443,S3RL,Bass Slut (Original Mix),Reform's Filthy Expert,NM,4.87049,0.8755063764223145,0.8755063764223145,0.9921445404556166,high_conf,corroborated,0.0,0.0,0.04685119143925876,0.03486864844019259,0.4531379007229785,0.21229529513438475,42.0,397,712,978,-0.34751511094176935,98.0334,0.5190023752969121,0.9573170731707317,95,3.5,9.0,253.50987850356296,433.49,620.641,2526,3692610,https://osu.ppy.sh/b/2118443
2857369,Chitose Sara,Arcadia (Short Ver.),Promise,NM,5.34108,0.8748970045035421,0.8748970045035421,0.25925925925925924,explore,corroborated,0.0,0.0,0.014298042723896828,0.0614018400947994,-0.07958508685331026,0.23747495581147765,23.0,1,2,4,-0.5917507003265674,97.8964,0.7142857142857143,1.0,104,4.2,8.8,169.13171428571428,204.5784,211.896,7,16320,https://osu.ppy.sh/b/2857369
4669479,Midix,Parad Smerti,Hell or Heaven?,NM,5.19634,0.8743095754185424,0.8743095754185424,0.23076923076923078,explore,corroborated,0.0,0.0,0.040441808961136805,0.04000124865401253,0.24110454944289622,0.23903836193860228,44.0,2,2,2,0.6768235911900536,95.53389999999999,0.3333333333333333,0.7191435768261965,69,4.0,8.5,157.13705000000002,253.75599999999997,345.58,6,37427,https://osu.ppy.sh/b/4669479
5129854,madk1d,tak po***,GIRLTEKK'S $WAG2015,NM,5.382,0.8709308021937585,0.8709308021937585,0.3939393939393939,explore,corroborated,0.0,0.0,0.06066743377433022,0.02319656563439785,0.19439734064703879,0.1908902778440945,40.0,1,2,4,-0.02776083060260065,98.4776,0.38461538461538464,0.7564766839378239,107,3.9,9.0,322.6686384615384,499.77700000000004,512.674,13,33730,https://osu.ppy.sh/b/5129854
917120,The Prototypes,'Don't Let Me Go' Feat. Amy Pearson (Original Mix),Insane,NM,5.01343,0.8623520136270433,0.8623520136270433,0.5,supported,corroborated,0.0,0.0,0.06430171969103703,0.01949950342241577,-0.20978779149587368,0.17587855944436825,49.0,1,6,7,-0.05385630395957129,96.74025,0.55,0.9113300492610837,82,4.0,8.0,165.26641999999998,336.09380000000004,424.798,20,108808,https://osu.ppy.sh/b/917120
1636275,"Comic Girls (Akao Hikaru, Hondo Kaede, Onishi Saori, Takahashi Rie)",Memories (TV Size),Insane,NM,4.80501,0.8596213010285997,0.8596213010285997,0.2,explore,realized_only,0.0,0.0,-0.02787694456796333,0.0945464143972895,-0.1437642217564313,0.17903834417823822,31.0,0,0,2,0.8503326512330754,95.67710000000001,0.2,0.6175824175824176,82,3.8,8.0,122.56456,202.04940000000002,262.421,5,28620,https://osu.ppy.sh/b/1636275
514516,Drop,Granat,Natural Gem,NM,5.2536,0.8557342066323121,0.8557342066323121,0.8979591836734694,high_conf,corroborated,0.0,0.0,0.06339193035940634,0.019680078076321668,-0.3186823081625817,0.2107921498375803,45.0,27,44,62,0.7540143849836851,92.1734,0.5056818181818182,0.976303317535545,42,4.5,9.0,135.26424488636363,181.50549999999998,529.551,176,485302,https://osu.ppy.sh/b/514516
5482414,MARETU,Tool,Here Comes The Pain!!!!!,NM,5.13443,0.8503831547740404,0.8503831547740404,0.48717948717948717,explore,corroborated,0.0,0.0,0.024921433027281188,0.050642780503208897,0.9736504623915666,0.19592518008935503,33.0,3,4,7,0.4699575483390123,97.9167,0.3157894736842105,0.5432098765432098,28,4.0,8.5,136.75467368421053,178.1116,366.907,19,18049,https://osu.ppy.sh/b/5482414
2060893,Hikasa Youko,Utsukushiki Zankoku na Sekai (TV Size),Recollection,NM,5.3026,0.8476673504450278,0.8476673504450278,0.23076923076923078,explore,corroborated,0.0,0.0,0.06859004186909756,0.014749402862185243,0.12474098334701575,0.17795019570535206,42.5,1,1,1,1.4031330617192017,92.52875,0.16666666666666666,0.7144772117962466,86,4.3,8.7,105.78731666666665,157.68200000000002,196.377,6,27522,https://osu.ppy.sh/b/2060893
1958644,"Nakagawa Kanon (CV: Touyama Nao), Suirenji Ruka (CV: Yamazaki Haruka)",Ringo Ribbon,Lami's Insane,NM,4.8146,0.8383188282905785,0.8383188282905785,0.7101449275362319,supported,corroborated,0.0,0.0,0.07105629083935754,0.011940818021575176,-0.27498241445714056,0.1520520877337713,54.0,2,4,8,-0.2287909013434884,97.18440000000001,0.5714285714285714,0.9904030710172744,94,3.8,8.5,171.91346326530612,363.72299999999996,433.449,49,199737,https://osu.ppy.sh/b/1958644
5103618,Yiruma,River Flows in You (wiwit Arrangement),Dreaming,NM,5.05016,0.8379039746358551,0.8379039746358551,0.375,explore,corroborated,0.0,0.0,0.004458232877734795,0.06629378719295585,0.5020746793702876,0.22212506544129573,23.5,2,5,8,0.8614719781667337,96.0838,0.16666666666666666,0.551923076923077,44,4.0,8.3,190.31869166666664,393.4486,399.702,12,15813,https://osu.ppy.sh/b/5103618
3829736,YOASOBI,Shukufuku (TV Size),Happiness,NM,4.82955,0.8344225308325295,0.8688638141921067,0.47368421052631576,explore,formula_only,0.11480427786525738,0.03444128335957721,0.09193298847387671,-0.0025125462360959545,0.048973911672741524,0.17565854651759383,53.5,1,3,5,-0.08106372973906531,96.5181,0.5555555555555556,0.9947916666666667,87,4.0,8.5,110.0936611111111,153.32420000000002,159.255,18,29798,https://osu.ppy.sh/b/3829736
2243773,MYTH & ROID,TIT FOR TAT (TV Size),Ready Perfectly,NM,5.18299,0.8336048110770837,0.8336048110770837,0.5918367346938775,supported,corroborated,0.0,0.0,0.04111664499710078,0.0359908212032093,-0.2555001550622113,0.20078843053770862,40.0,3,4,10,0.3774381168976102,96.2099,0.3793103448275862,0.7425742574257426,89,4.2,9.0,158.79240689655174,384.9486,472.923,29,102042,https://osu.ppy.sh/b/2243773
1564191,Sati Akura,Hitorigoto,ailv's Extra,NM,5.39075,0.8252438823536836,0.8252438823536836,0.6491228070175439,supported,corroborated,0.0,0.0,0.08227524990842758,0.001667519495613612,-0.014678554099381898,0.1938162512200644,49.0,4,8,13,1.314903455767396,92.19619999999999,0.2702702702702703,0.68,82,4.5,8.8,194.07292972972974,468.6108,504.166,37,120906,https://osu.ppy.sh/b/1564191
1630904,POSHLAYA MOLLY,SHKOLA NE NUZHNA,Last Lesson of Your Life,NM,5.34009,0.8165485546466702,0.8165485546466702,0.5918367346938775,supported,corroborated,0.0,0.0,0.07670613253252499,0.005476639817885054,-0.3105075676524203,0.16642581879721713,49.0,2,4,7,0.041733383655805305,96.1814,0.4827586206896552,0.9655172413793104,93,3.8,8.8,214.58658965517242,490.78279999999995,583.039,29,201888,https://osu.ppy.sh/b/1630904
937647,Silent Siren,Cherry Bomb,Expert,NM,5.07771,0.8154247042988843,0.8154247042988843,0.8290598290598291,high_conf,corroborated,0.0,0.0,0.05902159568691073,0.01982345063090079,-0.3078289373764037,0.16009751520038118,61.0,4,12,23,-0.5552648701142925,98.5558,0.5876288659793815,0.9965397923875432,98,4.2,8.2,164.77338144329897,248.66140000000013,398.578,97,282974,https://osu.ppy.sh/b/937647
3703131,Tephe,Neppa feat. Butter,Kuki's Expert,NM,5.10701,0.8151760977890016,0.8151760977890016,0.3939393939393939,explore,corroborated,0.0,0.0,0.0692715531800547,0.01143155305294304,0.3816116327104319,0.16685717020235974,46.0,1,2,3,-0.2700658642658941,96.9136,0.6153846153846154,0.9932432432432432,70,4.0,8.6,137.6190076923077,184.15200000000002,191.647,13,29586,https://osu.ppy.sh/b/3703131
2036365,Yusuke,V (TV Size),Extra,NM,5.23407,0.8099739299895042,0.8099739299895042,0.8952879581151832,high_conf,corroborated,0.0,0.0,0.04546810980659871,0.030428855864201916,0.7551341152800114,0.17067118289723726,50.0,14,28,50,-0.49669912786065534,98.4221,0.5906432748538012,0.9798792756539235,85,3.8,8.8,235.77978011695907,475.267,541.194,171,167544,https://osu.ppy.sh/b/2036365
4769756,MIMI,Ai no Sukima (Cut Ver.),Stardust,NM,5.3664,0.8081352871920795,0.9061209293665825,0.3333333333333333,explore,formula_only,0.3266188072483434,0.09798564217450302,0.10072262820015578,-0.006524413960091851,0.5179813062559909,0.15444309876197274,49.5,0,2,2,0.7402975848508653,95.75165000000001,0.2,0.7546916890080428,65,3.8,9.0,171.40662,226.21409999999995,373.356,10,15794,https://osu.ppy.sh/b/4769756
1262433,RADWIMPS,Yume Tourou,Extra: Mitsuha,NM,5.10116,0.8069478071480389,0.8069478071480389,0.9514563106796117,high_conf,corroborated,0.0,0.0,0.06002707940220131,0.018281895406555584,0.6075474355760302,0.16633808540398992,53.0,27,54,106,-0.06740764722961334,97.12039999999999,0.49744897959183676,0.8538732394366197,101,4.0,8.7,220.344118877551,459.23960000000005,532.415,392,425988,https://osu.ppy.sh/b/1262433
1193499,TrySail & TRUE,High Free Spirits vs. DREAM SOLISTER,Linatarks' Extra,NM,5.33295,0.8062343251949711,0.8062343251949711,0.5,supported,corroborated,0.0,0.0,0.04951058073950504,0.02680970398543938,-0.17104097530595846,0.1599016019339922,55.5,1,2,7,-0.052912353539740616,97.63974999999999,0.45,0.7862969004893964,110,3.3,8.5,226.060775,530.8192,566.679,20,53278,https://osu.ppy.sh/b/1193499
1972662,supercell,Hero,Fixxis' Insane,NM,4.83078,0.8042466464151183,0.8042466464151183,0.7590361445783133,supported,corroborated,0.0,0.0,0.0420255403320536,0.03275354201919997,-0.286159614415277,0.1674590762721603,50.0,4,12,18,-0.3297096279534441,96.8575,0.6666666666666666,0.9977678571428571,79,3.5,8.5,196.83280793650792,382.0694,444.13,63,222588,https://osu.ppy.sh/b/1972662
50719,Groove Coverage,21st Century Digital Girl Remix (Nightcore Ver.),Insane,NM,5.1514,0.8004526537051752,0.8004526537051752,0.23076923076923078,explore,corroborated,0.0,0.0,0.04073144212966213,0.03348795099669193,-0.04553458998614304,0.18743108102521946,64.5,1,1,1,-0.9503655578205077,99.22630000000001,0.8333333333333334,1.0,119,5.0,8.0,159.31238333333332,198.0035,202.185,6,46410,https://osu.ppy.sh/b/50719
4681780,Nanakura Rin (CV: Hayami Saori) & Kitahama Eiji (CV: Okamoto Nobuhiko),Blouse,Castie's Expert,NM,4.93809,0.7992725008561841,0.7992725008561841,0.2857142857142857,explore,corroborated,0.0,0.0,0.05968211136903636,0.01791132886248618,0.1879366605982452,0.13269808660296056,59.0,0,0,1,0.27161880178769826,96.7181,0.375,0.7543478260869565,87,3.8,8.5,236.67705,404.2549,442.925,8,16268,https://osu.ppy.sh/b/4681780
1765284,3 Nen E Gumi Utatan (Nagisa & Kayano & Karuma & Isogai & Maehara),Jiriki Hongan Revolution (TV Size),TARGET ON!!!,NM,5.22916,0.7979612945742844,0.7979612945742844,0.6721311475409836,supported,corroborated,0.0,0.0,0.01868105251552344,0.05128397752552359,0.47444347414845955,0.19395438815830057,47.0,4,11,17,0.4426690303365053,96.52579999999999,0.3170731707317073,0.7451737451737451,88,4.0,8.5,123.74971463414634,163.235,181.016,41,72045,https://osu.ppy.sh/b/1765284
4884741,supercell,Kimi no Shiranai Monogatari (TV Size),Ethereal,NM,5.01863,0.7976771030689537,0.7976771030689537,0.5,supported,corroborated,0.0,0.0,0.03854005482803876,0.03504169630652723,0.8825286327243312,0.19680661127692983,50.0,2,5,5,1.541697493116915,90.9028,0.2,0.7430555555555556,73,4.2,9.1,137.388875,278.33380000000005,396.874,20,17725,https://osu.ppy.sh/b/4884741
3121664,Liella!,START!! True dreams (TV Size),Superstar!!,NM,5.35352,0.7970928722521309,0.7970928722521309,0.4117647058823529,explore,corroborated,0.0,0.0,0.05076617847902134,0.025007412099838564,0.03861755327091155,0.19562446134564457,41.5,1,2,5,-0.40097251982841375,97.1949,0.6428571428571429,0.9981024667931688,88,4.0,8.7,180.81902857142856,206.175,542.436,14,36706,https://osu.ppy.sh/b/3121664
3211577,Silent Siren,Hachigatsu no Yoru (Cut Ver.),The World With You,NM,5.37356,0.7938577956560481,0.7938577956560481,0.7368421052631579,supported,corroborated,0.0,0.0,0.06240737179931847,0.01522553598557522,0.335751710410283,0.16268265244418242,52.0,3,9,17,-0.4451302861629655,97.9213,0.5892857142857143,0.9942148760330578,100,3.8,9.0,247.56168928571427,516.0615,599.202,56,68849,https://osu.ppy.sh/b/3211577
2645668,Yuki Setsuna (CV: Kusunoki Tomori),CHASE! (Cut Ver.),Scarlet,NM,5.26317,0.7887390463426553,0.7887390463426553,0.5121951219512195,supported,corroborated,0.0,0.0,0.05753571992824563,0.01876901862333053,0.46404131944832433,0.16469702649801463,41.0,2,3,7,0.73001460479302,94.80330000000001,0.38095238095238093,0.6847290640394089,115,4.0,8.5,121.00982857142857,175.461,198.712,21,53911,https://osu.ppy.sh/b/2645668
662046,Rameses B,Utopia (ft. Holly Drummond),deetz' Paradise,NM,4.95451,0.7871433755269259,0.7871433755269259,0.4117647058823529,explore,corroborated,0.0,0.0,0.06383534615643843,0.013488732858164956,0.12101795539868719,0.1413075405017258,54.5,0,0,1,-0.6386807910043039,97.63155,0.7142857142857143,0.9990253411306043,92,4.0,8.5,211.67000000000002,454.0425,494.154,14,50506,https://osu.ppy.sh/b/662046
3098623,CHiCO with HoneyWorks,Gamushara (TV Size),Suou's Insane,NM,4.83991,0.7826584273340118,0.7826584273340118,0.23076923076923078,explore,realized_only,0.0,0.0,-0.00040416991185063256,0.06556966728122887,-0.09787911031401894,0.18769142086309618,50.0,1,2,2,-0.40471834553764374,97.89994999999999,0.6666666666666666,0.9953789279112755,83,4.0,8.0,152.49566666666666,238.7735,324.618,6,63947,https://osu.ppy.sh/b/3098623
2112907,Mrs. GREEN APPLE,Inferno (TV Size),SMOKELIND's Extra,NM,5.21876,0.7817815964054082,0.7817815964054082,0.6666666666666666,supported,corroborated,0.0,0.0,0.062053145108974056,0.014488518724260317,-0.18131670763523483,0.1594894397906335,62.0,2,3,6,0.11271970040834584,95.75215,0.525,0.9846153846153847,79,3.8,9.2,139.42935500000002,189.2768,421.218,40,119754,https://osu.ppy.sh/b/2112907
110094,Suzaku,CONTRACT,Another,NM,5.17234,0.7752082234065225,0.7752082234065225,0.3548387096774194,explore,corroborated,0.0,0.0,0.02736277233840481,0.04226025058522744,0.03597968669542015,0.2907060944211764,41.0,3,3,3,-0.10301370665203091,97.785,0.8181818181818182,1.0,95,4.0,8.0,284.0507272727273,477.858,626.195,11,32322,https://osu.ppy.sh/b/110094
3227818,Sawai Miku,Colorful. (Asterisk DnB Remix) (Cut Ver.),Ascens' Expert,NM,5.01058,0.7743316778018976,0.7743316778018976,0.23076923076923078,explore,corroborated,0.0,0.0,0.04226938976446553,0.030012061533380006,0.25153630885871053,0.1502014272858935,41.5,0,0,1,0.4903310771122648,96.84685,0.3333333333333333,0.6752988047808766,95,4.5,8.5,115.19926666666667,132.36950000000002,148.435,6,12736,https://osu.ppy.sh/b/3227818
2129145,Nashimoto Ui,AaAaAaAAaAaAAa,Reform's ExPeRT,NM,5.08765,0.770130639888825,0.770130639888825,0.9573560767590619,high_conf,corroborated,0.0,0.0,0.049687835830571646,0.023596657733690428,0.8433296126501887,0.17408265633202383,50.0,32,79,130,-0.011665831857245623,97.9112,0.44543429844098,0.7855946398659966,104,4.0,9.0,169.17440356347439,345.21959999999996,507.748,449,843435,https://osu.ppy.sh/b/2129145
4979258,ILLENIUM,Eyes Wide Shut (with Avril Lavigne & Travis Barker) (Cut Ver.),Misery '25,NM,5.19813,0.7639897932018835,0.7639897932018835,0.42857142857142855,explore,corroborated,0.0,0.0,0.05351762523182997,0.01994712451598215,0.6874404023106468,0.15558808009487252,53.0,0,2,4,0.7066257245246164,95.6229,0.26666666666666666,0.7421383647798742,95,4.0,9.2,157.11161333333334,319.63519999999994,519.533,15,17820,https://osu.ppy.sh/b/4979258
2900347,ONE OK ROCK,The Beginning (Cut Ver.),Kuki's Expert,NM,5.13318,0.763312506008199,0.763312506008199,0.6875,supported,corroborated,0.0,0.0,0.025518736342657382,0.04275524504487874,0.89867087175358,0.20586340403928272,40.0,7,11,15,-0.5825069757549483,98.1803,0.6136363636363636,0.9959677419354839,113,3.8,9.0,301.84057954545455,474.3190000000001,536.092,44,24574,https://osu.ppy.sh/b/2900347
1851299,Will Stetson,Harumachi Clover (Swing Arrangement),Woey's Extra,NM,4.83007,0.7613671405407512,0.7631202646388793,0.9130434782608695,high_conf,formula_only,0.005843746993760223,0.0017531240981280669,0.0780367648621281,-0.00015066747751432165,-0.1612340543501003,0.1620039150542071,54.0,9,24,48,1.1201598192831925,90.8555,0.43333333333333335,0.910958904109589,28,3.8,9.1,124.47807285714286,282.61109999999985,420.886,210,733752,https://osu.ppy.sh/b/1851299
1236582,Momokurotei Ichimon,Nippon Egao Hyakkei,Linada's Egao,NM,5.19327,0.760272153687941,0.7981135742180009,0.8895027624309392,high_conf,formula_only,0.12613806843353317,0.03784142053005995,0.08514369666151511,-0.002980719053315789,0.18785469283471212,0.16817658336338562,60.0,14,29,45,0.6231492944563591,93.964,0.39751552795031053,0.8927038626609443,86,3.8,9.0,173.03100434782607,483.498,544.398,161,591038,https://osu.ppy.sh/b/1236582
690778,supercell,The Bravery (TV Edit),Magi,NM,5.18832,0.7563010264005252,0.7563010264005252,0.939209726443769,high_conf,corroborated,0.0,0.0,0.022694509514912337,0.044465815124899964,-0.008328613001053885,0.18130541345424808,50.0,27,63,99,-0.6011873524625763,97.9742,0.7152103559870551,1.0,88,4.0,8.7,181.92862944983818,245.78539999999998,538.469,309,558583,https://osu.ppy.sh/b/690778
2282064,HERO,"""Tenohira"" (TV Size)",Extra,NM,5.09677,0.7516686068588814,0.7516686068588814,0.7777777777777778,supported,corroborated,0.0,0.0,0.041415851340552486,0.028783083911958156,0.3739431074592172,0.18283644743291338,62.5,6,17,21,-0.7004179370223802,98.48485,0.7,1.0,86,3.6,8.8,270.9813414285714,480.5204,517.561,70,88407,https://osu.ppy.sh/b/2282064
4251575,Blue Stahli,Shotgun Senorita (Zardonic Remix) (Cut Ver.),Collab Expert,NM,5.23094,0.7496781690027363,0.7496781690027363,0.42857142857142855,explore,corroborated,0.0,0.0,0.047927861774751605,0.023295802185828912,0.5772448570430715,0.16958904093957294,38.0,1,4,4,-0.27977178132413516,97.2406,0.6,0.9954545454545455,77,4.0,8.7,167.59405333333333,211.3388,406.374,15,20398,https://osu.ppy.sh/b/4251575
1925194,Fujiwara Chika (CV: Kohara Konomi),Chikatto Chika Chika (TV Size),Chika,NM,5.35779,0.7492681983173526,0.7492681983173526,0.9742599742599742,high_conf,corroborated,0.0,0.0,0.06516121281423318,0.009187106014087449,0.28776011393966844,0.18812455349352913,49.0,82,168,251,0.7780320943631454,94.5412,0.27080581241743723,0.800982800982801,88,4.0,9.0,196.35068401585207,468.1795999999999,754.187,757,1543230,https://osu.ppy.sh/b/1925194
1093374,Tristam & Braken,Frame of Mind,Imagination,NM,5.30813,0.7484534825323452,0.7484534825323452,0.801980198019802,high_conf,corroborated,0.0,0.0,0.04466871881897186,0.025853345837472883,0.33011251892701937,0.18978448228843464,52.0,10,18,27,-0.28192673059730466,97.0342,0.6049382716049383,0.9946428571428572,99,4.2,8.5,165.12868765432097,217.62,567.863,81,161577,https://osu.ppy.sh/b/1093374
4808165,saradisk,222 - wewewe,Parad0xa's Expert,NM,5.05266,0.7441257398191539,0.7441257398191539,0.48717948717948717,explore,corroborated,0.0,0.0,0.0625933183151645,0.010847178375663447,0.5111890991422657,0.20553839197344717,53.0,3,5,5,0.2799129965350627,96.4413,0.5263157894736842,0.6551724137931034,45,3.0,8.9,187.81696315789475,413.3874,433.001,19,26884,https://osu.ppy.sh/b/4808165
89721,Megpoid GUMI,Chocolate,Insane,NM,5.38503,0.738679334877739,0.738679334877739,0.6153846153846154,supported,corroborated,0.0,0.0,0.045974800765045516,0.023956055472611912,-0.28119154758584114,0.16320603126838074,46.0,3,4,6,-0.23897626337017144,97.2176,0.5625,0.9615384615384615,113,4.0,8.0,193.930296875,289.59200000000004,466.224,32,170043,https://osu.ppy.sh/b/89721
1262434,RADWIMPS,Yume Tourou,Extra: Taki,NM,4.99794,0.7301657093181428,0.7301657093181428,0.9452054794520548,high_conf,corroborated,0.0,0.0,0.06026029206839148,0.011566076885303261,-0.07174688153462148,0.1642079554480288,56.0,16,50,77,-0.40004336554569014,97.6876,0.5826086956521739,0.9911971830985915,101,4.0,8.7,194.7169982608696,430.2844,507.851,345,635339,https://osu.ppy.sh/b/1262434
2532219,Logistics,Let The Senses Clear Your Mind,Naitsirk's Insane,NM,4.88738,0.7279125379701625,0.7279125379701625,0.3103448275862069,explore,corroborated,0.0,0.0,0.013615426472872116,0.04946776509254062,0.2397024587225228,0.1555919631082455,52.0,0,1,2,-0.7563521621343124,98.7109,1.0,1.0,89,3.8,8.0,236.61955555555556,407.54580000000004,443.009,9,25367,https://osu.ppy.sh/b/2532219
2480919,Aoi Eir,Tsuki o Ou Mayonaka (TV Size),Insane,NM,4.92087,0.7274687688843823,0.7274687688843823,0.25925925925925924,explore,corroborated,0.0,0.0,0.013930559451850094,0.04917269346262768,0.4118756253537489,0.264804828374837,15.0,3,4,4,0.793076331607188,95.3156,0.2857142857142857,0.6581532416502947,87,4.0,8.0,125.61114285714284,212.15940000000006,331.59,7,31351,https://osu.ppy.sh/b/2480919
1576449,Horie Yui,Asymmetry (TV Size),Extra,NM,5.16202,0.7265682643112061,0.7265682643112061,0.6363636363636364,supported,corroborated,0.0,0.0,0.06315824050466594,0.00889369665818253,0.12202349644888309,0.15873140840621955,58.0,2,6,8,-0.1593984063410383,96.7526,0.5428571428571428,0.9660297239915074,87,4.0,9.0,188.37906285714286,450.3424,499.041,35,101511,https://osu.ppy.sh/b/1576449
960918,soutaiseiriron,Shikaku Kakumei,FCL's Another,NM,4.83801,0.7239526091255215,0.7239526091255215,0.3103448275862069,explore,corroborated,0.0,0.0,0.051386003603184495,0.018285364174479575,-0.08352640466548139,0.1401724361143201,64.0,0,0,2,-0.3639490626781484,97.551,0.5555555555555556,0.9937106918238994,60,5.5,7.7,137.62356666666668,192.25900000000004,361.551,9,53487,https://osu.ppy.sh/b/960918
1578185,Fujijo Seitokai Shikkou-bu,Best FriendS (GoldenWolf Edit),Fycho's Extra,NM,5.39385,0.7219961118059104,1.0856908465174868,0.47368421052631576,explore,formula_only,1.2123157823719217,0.3636947347115765,0.13375103661703905,-0.018236688148609195,0.007520933210863497,0.14256435651374433,70.0,1,2,3,0.7256412471835666,96.3845,0.16666666666666666,0.6709129511677282,86,4.2,9.1,201.22437777777776,480.8097,506.926,18,59976,https://osu.ppy.sh/b/1578185
3359175,Mutsuhiko Izumi,Tengoku to Jigoku,Insane,NM,5.01193,0.7209660158881647,0.7209660158881647,0.5238095238095238,supported,realized_only,0.0,0.0,-0.016986535852567243,0.07386892773519034,0.5153695840991662,0.23002258109659984,27.5,3,7,11,-0.34411560503879285,98.24595000000001,0.5454545454545454,0.8434343434343434,101,3.8,8.0,178.04175454545455,363.3225000000001,448.981,22,39392,https://osu.ppy.sh/b/3359175
3130125,Liella!,START!! True dreams (TV Size),Lami's Extra,NM,5.11669,0.7147080692064705,0.7147080692064705,0.3103448275862069,explore,corroborated,0.0,0.0,0.04878671241694443,0.0196224597844167,0.4776620731855184,0.1644045813842754,47.0,1,1,2,0.7690863356480118,95.2414,0.2222222222222222,0.7390438247011952,88,4.0,8.6,143.31967777777777,198.35740000000004,418.431,9,33620,https://osu.ppy.sh/b/3130125
4776780,Linkin Park,The Emptiness Machine (Cut Ver.),Tylerderp's Expert,NM,5.11156,0.7125260756530556,0.7125260756530556,0.84251968503937,high_conf,corroborated,0.0,0.0,0.026824657136208102,0.037372638434376465,1.2831980036187018,0.20076924170920804,40.0,14,26,38,0.11815603024213353,97.7805,0.32710280373831774,0.8044871794871795,116,3.9,8.6,203.7397214953271,443.9876000000001,541.795,107,71005,https://osu.ppy.sh/b/4776780
1533603,Amidst,Phantasy,VincetLow's Insane,NM,4.89515,0.7111150217744178,0.7111150217744178,0.7297297297297297,supported,corroborated,0.0,0.0,0.05774521968146742,0.012001014046560884,-0.014753001367095476,0.17649134355517718,50.5,6,10,15,0.3743774566904869,96.6309,0.4074074074074074,0.6991434689507494,93,4.0,8.0,112.27582222222223,151.2925,219.447,54,192420,https://osu.ppy.sh/b/1533603
1187492,Yakushi Ruri,"Oniichan, Motto!",Kencho's Extra,NM,5.31476,0.7069106838090726,0.7069106838090726,0.2,explore,corroborated,0.0,0.0,0.03862122710487696,0.027261579635387584,-0.4226983172996568,0.1392129495376643,61.0,0,0,0,-1.0991813546108873,98.7342,0.8,0.9984152139461173,91,4.1,8.3,256.0918,423.8954,575.097,5,47147,https://osu.ppy.sh/b/1187492
2755387,YOASOBI,Kaibutsu (TV Size),Insane,NM,4.80329,0.7064719279043732,0.7064719279043732,0.3333333333333333,explore,corroborated,0.0,0.0,0.019863633869718567,0.04254293986798289,0.055343264028587635,0.2003255627188092,42.5,1,3,4,-0.097673475619614,96.9298,0.5,0.9536637931034482,86,4.0,8.0,143.65325,181.7844999999999,405.871,10,43987,https://osu.ppy.sh/b/2755387
2755127,YOASOBI,Kaibutsu (TV Size),Beast,NM,4.95747,0.7055271879147138,0.7055271879147138,0.9410029498525073,high_conf,corroborated,0.0,0.0,0.041684328993332,0.02464247804736502,0.6184909795641302,0.1890643126462153,45.0,37,68,104,0.4331257396750284,96.4472,0.34796238244514105,0.7249466950959488,86,4.5,8.5,122.12616927899687,167.118,475.365,319,831390,https://osu.ppy.sh/b/2755127
4681478,Shika-bu,Shikairo Days (TV Size),Log Off Now's Expert,NM,5.25971,0.7042594594906885,0.7042594594906885,0.5,supported,corroborated,0.0,0.0,0.06928849646610745,0.0019914141720987783,0.48458103209112396,0.14579375135573586,53.5,0,1,2,0.2390426057259526,97.8202,0.35,0.6453831041257367,84,4.0,9.0,247.367595,475.0568,512.805,20,32067,https://osu.ppy.sh/b/4681478
1938323,Uchida Maaya,youthful beautiful (TV Size),Onlybiscuit's Expert,NM,5.0359,0.7040923707056367,0.7040923707056367,0.3548387096774194,explore,corroborated,0.0,0.0,0.060760924288666134,0.008941373888167464,0.06665571837217756,0.16186422533170866,70.0,1,3,3,-0.5178992179591941,96.9379,0.8181818181818182,0.998046875,89,3.7,8.7,286.42954545454546,444.061,476.977,11,43047,https://osu.ppy.sh/b/1938323
4069594,YABUJIN,DRUGS IN HER ROOM,RKGK NIRVANA,NM,5.13464,0.6997117037880356,0.6997117037880356,0.3103448275862069,explore,corroborated,0.0,0.0,0.03908554895723524,0.02627057611522722,0.43256400785362914,0.15548077879518163,58.0,0,1,2,-0.8415398212164886,97.8723,0.8888888888888888,0.9974093264248705,54,4.0,8.5,201.06366666666665,258.1568000000001,527.972,9,15139,https://osu.ppy.sh/b/4069594
1925407,KISIDA KYODAN & THE AKEBOSI ROCKETS,Shitteru? Madousho wa Donki ni mo Naru no yo,insane?,NM,4.80351,0.6988804321479264,0.6988804321479264,0.4594594594594595,explore,corroborated,0.0,0.0,0.06017067158783412,0.00898047291107609,-0.27492687362306034,0.15986908456398893,61.0,1,2,3,-0.10039947491133464,96.2247,0.5882352941176471,0.9671532846715328,83,3.7,8.4,177.79999411764706,397.78,408.604,17,70515,https://osu.ppy.sh/b/1925407
1400621,TSUNKU,Shugyou no Thema,unko's Insane,NM,4.94863,0.6962077906318985,0.6962077906318985,0.25925925925925924,explore,realized_only,0.0,0.0,-0.01338588696717652,0.06882431874467312,-0.5648780856747507,0.18875827079842297,51.0,1,2,3,-0.8349337229665976,98.48479999999999,1.0,1.0,40,4.0,8.5,151.52028571428573,165.6834,170.586,7,51561,https://osu.ppy.sh/b/1400621
4720965,Jessie J,Domino (Whippa Hardstyle Remix) (Sped Up & Cut Ver.),Expert,NM,4.82574,0.6953877118289566,0.7101120522629002,0.5348837209302325,supported,formula_only,0.049081134779811963,0.014724340433943588,0.07397071934782169,-0.001335002633482997,0.6568779992010617,0.14737331899678444,65.0,1,3,4,0.8888854214715504,95.4645,0.21739130434782608,0.6345679012345679,80,3.8,8.0,110.62692173913042,140.1622,385.337,23,56464,https://osu.ppy.sh/b/4720965
4527341,SpellingPhailer,Science Blaster (Cut Ver.),Nilou's Another,NM,4.95808,0.690003987232706,0.690003987232706,0.25925925925925924,explore,corroborated,0.0,0.0,0.03905334385018742,0.025471862070946857,0.21752263767869826,0.1940620227673202,33.0,0,3,3,-0.41668997999403345,98.1859,0.5714285714285714,0.9888268156424581,32,4.0,8.8,164.05938571428572,278.2394000000001,456.638,7,20128,https://osu.ppy.sh/b/4527341
473218,StylipS,Junsui na Fujunbutsu (TV-size),Fycho's Insane,NM,5.02025,0.6884461527927414,0.6884461527927414,0.7142857142857143,supported,realized_only,0.0,0.0,-0.007697733246476083,0.06351938289987334,0.011146058990468794,0.22555970548849671,50.0,8,13,15,-0.6440228190558202,98.1595,0.7,0.9953379953379954,79,4.0,8.0,234.69949400000002,456.525,494.955,50,84883,https://osu.ppy.sh/b/473218
951304,Ogura Yui,Baby Sweet Berry Love,Rumi's Extra,NM,4.97682,0.6846369924021161,0.7125789843583603,0.5,supported,formula_only,0.09313997318748087,0.02794199195624426,0.07562693214250864,-0.0024779183655357796,-0.2502045478438499,0.13850212510432208,69.0,0,1,3,-0.38697392268208547,97.56045,0.55,0.9920634920634921,88,4.0,8.5,194.952385,443.0077,463.77,20,63345,https://osu.ppy.sh/b/951304
1857648,Nanamori-chu * Goraku-bu,Acchu~ma Seishun! (TV Size),Irohas' Insane,NM,5.10675,0.6831900368912552,0.6831900368912552,0.375,explore,corroborated,0.0,0.0,0.059686473321630414,0.00804244461326834,0.2631305681878231,0.19754079531386917,44.0,1,2,3,0.15192366502112872,96.74685,0.4166666666666667,0.8607350096711799,89,4.2,8.8,158.53233333333333,167.2942,418.599,12,41526,https://osu.ppy.sh/b/1857648
4582640,DECO*27,Rabbit Hole feat. Hatsune Miku (Cut Ver.),Insane,NM,4.84205,0.6774324109135272,0.6774324109135272,0.5454545454545454,supported,corroborated,0.0,0.0,0.03941182820754254,0.024110699619382205,0.6039953545362095,0.17934812273069997,56.0,2,5,8,1.5363285233618151,92.3516,0.20833333333333334,0.5513126491646778,60,3.6,8.0,95.8596875,135.1292,205.825,24,76234,https://osu.ppy.sh/b/4582640
2607032,24kGoldn,Mood (feat. iann dior),Personality,NM,5.12219,0.6768025808892082,0.6768025808892082,0.7014925373134329,supported,corroborated,0.0,0.0,0.0282137336908702,0.03320225208312511,0.38057899801342543,0.21051437234918008,63.0,8,12,16,0.30266736319753057,96.9499,0.3617021276595745,0.7484756097560976,118,4.4,8.8,140.77327021276596,198.22619999999995,521.991,47,86736,https://osu.ppy.sh/b/2607032
381251,Drop,Granat,Insane,NM,5.20638,0.6761139823958555,0.6761139823958555,0.8709677419354839,high_conf,corroborated,0.0,0.0,0.040436631055701396,0.023161732932310664,-0.6240426634724262,0.20449397829937593,43.0,18,32,50,-0.007827292713267472,96.6841,0.5037037037037037,0.9493670886075949,42,4.0,8.0,170.20572518518517,364.84100000000024,519.344,135,421529,https://osu.ppy.sh/b/381251
4097136,YOASOBI,Idol (TV Size),!,NM,4.93189,0.6750505036241996,0.6750505036241996,0.23076923076923078,explore,corroborated,0.0,0.0,0.02199704919841876,0.038130292409739204,0.11044477047977476,0.16870147220156137,38.0,0,1,2,1.253426345300689,92.78455,0.3333333333333333,0.5966796875,86,4.0,9.0,85.36213333333335,114.196,120.048,6,70471,https://osu.ppy.sh/b/4097136
1177398,A.SAKA,Nanatsu Issenzakura,Atrue's Insane,NM,5.24425,0.6738875481932618,0.6738875481932618,0.4117647058823529,explore,realized_only,0.0,0.0,-0.02497878803672931,0.07639492569186565,0.03662372521451441,0.26995533349743295,21.5,2,6,8,-0.04742808675471846,98.2527,0.2857142857142857,0.7366071428571429,102,4.0,7.0,229.43494285714286,493.2704000000001,529.715,14,26073,https://osu.ppy.sh/b/1177398
1267082,(K)NoW_NAME,Freesia,Expert,NM,5.20696,0.6727804550977352,0.6727804550977352,0.7619047619047619,supported,corroborated,0.0,0.0,0.005757429628673056,0.05119968134940804,0.003621192934954254,0.1982713698279196,51.5,10,13,17,-0.6167959549742055,98.3835,0.640625,0.9951100244498777,75,4.2,8.2,227.1180984375,475.3211,517.702,64,140436,https://osu.ppy.sh/b/1267082
2616983,Wakeshima Kanon,killy killy JOKER (TV Size),schoolboy's Expert,NM,5.09489,0.6667941769919139,0.6667941769919139,0.3548387096774194,explore,corroborated,0.0,0.0,0.04198520383366895,0.021105021560437087,0.19519043153063953,0.1711856604659883,47.0,2,2,3,0.25676675109079095,94.7243,0.5454545454545454,0.919908466819222,83,3.8,8.6,159.04623636363635,324.797,348.724,11,47872,https://osu.ppy.sh/b/2616983
5273185,Iggy Azalea feat. Rita Ora,Black Widow (Whippa Hardstyle Remix) (Sped Up & Cut Ver.),Laurier's Extra,NM,5.38781,0.6663181133359508,0.6663181133359508,0.25925925925925924,explore,realized_only,0.0,0.0,-0.0005649557387434855,0.05581373974708003,0.764789084975859,0.19346781364819382,35.0,0,3,3,0.22714302361871075,97.7221,0.42857142857142855,0.6432748538011696,43,4.2,8.5,161.7655714285714,189.794,201.896,7,10346,https://osu.ppy.sh/b/5273185
4701529,shikiura sougo,Laundry,Pieseu's Extra,NM,5.38397,0.6641079228163591,0.6641079228163591,0.375,explore,corroborated,0.0,0.0,0.011744109311386657,0.04557353736001491,2.9738123831571576e-05,0.23164351624334423,40.0,2,4,4,-0.49054186090531166,97.49439999999998,0.75,0.9955555555555555,30,3.8,8.7,151.7235,191.9062,212.288,12,24617,https://osu.ppy.sh/b/4701529
1797542,Will Stetson,Harumachi Clover (Swing Arrangement),A r M i N's Extra,NM,5.08073,0.6638686079396616,0.6638686079396616,0.927536231884058,high_conf,corroborated,0.0,0.0,0.05341977191623402,0.011518192448164327,-0.14886773881856058,0.1707818125238068,53.0,16,39,62,0.868344952123451,92.0765,0.4609375,0.918918918918919,28,3.5,9.0,165.877276171875,392.663,479.468,256,597429,https://osu.ppy.sh/b/1797542
549766,Kato*Fuku,You Gotta Love Me!,Skystar's Insane,NM,5.32471,0.6634263617175646,0.6634263617175646,0.23076923076923078,explore,corroborated,0.0,0.0,0.003427569637810236,0.05230743179324733,-0.20939206340758348,0.1884737804889298,33.5,0,3,3,-0.7591737643659492,97.5669,0.8333333333333334,0.9990494296577948,87,4.0,8.0,312.0978333333333,552.4325,558.674,6,27269,https://osu.ppy.sh/b/549766
1264367,ClariS,Hitorigoto -TV MIX-,Firis' Insane,NM,4.92846,0.6599028352455396,0.6599028352455396,0.8130841121495327,high_conf,corroborated,0.0,0.0,0.04760163793278001,0.015932619053951293,-0.07750760245477332,0.17590855290616741,55.0,8,18,23,0.21253064725224594,96.23660000000001,0.45977011494252873,0.7990762124711316,88,4.3,8.5,186.60497011494255,413.7434,473.545,87,209270,https://osu.ppy.sh/b/1264367
4865657,Turbo,PADORU / PADORU,edbones' Extra,NM,5.09992,0.659793635297211,0.7485466127931443,0.2,explore,formula_only,0.2958432583197774,0.08875297749593322,0.08491873882906144,-0.00700947531545828,0.1520771500343457,0.1447557301714755,79.0,0,1,1,1.6006525318838911,90.74069999999999,0.4,0.4943820224719101,30,4.0,8.6,108.96132,148.381,164.413,5,13415,https://osu.ppy.sh/b/4865657
2156420,3L,"Tiny Little Adiantum (deadman's ""Omae Wa Mou"" remix)",Shindeiru,NM,5.16903,0.6586716030067599,0.6586716030067599,0.7101449275362319,supported,corroborated,0.0,0.0,0.02978084664089891,0.03038157804639622,0.6210863161298743,0.18675003298061882,42.0,5,10,16,0.34744735193650594,96.5686,0.3673469387755102,0.6949152542372882,90,4.0,8.0,149.58037551020408,182.8418,476.718,49,128034,https://osu.ppy.sh/b/2156420
2612423,Paramore,Still Into You (Sped Up & Cut Ver.),Elayue's Insane,NM,5.01436,0.6583421784509538,0.6583421784509538,0.5121951219512195,supported,corroborated,0.0,0.0,0.037163142722107675,0.024324727487687867,0.44940636876287066,0.15723565540256929,40.0,0,2,6,0.8346335560197058,94.6399,0.3333333333333333,0.6776556776556777,92,3.8,8.0,99.53107619047618,127.154,173.06,21,90431,https://osu.ppy.sh/b/2612423
5017816,Tia,The Glory Days (TV Size),Sotarks' Rainbow Expert,NM,5.31617,0.6580223264792904,0.6580223264792904,0.4594594594594595,explore,corroborated,0.0,0.0,0.010392946412853916,0.04615979601501294,0.6127745160793018,0.2156585227772051,31.0,3,6,8,0.34133036091891744,97.5622,0.29411764705882354,0.6569037656903766,83,4.1,8.5,169.79613529411765,273.01040000000006,551.062,17,15016,https://osu.ppy.sh/b/5017816
3063871,Suzuki Aina,Hikariiro no Uta (TV Size),Kirishima-'s Insane,NM,4.84675,0.6566281967438519,0.6566281967438519,0.25925925925925924,explore,corroborated,0.0,0.0,0.02407839642167313,0.03486490310725678,0.03126462875951067,0.1478296988686046,68.0,0,1,2,-0.6319497462075072,97.993,0.7142857142857143,0.9982698961937716,84,3.5,8.0,233.52489999999997,406.3128,418.164,7,16627,https://osu.ppy.sh/b/3063871
673484,nameless,3331,Insane,NM,4.81332,0.655672998049693,0.655672998049693,0.4594594594594595,explore,corroborated,0.0,0.0,0.026658877150217607,0.032676339804649734,-0.24814386702224678,0.17551419282485947,38.0,1,1,7,0.16983374189684453,97.2569,0.47058823529411764,0.67003367003367,91,4.0,8.0,111.58304705882352,158.54080000000002,213.892,17,150696,https://osu.ppy.sh/b/673484
1836310,Nanamori-chu * Goraku-bu,Yuriyurarararayuruyuri Daijiken (TV Size),Onlybiscuit's Extra,NM,5.37671,0.6538718777297845,0.6711237849331205,0.25925925925925924,explore,formula_only,0.05750635734445324,0.01725190720333597,0.07029422226101234,-0.001645976376314244,0.023992034029317554,0.1317757586927859,64.0,0,0,1,-0.010835291143104178,95.7143,0.5714285714285714,0.9978813559322034,87,4.0,9.2,198.59254285714286,301.67320000000007,397.393,7,21177,https://osu.ppy.sh/b/1836310
1091249,RADWIMPS,Zen Zen Zense (movie ver.),Extra: Taki,NM,5.32379,0.6526643850609462,0.6526643850609462,0.9809523809523809,high_conf,corroborated,0.0,0.0,0.03051038657158836,0.029275262964450884,0.2985088577024974,0.18926759563112036,47.0,110,233,331,0.055530620599739004,97.0858,0.5,0.792022792022792,106,4.0,8.7,155.76316737864076,211.555,758.009,1030,1756443,https://osu.ppy.sh/b/1091249
1842579,Ayase Rie,Hijitsuzaikei Joshitachi wa Dou Surya Ii Desu ka?,Mitsuna's Another,NM,5.20591,0.6498174325704621,0.6498174325704621,0.2857142857142857,explore,corroborated,0.0,0.0,0.027319197031142023,0.03163944248945677,0.19932606797558106,0.1696635494453798,47.5,1,2,2,-0.5862162831421239,98.07265,0.75,0.9929356357927785,78,3.8,8.0,209.030625,284.87069999999994,458.463,8,50301,https://osu.ppy.sh/b/1842579
1270113,HO-KAGO TEA TIME,Gohan wa Okazu,A r M i N's Extra!!,NM,5.2234,0.646903639068271,0.646903639068271,0.5348837209302325,supported,realized_only,0.0,0.0,-0.0144683900286603,0.06551822367946028,0.05747669094498347,0.1807068289647284,39.0,3,4,7,-0.7039913125252841,98.0025,0.782608695652174,0.995085995085995,61,3.0,8.6,176.42059565217392,237.63420000000002,551.603,23,62919,https://osu.ppy.sh/b/1270113
1262832,ClariS,Hitorigoto -TV MIX-,Soliloquy,NM,4.95234,0.6461146835358732,0.6461146835358732,0.9794238683127572,high_conf,corroborated,0.0,0.0,0.03791041866139551,0.02267529492775129,0.08995288262536497,0.17559240463008455,49.0,69,179,283,0.018269770494632805,97.0588,0.4684873949579832,0.8319327731092437,86,4.0,8.5,211.98844747899162,433.7073,535.529,952,2293162,https://osu.ppy.sh/b/1262832
2623340,Mitsuki Kotono,Fuyu ni Saku Hana,Nostalgia,NM,5.30099,0.6453892634325384,0.6453892634325384,0.3548387096774194,explore,corroborated,0.0,0.0,0.047486381477814914,0.014793302205895004,0.16802017850139003,0.14329051343184018,58.0,0,0,3,-0.7154145428283617,97.54899999999999,0.8181818181818182,1.0,99,3.8,8.8,289.02914545454547,522.527,534.598,11,19498,https://osu.ppy.sh/b/2623340
1530025,Amidst,Phantasy,NYA?!,NM,5.11213,0.6397369892506946,0.6397369892506946,0.6551724137931034,supported,corroborated,0.0,0.0,0.06142060279467467,0.0029333663873389367,-0.23071623374441166,0.16288268337542344,60.0,3,9,12,0.7710371234454658,95.5791,0.3157894736842105,0.5917721518987342,93,4.2,8.3,116.48979473684211,173.9559,184.056,38,209214,https://osu.ppy.sh/b/1530025
4545363,SpellingPhailer,Science Blaster (Cut Ver.),Akitoshi's Expert,NM,5.23922,0.6365725821337525,0.6365725821337525,0.5238095238095238,supported,corroborated,0.0,0.0,0.023285741814055932,0.03380779975958936,0.3683135217051854,0.17297233248309268,51.5,1,6,6,-0.11559814315745645,96.0145,0.6818181818181818,0.9945945945945946,31,4.2,8.9,171.62737727272727,345.7396000000004,421.854,22,23684,https://osu.ppy.sh/b/4545363
2479219,Aoi Eir,INNOCENCE (TV Size),EXPERT,NM,5.30411,0.6350548847036199,0.6350548847036199,0.574468085106383,supported,corroborated,0.0,0.0,0.04144964958414441,0.018845010884795527,0.03909070499276959,0.1726388428448447,64.0,2,5,8,-0.12564578690971662,96.5318,0.5555555555555556,0.9958762886597938,84,3.5,8.7,208.44594074074072,438.93960000000004,525.925,27,43083,https://osu.ppy.sh/b/2479219
626245,Anba,Attakain Dakara,Insane,NM,4.86473,0.6347422198269378,0.6347422198269378,0.7183098591549296,supported,realized_only,0.0,0.0,-0.003602787594289579,0.05561113522902687,0.040996613624469366,0.17250685114105016,49.0,3,9,13,-0.7811192035849595,98.274,0.803921568627451,1.0,74,4.0,8.0,232.93454705882354,429.244,455.493,51,89811,https://osu.ppy.sh/b/626245
1400686,Reol,MONSTER,EXPERT,NM,4.97349,0.6344497854287496,0.6344497854287496,0.939209726443769,high_conf,corroborated,0.0,0.0,0.03884217932722622,0.020923012913221704,0.09520005197844693,0.17820038671957453,53.0,28,56,91,-0.2878543242685163,97.036,0.5825242718446602,0.9960159362549801,96,3.0,8.7,227.18386569579286,418.21019999999993,485.763,309,621225,https://osu.ppy.sh/b/1400686
1968986,Sound Souler,Aqua Stars,Insane,NM,4.85504,0.6326490844813446,0.6326490844813446,0.23076923076923078,explore,corroborated,0.0,0.0,0.028762142694285606,0.029001980925076498,0.1556815587789817,0.1598524820189526,49.0,0,1,1,-0.4750835315291624,98.74685,0.5,0.9637561779242174,110,4.0,8.0,202.46868333333336,370.38300000000004,406.069,6,30951,https://osu.ppy.sh/b/1968986
1092090,RADWIMPS,Zen Zen Zense (movie ver.),Extra: Mitsuha,NM,5.27739,0.6318665955098228,0.6318665955098228,0.9752168525402726,high_conf,corroborated,0.0,0.0,0.03436774639496053,0.02435758689767092,0.15632673973960393,0.18372820151332275,49.0,81,148,227,-0.10984601596324778,97.4138,0.5362134688691232,0.8376068376068376,106,4.0,8.7,158.13933926302414,209.364,800.546,787,1329741,https://osu.ppy.sh/b/1092090
979155,Komiya Mao,(can you) understand me?,uhh?,NM,5.00932,0.6304693943194192,0.6304693943194192,0.98193315266486,high_conf,corroborated,0.0,0.0,0.0192985113709212,0.036545344436234604,0.2874150288686827,0.18536034124562237,46.0,107,232,360,-0.45925193701361716,98.6066,0.5243790248390064,0.9886104783599089,84,4.2,8.2,189.1482498620055,391.4142,469.882,1087,1982931,https://osu.ppy.sh/b/979155
1266406,yanaginagi,Zoetrope,Linada's Expert,NM,5.29837,0.6301511625370865,0.6301511625370865,0.3333333333333333,explore,corroborated,0.0,0.0,0.03695719565028632,0.022097090461043037,-0.2608555951850518,0.17091064316462914,57.0,1,2,2,-0.3475168185767968,97.3232,0.6,0.9988344988344988,88,3.6,8.7,148.18528,189.166,189.166,10,61583,https://osu.ppy.sh/b/1266406
2095869,Iguchi Yuka,HELLO to DREAM (TV Size),Dreamlike Paradise,NM,4.94266,0.6293328628880483,0.7092274555484619,0.23076923076923078,explore,formula_only,0.2663153088680451,0.07989459266041353,0.08040417613521987,-0.006664152014881684,0.03265214907239068,0.13849743326517402,79.5,0,1,1,1.504620003752622,90.81265,0.3333333333333333,0.6898876404494382,85,4.0,8.6,84.29695,125.27449999999999,125.996,6,41661,https://osu.ppy.sh/b/2095869
2217569,3 Nen E Gumi Utatan,Jiriki Hongan Revolution (TV Size),Target On!,NM,5.22783,0.6266286925038366,0.6266286925038366,0.4117647058823529,explore,corroborated,0.0,0.0,0.010963480089973355,0.04302585925856821,0.046714913756714736,0.19448636057846544,42.0,1,4,5,-0.36324559464366835,98.3108,0.5,0.905587668593449,89,4.0,8.5,216.2062142857143,441.1365,495.359,14,34803,https://osu.ppy.sh/b/2217569
1484989,I SEE MONSTAS,Holdin On (Skrillex and Nero Remix),Expert,NM,5.01655,0.6248741381624955,0.6248741381624955,0.9,high_conf,corroborated,0.0,0.0,0.05526287446142592,0.006699034160877209,0.253562471020449,0.17208987790905242,53.0,11,29,46,0.6082440353785072,96.2567,0.3277777777777778,0.6196013289036545,102,3.5,8.7,160.55907222222223,375.3134,511.759,180,400086,https://osu.ppy.sh/b/1484989
1294950,YAMAZARU,KAZE,Bijuu,NM,4.92267,0.6209764810197348,0.6209764810197348,0.8924731182795699,high_conf,corroborated,0.0,0.0,0.02531641694952732,0.030823978925758735,0.1137981964034606,0.1840868035099509,48.0,17,33,50,-0.4735197674506015,98.0912,0.5481927710843374,0.9977426636568849,85,4.0,8.0,266.2150162650602,439.8695,542.327,166,259678,https://osu.ppy.sh/b/1294950
1989330,Mimori Suzuko,Egao no Kimi e (TV Size),Shizuku's Insane,NM,4.85728,0.6202151507751419,0.6202151507751419,0.7590361445783133,supported,corroborated,0.0,0.0,0.027323337421793603,0.029120297544122424,-0.2605016754921904,0.17026518375057595,49.0,7,10,16,-0.3389451863123734,96.80290000000001,0.6507936507936508,0.9954441913439636,87,3.5,8.3,223.50696507936507,392.1594,434.742,63,148725,https://osu.ppy.sh/b/1989330
1313431,Tapimiru,Hakkensha wa Watashi (Anime Size),Kencho's Grimoire,NM,5.30547,0.6199061652281803,0.6199061652281803,0.8387096774193549,high_conf,corroborated,0.0,0.0,0.05426471984935694,0.007091985456227664,-0.5288482583761529,0.15582873036306652,58.0,4,12,20,-0.49156010001983674,97.67439999999999,0.6442307692307693,0.9980657640232108,88,4.1,8.6,313.18397596153847,534.2445,742.3,104,170595,https://osu.ppy.sh/b/1313431
1561819,ASIAN KUNG-FU GENERATION,Blood Circulator,A r M i N's Extra,NM,5.3621,0.6185380842553216,0.6185380842553216,0.868421052631579,high_conf,realized_only,0.0,0.0,-0.013444477524003259,0.06227137154011963,0.28642274652031485,0.22280602262149124,36.0,25,41,58,-0.26286336017533657,97.88005000000001,0.5075757575757576,0.8828282828282827,89,4.0,8.6,252.45802196969694,513.9605,572.341,132,167184,https://osu.ppy.sh/b/1561819
304602,Lifetheory,Daisy,Blossom,NM,5.06209,0.6164661374171371,0.6164661374171371,0.9019607843137255,high_conf,corroborated,0.0,0.0,0.01713496346937394,0.03712216249404674,-0.47938433379662015,0.19172672916909833,49.0,19,38,51,-0.32395449141094845,97.963,0.5108695652173914,0.9942748091603053,87,4.0,8.0,165.5873125,267.092,503.934,184,712190,https://osu.ppy.sh/b/304602
1982349,KISIDA KYODAN & THE AKEBOSI ROCKETS,night birds,lunatic,HD,4.8084,0.6162801059538665,0.6162801059538665,0.3103448275862069,explore,corroborated,0.0,0.0,0.010942033625201748,0.04216389438666584,0.07178024240030731,0.21853406616879628,43.0,1,4,4,-0.8059707895766093,98.5,0.7777777777777778,1.0,94,3.7,8.2,224.47736666666665,415.8592,462.508,9,34821,https://osu.ppy.sh/b/1982349
2245906,UVERworld,D-TecnoLife (TV Size),diuS' Expert,NM,5.07036,0.6156033060527318,0.6156033060527318,0.4444444444444444,explore,corroborated,0.0,0.0,0.05848305859483466,0.003281340259839164,-0.04124420679075106,0.1579440596586151,56.0,1,2,4,1.4429142206366266,90.13935000000001,0.25,0.919277108433735,78,3.5,9.0,94.45028125,124.11,146.303,16,75897,https://osu.ppy.sh/b/2245906
1582541,LVTHER,Some Kind Of Magic (Feat. MYZICA),Queen Of Hearts,NM,4.86102,0.613840436845504,0.7517033795894609,0.23076923076923078,explore,formula_only,0.4595431424798562,0.13786294274395686,0.08933714966440126,-0.010349552382391184,-0.21274186634581005,0.16921742885377752,76.5,1,1,1,1.1361156277184716,96.1825,0.16666666666666666,0.383054892601432,69,4.3,8.0,86.40613333333333,114.995,126.212,6,74421,https://osu.ppy.sh/b/1582541
2585183,LilDeuceDeuce,EVERYBODY DO THE FLOP (Cut Ver.),Rosiie's Insane,NM,4.83995,0.61132584840588,0.6484722936528202,0.803921568627451,high_conf,formula_only,0.12382148415646754,0.03714644524694026,0.07026315101249529,-0.0035456490958489673,0.3048758736858673,0.14975874958831342,59.0,2,8,15,-0.17882624552427184,97.08695,0.5365853658536586,0.9825242718446602,79,3.5,8.6,211.3805268292683,361.136,455.923,82,163132,https://osu.ppy.sh/b/2585183
4571041,LiSA,Shouted Serenade (TV Size),Reform's Extra,NM,5.20672,0.6099045202048055,0.6099045202048055,0.375,explore,corroborated,0.0,0.0,0.018325709146652804,0.03559208147779788,0.45403627505748495,0.185845520596035,32.0,1,2,6,-0.2320104021739534,96.69355,0.5833333333333334,0.9216101694915254,84,4.0,9.0,192.5771083333333,387.90490000000005,506.173,12,18185,https://osu.ppy.sh/b/4571041
2794244,"Chitanda Eru (CV: Satou Satomi), Ibara Mayaka (CV: Kayano Ai)",Kimi ni Matsuwaru Mystery (TV Size),Secrets,NM,5.18718,0.6091088177107337,0.6868068174823375,0.23076923076923078,explore,formula_only,0.258993332572013,0.0776979997716039,0.07808258916117301,-0.006673624200744717,0.14286918058755274,0.12380947068322241,65.0,0,0,0,0.47881737168525357,93.14815,0.5,0.9127310061601643,87,4.0,8.7,234.37373333333335,499.818,510.654,6,16509,https://osu.ppy.sh/b/2794244
1254973,Manami Numakura,Climber's High!,Meg's Wind,NM,5.33978,0.6087962985227222,0.6087962985227222,0.3548387096774194,explore,corroborated,0.0,0.0,0.0581303370083451,0.002990898535097517,0.09455469472788856,0.1598916210178352,57.0,1,2,3,-0.1957001541664395,98.355,0.45454545454545453,0.8117647058823529,86,4.0,9.0,182.04042727272727,244.635,307.677,11,35631,https://osu.ppy.sh/b/1254973
916631,DOES,Guren,Kage,NM,5.29286,0.6076578425474096,0.6076578425474096,0.9212598425196851,high_conf,corroborated,0.0,0.0,0.026169287828940103,0.028995579455694677,-0.39655766187228003,0.16737099839924888,51.0,11,38,59,-0.4414505764786371,97.8836,0.6410256410256411,0.9980732177263969,85,4.0,8.5,159.75199316239315,202.012,439.702,234,531484,https://osu.ppy.sh/b/916631
1961271,Tashiro Tomokazu,Koi no Hime Hime Pettanko (Karaoke),Ringtone,NM,5.21895,0.6075919784892356,0.6075919784892356,0.9477806788511749,high_conf,corroborated,0.0,0.0,0.03178300926357006,0.024405458668903094,-0.7544044086215302,0.1778564933425421,54.0,29,59,94,-0.38178739978467896,96.7816,0.7575757575757576,1.0,32,3.8,9.2,193.3112944903581,392.84,653.799,363,730359,https://osu.ppy.sh/b/1961271
3666656,"Satono Diamond (CV: Tachibana Hina), Kitasan Black (CV: Yano Hinaki)",Ambitious World (PV Size),Wonderful Everyday,NM,5.328,0.6066544914677372,0.6066544914677372,0.3103448275862069,explore,corroborated,0.0,0.0,0.0536245014580122,0.0064886290294377605,0.126268847962004,0.14633578539670222,52.0,0,0,1,0.1703822118929293,98.03150000000001,0.3333333333333333,0.6862302483069977,87,4.0,8.5,216.15116666666665,501.6032,525.804,9,15290,https://osu.ppy.sh/b/3666656
470051,livetune adding Takuro Sugawara(from 9mm Parabellum Bullet),SEN NO TSUBASA,Insane,NM,5.19566,0.6014758236517626,0.6014758236517626,0.23076923076923078,explore,corroborated,0.0,0.0,0.03730172185925095,0.019378741399311082,-0.22229304919552748,0.20022062489197423,51.0,1,2,2,-0.44257908436980226,96.6699,0.8333333333333334,0.994556765163297,88,4.0,8.0,201.16133333333332,322.22299999999996,454.448,6,44021,https://osu.ppy.sh/b/470051
1675842,Will Stetson,Despacito ft. R3 Music Box,Piggey's Extra,NM,4.82097,0.6005753067469108,0.6005753067469108,0.9563318777292577,high_conf,corroborated,0.0,0.0,0.048723153295506354,0.009974740506336888,-0.14187702286491785,0.1725144183679123,55.0,24,82,123,-0.24725726149167182,96.9171,0.6027397260273972,0.9957983193277311,45,4.0,9.0,177.66634292237444,384.037,538.145,438,1002870,https://osu.ppy.sh/b/1675842
4863521,QWER,T.B.H (Cut Ver.),Expert,NM,5.3788,0.6003606324711427,0.6003606324711427,0.4444444444444444,explore,corroborated,0.0,0.0,0.048847145277073595,0.009855236545813776,0.8244752581515633,0.15613341911029216,52.5,1,2,3,1.513015918076361,90.23910000000001,0.3125,0.745398773006135,78,4.0,9.0,141.410825,188.5675,485.51,16,13771,https://osu.ppy.sh/b/4863521
1595303,Colors*Slash,Colors Power ni Omakasero!,Expert,NM,5.10296,0.5986454612588662,0.5986454612588662,0.9406528189910979,high_conf,corroborated,0.0,0.0,0.00922857028398338,0.042064529484866095,0.7446799703427852,0.19289354543661302,45.0,35,74,104,-0.20585896599162776,98.3156,0.4952681388012618,0.8400673400673401,97,3.8,8.7,176.2292694006309,298.53060000000073,504.382,317,494127,https://osu.ppy.sh/b/1595303
2349470,LiSA,ROCK-mode,Kuki's Expert,NM,5.10569,0.5953267504107227,0.5953267504107227,0.9479166666666666,high_conf,corroborated,0.0,0.0,0.03308515085019499,0.022299680628762246,0.12002143331680067,0.18090404680420566,51.0,33,70,104,-0.02237295471722214,97.79599999999999,0.38461538461538464,0.8391866913123844,100,4.0,8.5,254.99911373626375,471.32989999999995,519.703,364,666171,https://osu.ppy.sh/b/2349470
3303052,KAF,Nihil,Insane,NM,4.82595,0.5935207658893374,0.5935207658893374,0.2,explore,corroborated,0.0,0.0,0.01569883182194504,0.036344976245227714,0.04592690079351051,0.15533142021358232,51.0,0,1,1,0.41296769266551975,94.5312,0.4,0.9898167006109979,79,3.8,8.5,95.89226,128.81119999999999,147.67,5,36010,https://osu.ppy.sh/b/3303052
2038747,msy,Amatsu Daisankaku,Triangle Sky,NM,5.39946,0.5915941614186617,0.5915941614186617,0.3548387096774194,explore,corroborated,0.0,0.0,0.035660418976485454,0.019879336468232915,-0.08182000569550198,0.16623520026609162,50.0,1,2,2,-0.10338579780163953,97.2691,0.5454545454545454,0.7452006980802792,99,3.8,9.0,173.29363636363635,219.326,282.073,11,34515,https://osu.ppy.sh/b/2038747
2186244,"shami momo (Kohara Konomi, Kito Akari)",Machikado Tangent (TV Size),KIKIKANRI~,NM,5.19053,0.5902313872176514,0.5902313872176514,0.25925925925925924,explore,corroborated,0.0,0.0,0.04741245473110407,0.010166057832797452,0.4517645189005111,0.1521354293472678,63.0,0,1,2,0.23327059581579712,94.3635,0.5714285714285714,0.9955056179775281,85,3.8,8.7,164.58992857142857,261.86620000000005,405.085,7,16053,https://osu.ppy.sh/b/2186244
731966,Ogura Yui,Honey Come!! (TV size),wkyik's Extra,NM,5.22599,0.5901518016046464,0.5901518016046464,0.7014925373134329,supported,corroborated,0.0,0.0,0.0184651253950065,0.03379953132422734,0.01985297296228497,0.16469425366198362,65.0,3,10,15,-0.8254305718763482,98.6254,0.7872340425531915,1.0,88,4.0,8.0,181.7589063829787,224.23039999999997,512.285,47,122971,https://osu.ppy.sh/b/731966
750889,TrySail,Cobalt TV Size,Hinsvar's Insane,NM,4.83782,0.5856186441201287,0.5856186441201287,0.25925925925925924,explore,corroborated,0.0,0.0,0.011515006653762575,0.03909018948890789,0.1670629920920779,0.1430844493576944,50.0,0,0,1,-0.6514770257946757,98.368,0.7142857142857143,0.9957173447537473,88,4.0,8.0,173.35002857142857,294.6652000000001,390.235,7,21412,https://osu.ppy.sh/b/750889
4965691,Hikarinonakani,Blue Youth,expert,NM,5.37948,0.578995424822748,0.578995424822748,0.4117647058823529,explore,corroborated,0.0,0.0,0.041750327001906146,0.013835219330834378,0.7861870878403707,0.1643906772775747,53.5,0,2,4,0.888821911439341,97.95734999999999,0.07142857142857142,0.541860465116279,105,3.8,9.0,271.3857142857143,454.0205,489.718,14,16301,https://osu.ppy.sh/b/4965691
3314328,nano.RIPE,Last Chapter (TV Size),Expert,NM,5.27634,0.5779207511189552,0.5779207511189552,0.47368421052631576,explore,corroborated,0.0,0.0,0.020464228123662,0.031127474920594214,0.10099371476245662,0.1772765683580252,55.5,2,3,4,0.8230157908398983,93.2619,0.5,0.6973415132924334,85,4.0,8.8,120.45595,175.0354,210.229,18,37020,https://osu.ppy.sh/b/3314328
2164824,Iguchi Yuka,HELLO to DREAM (TV Size),Expert,NM,5.02161,0.5776090780710473,0.5776090780710473,0.23076923076923078,explore,corroborated,0.0,0.0,0.04543266979094524,0.01071016381008806,-0.04970820582850539,0.19785524785036623,53.5,1,2,2,0.3116273514202863,97.40020000000001,0.3333333333333333,0.6702586206896552,83,4.0,8.5,209.03443333333334,384.4565,402.116,6,34677,https://osu.ppy.sh/b/2164824
2055202,Yusuke,V (TV Size),Kowari's Expert,NM,4.92464,0.5771596118652078,0.5771596118652078,0.8787878787878788,high_conf,corroborated,0.0,0.0,0.0040983916099025935,0.044428176028208706,0.5668045540119527,0.18193546987408651,48.0,12,25,44,-0.6420143198025209,98.6152,0.696551724137931,0.998,85,3.5,8.5,188.76608344827585,383.5722,469.343,145,243378,https://osu.ppy.sh/b/2055202
2191460,Rib,Kisaragi Attention,Frontier's Insane,NM,4.8707,0.5771505722655036,0.5771505722655036,0.23076923076923078,explore,realized_only,0.0,0.0,-0.018703161529251985,0.06304861172111112,0.08339590695713645,0.1774652977623005,36.5,0,1,2,-0.7259651841495754,98.374,0.6666666666666666,0.9950787401574803,79,4.2,8.8,121.28321666666666,162.0385,164.737,6,30042,https://osu.ppy.sh/b/2191460
764441,EGOIST,"Ame, Kimi o Tsurete",Prismatic,NM,5.34266,0.5751291016475936,0.5751291016475936,0.9230769230769231,high_conf,corroborated,0.0,0.0,0.03273359640386102,0.020870275891564566,0.06763761164259502,0.17350462786693877,53.0,17,36,55,-0.2934339720420408,96.86415,0.6458333333333334,1.0,97,4.0,8.7,196.17231833333332,298.073,600.11,240,423759,https://osu.ppy.sh/b/764441
1966785,ClariS,Connect (TV Size),Soul Gem,NM,4.87423,0.5714113751954232,0.5714113751954232,0.3333333333333333,explore,realized_only,0.0,0.0,-0.0056776449805555,0.05192339504532504,-0.046947967753883976,0.20528933176885253,28.0,1,4,6,0.3542554947784278,95.74975,0.4,0.8179871520342612,89,4.1,8.0,102.00435,140.78119999999998,148.856,10,49149,https://osu.ppy.sh/b/1966785
2473043,AKINO from bless4,Just Moving On Now,Extra,NM,5.37522,0.5680442018758208,0.5680442018758208,0.375,explore,corroborated,0.0,0.0,0.040520216660472966,0.01390911120731208,0.15490701115341102,0.1951935378389005,62.5,1,3,3,-0.018406940996696125,97.4242,0.5,0.8916309012875536,86,3.8,9.0,148.07970833333334,197.3134,202.506,12,22084,https://osu.ppy.sh/b/2473043
2108924,Aqours,Brightest Melody (MOVIE SIZE),SMOKELIND's Expert,NM,5.07135,0.5643403938305523,0.5956746280840354,0.4117647058823529,explore,formula_only,0.1044474475116101,0.03133423425348303,0.06442156937291274,-0.0032620746850329334,-0.018818502851678173,0.13343679801935956,65.0,0,1,1,0.05825121235306141,96.05735,0.5,0.9502572898799314,102,3.8,9.0,139.19016428571427,176.6433,310.42,14,49302,https://osu.ppy.sh/b/2108924
1982345,KISIDA KYODAN & THE AKEBOSI ROCKETS,CircleEnd,Reform's Extra,NM,5.15613,0.5641524781321572,0.5641524781321572,0.6774193548387096,supported,corroborated,0.0,0.0,0.0034019602411508388,0.04389150905492746,0.1377075119119967,0.1914628501463861,41.5,5,9,14,-0.24119556322292512,97.6122,0.5714285714285714,0.9397163120567376,84,3.8,8.5,255.94790714285713,462.8166,508.968,42,64728,https://osu.ppy.sh/b/1982345
1675830,Will Stetson,Despacito ft. R3 Music Box,A r M i N's Extra,NM,5.11854,0.5630267944374192,0.5630267944374192,0.9293286219081273,high_conf,corroborated,0.0,0.0,0.052441932058276124,0.0037466706435552817,-0.08044737645386726,0.17499781918466845,52.0,27,50,80,-0.5124110388783585,97.9167,0.6806083650190115,0.9959016393442623,45,3.8,9.1,287.72312851711024,476.5,563.643,263,371898,https://osu.ppy.sh/b/1675830
1102400,TRUE,Soundscape,Kencho's Extra,NM,5.00267,0.5603374610317199,0.5603374610317199,0.7101449275362319,supported,corroborated,0.0,0.0,0.025138836567723408,0.025815567184368643,-0.2792050731924526,0.1648853210676123,56.0,3,5,9,-0.630811928679464,98.2109,0.6530612244897959,0.9943074003795066,87,4.1,8.3,189.57091428571428,409.081,495.9,49,155504,https://osu.ppy.sh/b/1102400
4876539,jixwang,Saving Light (Game Ver.),Hope,NM,5.25186,0.5575900558847688,0.5575900558847688,0.47368421052631576,explore,realized_only,0.0,0.0,-0.011395708033349177,0.05541851914377076,0.3650011542674463,0.32158662266331195,30.5,4,8,9,0.9573303032238369,95.86930000000001,0.2222222222222222,0.5289473684210526,40,4.0,8.0,190.96212222222223,352.40170000000006,389.787,18,13193,https://osu.ppy.sh/b/4876539
5373848,Otoydi poblizhe,Mechty romantikov (Nightcore & Cut Ver.),Dream,NM,4.93639,0.5560110012709145,0.7133381736188001,0.2,explore,formula_only,0.5244239078262856,0.15732717234788565,0.08744660674352557,-0.01206609915272529,0.479283924068988,0.14772156664102107,64.0,0,1,1,1.9796203338163672,91.20570000000001,0.2,0.3520710059171598,58,4.0,8.8,85.22767999999999,128.27204,149.64,5,17611,https://osu.ppy.sh/b/5373848
1367804,SID,Uso - 'Hagane no Renkinjutsushi FULLMETAL ALCHEMIST' ED Ver.-,Kencho's Yakusoku,NM,5.11324,0.5557716176267784,0.5557716176267784,0.7701149425287356,supported,realized_only,0.0,0.0,-0.015397789001060624,0.05853233313371069,-0.08779199591849142,0.1979429637312344,44.0,11,17,26,-0.15350526563663375,97.0288,0.5373134328358209,0.9859437751004017,88,4.1,8.3,165.80887014925372,379.61779999999993,482.002,67,176364,https://osu.ppy.sh/b/1367804
5101505,Good Kid,Tell Me You Know (Cut Ver.),Expert,NM,4.84524,0.5544899207645788,0.6444142059714868,0.3548387096774194,explore,formula_only,0.29974761735635985,0.08992428520690796,0.07530567859974985,-0.008008577497159023,0.4655914426339827,0.1641306524778955,72.0,1,3,3,1.4132747335015754,94.6379,0.0,0.6037234042553191,65,3.6,8.8,150.46417272727274,200.069,332.7,11,17064,https://osu.ppy.sh/b/5101505
4834211,Faylan,Path to glory (Game Ver.),Expert,NM,5.1279,0.552909372941474,0.552909372941474,0.6153846153846154,supported,corroborated,0.0,0.0,0.023279466213590255,0.026702768207350264,0.8063221536423069,0.16533075291296032,51.5,2,4,11,0.1339402368208559,97.85954999999998,0.28125,0.6744386873920553,103,3.8,8.5,271.442571875,438.7387,743.698,32,25810,https://osu.ppy.sh/b/4834211
2822286,LiSA,confidence driver (Cut Ver.),Extra,NM,5.21833,0.5524176815535142,0.5524176815535142,0.8666666666666667,high_conf,corroborated,0.0,0.0,0.01760511463526241,0.03129501933207107,0.7143734302455635,0.17817937319188912,56.0,13,23,35,-0.33223876232493554,98.0952,0.46153846153846156,0.9539748953974896,81,3.8,8.5,235.46161153846154,474.63439999999997,554.81,130,157865,https://osu.ppy.sh/b/2822286
750157,TrySail,Cobalt TV Size,XxDeAtHx'S iNsAnE,NM,5.08268,0.5510287831425668,0.5510287831425668,0.4594594594594595,explore,realized_only,0.0,0.0,-0.012799097343812021,0.05600700364109603,-0.08345185063364548,0.19660766189764967,43.0,2,4,7,-0.2540917844854796,96.3184,0.6470588235294118,0.9978070175438597,88,4.0,8.0,219.17499411764706,418.11060000000003,553.689,17,53504,https://osu.ppy.sh/b/750157
1648323,Pastel*Palettes,Shuwarin*Drea~ming,Insane,NM,4.87423,0.5479937421456265,0.5479937421456265,0.3103448275862069,explore,corroborated,0.0,0.0,0.049614201459009626,0.004778385054797781,0.03199869287549929,0.16875545129474187,76.0,1,2,2,0.853576429776438,95.6841,0.3333333333333333,0.49411764705882355,97,4.0,8.0,100.24308888888889,150.75639999999999,157.046,9,37413,https://osu.ppy.sh/b/1648323
890826,Ceui,MeltyMoment short.ver,Left's Yuuka,NM,5.06627,0.5474041672017114,0.5474041672017114,0.4594594594594595,explore,corroborated,0.0,0.0,0.012910996054155289,0.03470246039363186,-0.019127049414255384,0.18749986697269125,52.0,2,4,5,-0.7871293301047316,98.6499,0.7058823529411765,0.9979879275653923,97,4.2,8.5,291.03661176470587,450.9684,490.712,17,47809,https://osu.ppy.sh/b/890826
1899839,bibuko,Reizouko Mitara Pudding ga Nai,KittySpecial's Insane,NM,4.98875,0.5423289065583565,0.5423289065583565,0.4594594594594595,explore,realized_only,0.0,0.0,-0.010965109779822265,0.05376988927235143,0.319200412146781,0.18286064799432367,49.0,2,4,5,-0.6129988874494275,98.2,0.6470588235294118,0.8545918367346939,113,3.8,8.0,200.71261764705883,430.1594,482.506,17,77085,https://osu.ppy.sh/b/1899839
5312758,Reol,No title -10 Years Later Edition- (Cut Ver.),Wen's Expert,NM,5.30456,0.5411320863161205,0.5411320863161205,0.47368421052631576,explore,corroborated,0.0,0.0,0.04832155164491839,0.00525090441396798,0.8296738596018657,0.2059737914195564,50.5,2,4,6,0.6560392734550147,96.43995000000001,0.2222222222222222,0.6637596899224807,95,4.0,8.0,163.23590555555558,382.41800000000006,420.462,18,13214,https://osu.ppy.sh/b/5312758
2803005,kradness & Reol,Remote Control (Cut Ver.),Insane,NM,4.87971,0.5409157314536583,0.611136968867912,0.3548387096774194,explore,formula_only,0.23407079138084572,0.0702212374142537,0.07024566094542734,-0.006704325471005393,-0.07065351468470697,0.1310148120438578,64.0,0,0,1,-0.4271517584900706,97.7876,0.5454545454545454,0.9966777408637874,110,3.8,8.8,213.8482,414.997,433.001,11,65869,https://osu.ppy.sh/b/2803005
660622,Tritonal,Anchor (Noisestorm Remix),Asphyxia's Insane,NM,4.92515,0.539791482068182,0.539791482068182,0.6491228070175439,supported,corroborated,0.0,0.0,0.030663622529975232,0.01955756472483773,-0.7617453333286591,0.17181283587325252,51.0,2,5,13,-0.6338315153176609,97.86200000000001,0.7027027027027027,0.9957716701902748,88,4.0,8.5,201.03426756756755,417.467,452.51,37,225894,https://osu.ppy.sh/b/660622
1797548,Will Stetson,Harumachi Clover (Swing Arrangement),Akitoshi's Extra,NM,5.1462,0.5397425673084119,0.5397425673084119,0.9130434782608695,high_conf,corroborated,0.0,0.0,0.04595150653309496,0.007068345637320026,-0.1029244396341341,0.15794569736246325,63.0,11,31,45,0.5736504533762931,93.4426,0.4857142857142857,0.9415584415584416,28,3.8,9.1,195.75344428571427,418.0927,586.409,210,420174,https://osu.ppy.sh/b/1797548
3310535,YUIKAORI,Ring Ring Rainbow!! (TV Size),Expert,NM,5.21179,0.5392466658879784,0.5392466658879784,0.2857142857142857,explore,corroborated,0.0,0.0,0.038839590545426475,0.012834245840180392,0.09351610325652344,0.14241865811372867,56.0,0,0,1,0.6316580664221835,94.73915,0.5,0.6610486891385767,87,4.0,8.8,120.2539125,170.7552,194.04,8,18312,https://osu.ppy.sh/b/3310535
1628131,Sleeping With Sirens,Better Off Dead,A r M i N's Extra,NM,5.2016,0.5364489817876588,0.5364489817876588,0.9103139013452914,high_conf,corroborated,0.0,0.0,0.0322084774535694,0.018011873636378357,-0.34040604286550336,0.17043187268016735,54.0,12,30,49,-0.3791244474517932,97.2851,0.6699507389162561,0.9967320261437909,56,3.8,9.0,202.00227980295568,423.96340000000004,505.919,203,426042,https://osu.ppy.sh/b/1628131
3259704,LM.C,88 (TV Size),Vongola Family,NM,5.07334,0.5334125456021945,0.5334125456021945,0.2857142857142857,explore,corroborated,0.0,0.0,0.008099459584848359,0.03744278379307739,-0.13841340328263732,0.25633399840281557,45.0,2,3,3,-0.1669258554902083,96.1732,0.625,0.9303030303030303,82,4.0,9.0,157.7813375,247.35729999999992,492.792,8,22956,https://osu.ppy.sh/b/3259704
1645698,Vickeblanka,Black Rover (TV Size),Nevo's Expert,NM,5.22088,0.5331670561049167,0.6400429467909372,0.9233716475095786,high_conf,formula_only,0.35625296895340197,0.10687589068602059,0.076515166072313,-0.009367815667413007,-0.14133395798143428,0.1583393622799158,59.0,14,26,56,0.29658430476627173,96.19569999999999,0.43568464730290457,0.805607476635514,85,3.5,9.0,137.06543900414937,194.435,512.301,241,704646,https://osu.ppy.sh/b/1645698
1519346,Via Vallen,Sayang (Sped Up Ver.),Cinta Tragis,NM,5.10336,0.5283310549771939,0.5283310549771939,0.375,explore,corroborated,0.0,0.0,0.0044524937742701,0.03998927605769499,0.19988737478939692,0.1891892481261398,41.5,2,3,5,0.44088898660877723,97.65915,0.3333333333333333,0.40752032520325204,99,4.3,8.3,147.72685,167.0095,402.415,12,59256,https://osu.ppy.sh/b/1519346
1116570,SAKURAKOU K-ON BU,Happy!? Sorry!!,Insane,NM,4.87456,0.5256163054931666,0.5256163054931666,0.4594594594594595,explore,corroborated,0.0,0.0,0.022766257558230432,0.024802373171685488,-0.09848755362464445,0.1689063802282218,54.0,1,3,5,-0.3385179358208835,98.1209,0.47058823529411764,0.9109461966604824,86,4.0,8.0,201.0897,428.8016,450.163,17,60960,https://osu.ppy.sh/b/1116570
3153175,ClariS,Careless (TV Size),Dream,NM,4.99135,0.5243843977773249,0.5243843977773249,0.4444444444444444,explore,corroborated,0.0,0.0,0.04829644251592607,0.0038481000592072503,0.0649770419473258,0.14781231199482248,49.0,0,2,3,-0.4454533200664091,96.9611,0.75,0.9949596774193548,89,3.8,9.0,139.74875624999999,173.47699999999998,394.111,16,37751,https://osu.ppy.sh/b/3153175
1396767,Sakurakou K-ON Bu,"Don't say ""lazy"" (TV size Ver.)",Insane,NM,5.07551,0.5235470253173493,0.5235470253173493,0.6363636363636364,supported,corroborated,0.0,0.0,0.006221672446884192,0.038137878832725534,0.01615684390254653,0.19338879987145435,49.0,4,8,10,-0.0973023185787784,97.4359,0.5142857142857142,0.8151571164510166,88,4.0,8.0,127.50231428571429,165.9162,195.204,35,121320,https://osu.ppy.sh/b/1396767
2936635,CHiCO with HoneyWorks,Ai no Scenario (TV Size),Tatoe,NM,5.28306,0.5232390321595461,0.5232390321595461,0.5918367346938775,supported,corroborated,0.0,0.0,0.01048986856554977,0.03462602246252635,0.17536622872650423,0.17818187073034117,54.0,3,6,11,-0.27657025845699956,97.733,0.5172413793103449,0.9960707269155207,87,4.0,8.5,143.56551379310346,192.0762,230.959,29,44336,https://osu.ppy.sh/b/2936635
1102963,Nanamori-chu*Gorakubu,Yuriyurarararayuruyuri Daijiken,xxdeathx's Yuri,NM,5.30377,0.5227907663753819,0.5227907663753819,0.5121951219512195,supported,corroborated,0.0,0.0,0.007107820299204875,0.0373499229088237,-0.34978985245947364,0.1911071274607133,49.0,3,7,8,0.07612047657072736,96.60849999999999,0.42857142857142855,0.9682875264270613,86,4.0,8.5,136.9756095238095,193.299,206.189,21,70948,https://osu.ppy.sh/b/1102963
5288372,Demi Lovato,Heart Attack (Rock Ver.) (Nightcore & Cut Ver.),Reiszen's Expert,NM,5.20943,0.520163523235689,0.520163523235689,0.3103448275862069,explore,corroborated,0.0,0.0,0.012425754653094754,0.03278368074663623,0.717593361468628,0.1971393025785099,42.0,1,3,3,-0.0813439795965535,96.6749,0.5555555555555556,0.9603803486529319,99,3.5,8.6,130.1334888888889,177.8348,206.762,9,19225,https://osu.ppy.sh/b/5288372
1759876,iru1919,Tenko,Insane,NM,4.86163,0.5196807264669114,0.5196807264669114,0.3103448275862069,explore,corroborated,0.0,0.0,0.01588811010275018,0.02991506954512014,0.18596765310219363,0.1369206952075075,69.0,0,0,1,-0.1742350879661673,98.0122,0.5555555555555556,0.9948364888123924,107,5.0,8.0,168.4169222222222,304.503,373.179,9,30960,https://osu.ppy.sh/b/1759876
1508535,kana,Hammer o Denpa Song ni Shitemita,Baka,NM,4.96307,0.5188002848405264,0.5188002848405264,0.7222222222222222,supported,corroborated,0.0,0.0,0.03483957787702697,0.014363266373494051,-0.21789371896747417,0.1566068708832043,60.5,3,8,12,-0.4734680341783425,97.8142,0.5961538461538461,0.9986149584487535,59,3.5,8.0,227.5072153846154,424.185,467.745,52,126945,https://osu.ppy.sh/b/1508535
187378,EGOIST,Namae no Nai Kaibutsu (TV Size),PSYCHO-PASS,NM,5.00934,0.5175498011064696,0.5175498011064696,0.6666666666666666,supported,realized_only,0.0,0.0,-0.027793592798095637,0.06540723906171232,-0.20675009824285223,0.21081096094282814,39.5,6,12,15,-0.03433175022752452,96.53005,0.55,0.9465020576131686,81,4.0,8.0,134.302335,174.13000000000002,443.438,40,193062,https://osu.ppy.sh/b/187378
744222,Katakiri Rekka & Suzuyu,Girl meets Love,xxdeathx's Shiranui,NM,5.36553,0.5174602389129055,0.5174602389129055,0.8780487804878049,high_conf,corroborated,0.0,0.0,0.02303851306689133,0.023886884844347454,-0.1564656300402576,0.16532580008838796,56.0,11,23,30,-0.6852669704520011,98.4883,0.7222222222222222,0.9982817869415808,98,4.0,8.5,188.45195416666667,228.225,582.831,144,280793,https://osu.ppy.sh/b/744222
513245,Gavin G,Culture,Insane,NM,5.05302,0.5174238849463668,0.5174238849463668,0.4594594594594595,explore,corroborated,0.0,0.0,0.03656793600890366,0.012834804802998692,-0.22863022896834828,0.1500086701487868,71.0,0,2,5,-0.7054432909553177,97.1781,0.8235294117647058,0.9980952380952381,87,4.0,8.5,283.4265176470588,494.1146,513.404,17,41647,https://osu.ppy.sh/b/513245
2161926,DIVELA feat. Hatsune Miku,Beat Syncer,Extra,NM,5.27461,0.5115973376954723,0.5115973376954723,0.935064935064935,high_conf,corroborated,0.0,0.0,0.04214438369751828,0.007785549805720486,0.462006523745427,0.16508102502830674,56.0,14,44,71,-0.14830648635971067,98.0651,0.4618055555555556,0.8773424190800682,96,3.8,9.0,208.827503125,435.14410000000004,576.468,288,417240,https://osu.ppy.sh/b/2161926
540798,Ikimono Gakari,Netsujou no Spectrum,Sins,NM,4.81183,0.5107524245064466,0.5107524245064466,0.908675799086758,high_conf,realized_only,0.0,0.0,-0.014871777882959068,0.05427678188234395,0.15980180854786372,0.20491876415272867,50.0,24,51,69,0.2275561390793612,94.59060000000001,0.5527638190954773,0.9770833333333333,88,4.0,7.7,116.96639497487438,176.87620000000055,498.447,199,796298,https://osu.ppy.sh/b/540798
689157,yanaginagi,Haru Modoki,Walao's Insane,NM,5.0169,0.5101240509798549,0.5101240509798549,0.574468085106383,supported,realized_only,0.0,0.0,-0.009534989690741734,0.04986501733263971,-0.21473072343784813,0.20026383068461143,37.0,4,9,12,-0.5507844898995022,97.5993,0.6666666666666666,0.9961464354527938,86,4.0,8.0,239.68834074074073,437.83700000000005,480.398,27,71652,https://osu.ppy.sh/b/689157
1623092,Aitsuki Nakuru,Monochrome Butterfly,A r M i N's Expert,NM,5.06896,0.5062447840389641,0.6519260201329589,0.9632352941176471,high_conf,formula_only,0.4856041203133159,0.14568123609399478,0.08104310804118443,-0.012055733644245234,-0.1151214776441692,0.15906732795690162,58.0,25,63,121,0.11077596671038242,97.14,0.3702290076335878,0.9010989010989011,84,4.0,8.8,174.96896603053435,400.9728,577.719,524,1516770,https://osu.ppy.sh/b/1623092
1034482,*namirin,Koi no Hime Hime Pettanko,Extra,NM,5.3941,0.5057282433803872,0.5057282433803872,0.9227799227799228,high_conf,corroborated,0.0,0.0,0.03103112384135876,0.016362559565939065,-0.12696266576140136,0.1728950916713133,54.0,21,37,57,-0.1464081925773877,97.4047,0.5146443514644351,0.9281663516068053,92,4.0,8.5,177.3783489539749,222.18,598.703,239,455691,https://osu.ppy.sh/b/1034482
5508771,Set It Off,Dream Catcher (Nightcore & Cut Ver.),Collab Expert,NM,4.99893,0.5052625341800974,0.5052625341800974,0.6,supported,corroborated,0.0,0.0,0.024764063704803684,0.021441062445638714,1.0354490417527729,0.18956287866058286,40.5,3,8,11,1.043646763431783,94.19935,0.36666666666666664,0.5362116991643453,60,2.6,8.8,202.11950666666664,351.9271,414.4,30,18287,https://osu.ppy.sh/b/5508771
973744,CHiCO with HoneyWorks,Heart no Shuchou,Pain,NM,5.22505,0.5049772087955275,0.5049772087955275,0.8742138364779874,high_conf,corroborated,0.0,0.0,0.02651137426682061,0.019989848583654695,-0.13619759608125506,0.15221218192534292,59.0,5,18,28,-0.30104343463904754,97.9742,0.5251798561151079,0.95,82,4.2,8.2,166.15855179856115,210.303,546.743,139,319189,https://osu.ppy.sh/b/973744
915154,Porno Graffitti,Melissa (TV size ver.),Melissa,NM,5.00579,0.5029788357240881,0.5029788357240881,0.801980198019802,high_conf,corroborated,0.0,0.0,0.04445261578708743,0.005168052741158504,-0.030535524423184305,0.15875085614576964,53.0,4,10,19,-0.13974029546272942,96.8013,0.5061728395061729,0.9921259842519685,99,4.0,8.2,219.57517160493825,428.165,717.06,81,224445,https://osu.ppy.sh/b/915154
1927990,IU,Nae Kkumeun Patissiere (TV Size),Keitaro's Extra,NM,5.11324,0.502172366465405,0.502172366465405,0.23076923076923078,explore,realized_only,0.0,0.0,-0.0005316680253627352,0.041836552501602134,0.09671588961011277,0.18435948268091773,63.0,1,2,2,-0.7760994014556655,98.05125000000001,0.8333333333333334,0.9967532467532467,87,4.5,8.5,145.48749999999998,175.4875,176.185,6,12321,https://osu.ppy.sh/b/1927990
1454357,HoneyWorks feat. Gero,Jakusha no Sengen,Desperation,NM,5.18193,0.4999662835935167,0.4999662835935167,0.3333333333333333,explore,corroborated,0.0,0.0,0.015306897140579642,0.02871428408967016,-0.24243243474481238,0.1793822535369821,62.5,2,2,2,-0.4278360236045157,97.52064999999999,0.6,0.9980657640232108,94,3.7,8.7,155.62209000000001,189.2925,202.986,10,36603,https://osu.ppy.sh/b/1454357
1183603,NICO Touches the Walls,Hologram,Afterimage,NM,4.97246,0.49851313859522384,0.49851313859522384,0.4594594594594595,explore,corroborated,0.0,0.0,0.02719731898117221,0.018880310337873712,-0.22613111638136357,0.18898007982473436,43.0,3,3,5,0.9952284567881154,94.5513,0.23529411764705882,0.6028368794326241,84,4.0,8.3,97.979,133.96640000000002,159.497,17,82676,https://osu.ppy.sh/b/1183603
1098658,Duca,Natsukoi,Vivid,NM,5.11891,0.49817703557553006,0.49817703557553006,0.375,explore,corroborated,0.0,0.0,0.01552248837121109,0.028386158455491015,0.0333549650920385,0.15834433244342222,69.0,2,2,3,-0.8826183018706262,98.4553,0.75,0.9973913043478261,97,4.0,8.2,233.87883333333335,496.7774000000001,693.109,12,41687,https://osu.ppy.sh/b/1098658
1837184,Nanamori-chu * Goraku-bu,Yuriyurarararayuruyuri Daijiken (TV Size),Seto's Insane,NM,4.93068,0.49793372755647247,0.49793372755647247,0.5348837209302325,supported,corroborated,0.0,0.0,0.0007207845305844465,0.040453497096646356,0.5660961092020219,0.1950936177910758,48.0,3,7,7,0.5913836444212697,95.6262,0.34782608695652173,0.6859504132231405,87,4.0,8.0,105.50588695652175,146.95540000000003,159.984,23,52785,https://osu.ppy.sh/b/1837184
798827,"Yamazaki Haruka, Tadokoro Azusa, Machico",Dreaming!,Ins@ne,NM,5.00273,0.49694486596873944,0.49694486596873944,0.3103448275862069,explore,realized_only,0.0,0.0,-0.025844671866530895,0.06206450584899237,-0.19647213997838228,0.19617946571587583,41.0,1,2,3,0.054300264978867384,95.467,0.5555555555555556,0.9938144329896907,84,4.0,8.0,157.7020222222222,270.0538,472.101,9,39061,https://osu.ppy.sh/b/798827
211697,DJ Genericname,Dear You,Dear Nemis,NM,5.27034,0.49687238143677603,0.49687238143677603,0.921875,high_conf,realized_only,0.0,0.0,-0.018561972165624253,0.056110828219606,0.09135240964014825,0.22919193090126944,41.5,42,74,100,-0.4975160280292919,97.9359,0.635593220338983,0.9985815602836879,111,4.0,8.0,195.06064788135592,323.807,589.226,236,440149,https://osu.ppy.sh/b/211697
1840047,THE ORAL CIGARETTES,Livelock Art,Insane,NM,5.13266,0.4957190157586398,0.4957190157586398,0.42857142857142855,explore,corroborated,0.0,0.0,0.004207325037813229,0.03741794723173299,-0.0487008312574787,0.16813241946161808,41.0,1,3,4,-0.4046477702729459,98.04690000000001,0.5333333333333333,0.9971988795518207,114,3.8,8.2,202.45033999999998,435.099,467.188,15,50913,https://osu.ppy.sh/b/1840047
1602967,Luck Life,Symbol (TV Size),Rebels,NM,4.89229,0.49449095328740295,0.49449095328740295,0.2857142857142857,explore,corroborated,0.0,0.0,0.006720785994857934,0.03526092709846667,-0.42555622387053826,0.17354472734854437,35.0,0,2,3,0.4595076601994027,93.31524999999999,0.5,0.9724264705882353,87,4.0,8.0,129.9343875,229.98399999999995,414.672,8,83025,https://osu.ppy.sh/b/1602967
1536687,ClariS,Ai Wo Utae,Kyuukai's Expert,NM,5.08599,0.4897801319056956,0.4897801319056956,0.7560975609756098,supported,corroborated,0.0,0.0,0.03428982151993446,0.012345941363725455,0.09471745257207777,0.15858406072448575,57.0,4,9,13,-0.11664001435214402,96.54165,0.5483870967741935,0.996268656716418,98,3.6,8.5,187.5307193548387,406.37479999999994,508.085,62,127629,https://osu.ppy.sh/b/1536687
3399989,Aimer,Zankyo Sanka (TV Size),Expert,NM,5.24401,0.48611376188233063,0.48611376188233063,0.7530864197530864,supported,corroborated,0.0,0.0,0.047921439640865586,0.0009019036182318398,0.044819442600961844,0.17363826860620513,48.0,5,10,15,0.3610609293841718,95.2498,0.4262295081967213,0.9193245778611632,86,4.0,8.7,141.51388852459016,216.099,526.269,61,150707,https://osu.ppy.sh/b/3399989
1783310,SOUND HOLIC,Airman ga Taosenai (SOUND HOLIC Ver.),Agatsu's Expert,NM,5.22152,0.4854376994268348,0.4854376994268348,0.6825396825396826,supported,corroborated,0.0,0.0,0.024737299337139806,0.019778097167259066,0.20804902945928325,0.17869931243496476,58.0,4,8,11,0.0003605715976760446,97.8814,0.4186046511627907,0.7375776397515528,111,4.0,8.0,222.4676627906977,474.83520000000004,550.361,43,99783,https://osu.ppy.sh/b/1783310
4803448,Suzuki Konomi,Reweave (TV Size),kowari's Insane,NM,5.01244,0.4828092595739203,0.4828092595739203,0.2,explore,corroborated,0.0,0.0,0.005144087288403309,0.03555578576311834,0.4269379428164634,0.20494735920973767,26.0,1,2,3,2.060928627896121,91.0046,0.0,0.5059055118110236,86,4.0,8.0,81.40090000000001,109.336,132.819,5,11567,https://osu.ppy.sh/b/4803448
1981685,Yuya Matsushita,Trust Me (TV Size),Deception,NM,4.89997,0.48254274114716766,0.48254274114716766,0.3333333333333333,explore,realized_only,0.0,0.0,-0.0019227375155592887,0.04130435584680619,0.33107362207722457,0.21163738528772985,58.5,2,2,2,-0.17541735035184577,97.7155,0.5,0.918724279835391,86,4.0,8.5,166.16057,364.69489999999996,385.979,10,24147,https://osu.ppy.sh/b/1981685
1370268,Guilty Kiss,Shadow gate to love,Karen's Insane,NM,4.82616,0.47888310493037956,0.47888310493037956,0.2,explore,corroborated,0.0,0.0,0.038923825419073764,0.0076354290604650765,0.24519593439034063,0.16509450527557543,35.0,0,0,2,0.2895203435669117,96.5247,0.4,0.8161764705882353,94,4.0,8.0,107.20706,124.423,129.067,5,22176,https://osu.ppy.sh/b/1370268
1573008,Hitomi Harada,Overdrive,Insane,NM,5.09572,0.47483329160700416,0.47483329160700416,0.4444444444444444,explore,realized_only,0.0,0.0,-0.011372239539419063,0.0483662313063732,-0.10196383148176563,0.2387964367387517,62.0,4,4,5,-0.177217752383503,97.16475,0.5625,0.9215017064846416,96,4.0,8.5,135.6438,188.007,212.206,16,85788,https://osu.ppy.sh/b/1573008
1762425,YUI,Rolling star (TV Size),Insane,NM,4.80253,0.47475512078821275,0.47475512078821275,0.375,explore,corroborated,0.0,0.0,0.04383258227318009,0.00327580619654855,-0.09920703424851503,0.13309905999888497,60.0,0,0,1,-0.4009038471962494,97.85714999999999,0.5833333333333334,0.9933920704845816,88,4.0,8.5,210.38267499999998,384.0438,407.116,12,44730,https://osu.ppy.sh/b/1762425
899103,fhana,Kimi to Iu Tokuiten [singular you],HB's Insane,NM,5.12862,0.47227592054531464,0.47227592054531464,0.7101449275362319,supported,realized_only,0.0,0.0,-0.005908444031587318,0.04368680772514262,0.04897856857637577,0.17056837584205556,47.0,5,7,14,-0.7662911962870942,98.7851,0.7142857142857143,0.9982078853046595,105,4.0,8.0,214.41625510204082,441.59540000000004,514.28,49,135253,https://osu.ppy.sh/b/899103
1030012,MUMEI_ver.SP,Kokoro ga Odoru Herb Tea yoo,Left's Insane,NM,5.01547,0.4692386495316168,0.4692386495316168,0.3103448275862069,explore,realized_only,0.0,0.0,-0.017130730398084562,0.052593519309594106,-0.14840538681490653,0.2065488171337423,37.0,1,3,4,-0.08849124422450552,97.6507,0.4444444444444444,0.7871621621621622,90,3.8,7.0,203.7263111111111,359.0672,397.172,9,77386,https://osu.ppy.sh/b/1030012
4777435,Linkin Park,The Emptiness Machine (Cut Ver.),Ram's Another,NM,4.88974,0.4679166900697428,0.4679166900697428,0.7297297297297297,supported,corroborated,0.0,0.0,0.045797428810895775,0.0010900198755363893,1.1980787754377487,0.17060462220242412,47.0,2,12,19,0.5992893809866504,95.82285,0.25925925925925924,0.7519561815336464,118,3.8,8.8,144.89907777777776,324.1433,428.921,54,73602,https://osu.ppy.sh/b/4777435
3471316,halca,Sentimental Crisis (TV Size),<3,NM,5.20464,0.4673033798628267,0.505797848955466,0.25925925925925924,explore,formula_only,0.12831489697546428,0.03849446909263928,0.056654161064156223,-0.004556932923604982,0.3200254192757763,0.14785162063175525,59.0,1,1,1,2.27979946222814,87.1974,0.2857142857142857,0.49333333333333335,87,4.0,8.5,132.58585714285715,271.3322000000001,458.087,7,23229,https://osu.ppy.sh/b/3471316
863999,fhana,tiny lamp (TV-size),Extra,NM,5.29335,0.4665534584245127,0.4665534584245127,0.6153846153846154,supported,corroborated,0.0,0.0,0.02377975298462956,0.01895520467398465,-0.1622153882886009,0.1626562294887156,55.5,2,2,5,-0.5412167101381465,97.98925,0.6875,0.9979757085020243,89,4.0,8.4,244.5482125,498.3902000000001,527.584,32,87254,https://osu.ppy.sh/b/863999
4454920,Marina and the Diamonds,How to Be a Heartbreaker (Nightcore & Cut Ver.),I Think I Do...?,NM,4.8452,0.4657226863036489,0.49830975273221556,0.6153846153846154,supported,formula_only,0.10862355476188887,0.03258706642856666,0.05514765402091356,-0.0039630024258205596,0.8705642258334854,0.17274260317381032,52.5,3,5,7,0.742118686313188,93.6123,0.46875,0.6815286624203821,63,3.8,9.0,183.577721875,388.8122,438.614,32,43407,https://osu.ppy.sh/b/4454920
2193895,Ahomushi,Koko wa Doko (TV Size),Distress,NM,5.33359,0.46374767645950954,0.46374767645950954,0.7530864197530864,supported,corroborated,0.0,0.0,0.010152988452064792,0.029845239833018858,0.19972450262899663,0.17745234453938888,43.0,3,13,21,-0.5370190243867724,98.48479999999999,0.6065573770491803,0.9885714285714285,58,3.8,8.7,314.6016131147541,517.325,538.291,61,81036,https://osu.ppy.sh/b/2193895
2044368,Oomori Seiko,JUSTadICE (TV Size),Reform's Expert,NM,5.03345,0.463405462976055,0.463405462976055,0.9741602067183462,high_conf,corroborated,0.0,0.0,0.02551428731960441,0.0172711393524999,0.2256174474030018,0.1754798040653563,51.0,58,133,208,-0.14551627160996874,96.8159,0.5477453580901857,0.9758220502901354,88,3.5,8.7,178.8897473474801,392.0611,492.159,754,1608012,https://osu.ppy.sh/b/2044368
3607911,"Satono Diamond (CV: Tachibana Hina), Kitasan Black (CV: Yano Hinaki)",Ambitious World (PV Size),Happiness,NM,5.10002,0.4615224992636029,0.4615224992636029,0.25925925925925924,explore,corroborated,0.0,0.0,0.020564034142652357,0.02115380757345517,0.1344006711262406,0.15610715746254586,48.0,0,1,2,0.39789167098450295,97.7925,0.2857142857142857,0.6095444685466378,87,3.6,9.0,134.95452857142857,171.5328,194.943,7,17200,https://osu.ppy.sh/b/3607911
1599266,Aimer,Through My Blood <AM>,Through Starset's Nightmare,NM,5.27698,0.45975077966685574,0.45975077966685574,0.8058252427184466,high_conf,realized_only,0.0,0.0,-0.010998527704565752,0.0467792400970929,-0.00937509864392193,0.19821106378610567,53.0,10,17,23,-0.4795440829216285,98.6635,0.5180722891566265,0.9919224555735057,105,4.0,8.2,190.8334144578313,298.5326,486.759,83,109521,https://osu.ppy.sh/b/1599266
185842,TAG underground,POSSESSION,Challenge,NM,5.30948,0.45932324547569603,0.45932324547569603,0.2857142857142857,explore,corroborated,0.0,0.0,0.011415701512027386,0.02843801541986926,0.07975147405675094,0.18687559489004138,62.0,1,2,2,0.26849023902669716,96.5113,0.25,0.8795493934142115,104,4.0,8.0,219.4980375,465.5831,465.651,8,14872,https://osu.ppy.sh/b/185842
1988753,MIMI feat. Hatsune Miku,Ai no Sukima,Radiance,NM,5.30513,0.454532259899136,0.454532259899136,0.9909049567985448,high_conf,corroborated,0.0,0.0,0.00414965278853792,0.03396477053688786,-0.05034269860499951,0.24133822899864316,34.0,442,761,1016,-0.13220961539079365,97.151,0.5071133547498853,0.9739884393063584,66,3.8,9.0,181.58460587425424,282.73499999999996,609.29,2179,4779810,https://osu.ppy.sh/b/1988753
1678457,Chata,Boku no Tonari de Koi o Shite!,Sobani,NM,5.25665,0.4543298273045371,0.4543298273045371,0.5348837209302325,supported,corroborated,0.0,0.0,0.011960682960249073,0.02756858082049228,-0.06991278118001992,0.15578680426163785,49.0,0,3,5,-0.28902649143755305,98.27090000000001,0.4782608695652174,0.8729508196721312,89,4.2,8.8,162.8828,202.43,213.874,23,50814,https://osu.ppy.sh/b/1678457
1826549,ClariS,SHIORI (TV Size),Nevo's Extra,NM,5.14103,0.452680476714937,0.452680476714937,0.3333333333333333,explore,corroborated,0.0,0.0,0.03945313023769059,0.0049763224522591035,-0.08839050616172295,0.15143632062609,70.5,1,1,2,-0.49252194681885486,97.8328,0.7,0.998945147679325,88,4.0,9.0,174.15216,211.39959999999988,503.383,10,33975,https://osu.ppy.sh/b/1826549
1778101,ChouCho,Yasashisa no Riyuu (TV Size),Kindness,NM,4.89072,0.4521320518675356,0.4521320518675356,0.2857142857142857,explore,realized_only,0.0,0.0,-0.0004938453739624891,0.03755296478184436,-0.0017140265405102427,0.15872143085670817,39.0,0,1,1,-0.39408311596899565,96.293,0.75,0.9988344988344988,86,3.6,9.0,231.4313625,421.685,528.407,8,34119,https://osu.ppy.sh/b/1778101
673632,Chitose Sara,Arcadia,Arcadia,NM,5.34019,0.45188909350997797,0.5843432193667416,0.4117647058823529,explore,formula_only,0.4415137528558789,0.13245412585676367,0.07395602220018638,-0.012011522557652367,-0.2531437087099059,0.1305229786347617,78.5,0,0,1,-0.27441505080615647,97.7642,0.5714285714285714,0.9660033167495854,104,4.0,9.0,160.78809285714286,219.9367,228.081,14,70620,https://osu.ppy.sh/b/673632
5466936,Marina and the Diamonds,How to Be a Heartbreaker (Nightcore & Cut Ver.),RinRin's Special,NM,4.98442,0.45142365726663014,0.5304956695055942,0.48717948717948717,explore,formula_only,0.26357337412988024,0.07907201223896407,0.06381935360505202,-0.008309530846976552,0.9886395360330126,0.1857744135426908,49.0,2,5,6,1.061641491012675,94.2029,0.3157894736842105,0.5669014084507042,52,4.4,8.8,122.3036894736842,171.63819999999993,275.274,19,16465,https://osu.ppy.sh/b/5466936
4825249,SIX LOUNGE,Without any words (TV Size),Expert,NM,5.16864,0.45005160049522913,0.45005160049522913,0.4117647058823529,explore,corroborated,0.0,0.0,0.043544781987824306,0.0014114021611980263,0.5377432037064122,0.15639444798378224,48.0,0,1,3,0.7407501281812028,95.78465,0.2857142857142857,0.6677215189873418,87,4.0,8.0,107.11307142857143,150.68120000000002,167.098,14,25192,https://osu.ppy.sh/b/4825249
722607,Ayumi.,Hanagoyomi short version,Kencho's Insane,NM,5.03988,0.4470822043379781,0.4470822043379781,0.8360655737704918,high_conf,corroborated,0.0,0.0,0.002040080029058886,0.03505443590111208,-0.5508039279936703,0.18235691857863207,50.0,11,20,30,-0.5904776980189536,97.8733,0.7450980392156863,0.9962264150943396,98,4.0,8.0,156.96178529411765,176.92250000000004,500.106,102,537760,https://osu.ppy.sh/b/722607
995922,WALKUERE,Ichido dake no Koi nara,lfj's Extra,NM,5.282,0.4462294875722479,0.4462294875722479,0.2857142857142857,explore,corroborated,0.0,0.0,0.026934634904783254,0.014651484610356064,0.09574692973040524,0.16129084879704236,45.5,0,2,2,-0.03579378727295071,95.80705,0.5,0.9832089552238805,86,3.8,8.5,220.875,497.12669999999997,518.007,8,39769,https://osu.ppy.sh/b/995922
962979,HO-KAGO TEA TIME,Kira Kira Days,Milan-'s Extra!!,NM,5.28382,0.44069189444412854,0.45354323884019637,0.9367088607594937,high_conf,formula_only,0.042837814653559396,0.012851344396067818,0.047842355932953266,-0.0018015325732888589,0.403190047265141,0.1549403563195825,57.0,10,31,65,0.04307278431663874,97.9434,0.3885135135135135,0.8058925476603119,90,4.3,8.6,156.2170179054054,208.169,493.483,296,498125,https://osu.ppy.sh/b/962979
1937847,Dreamcatcher,YOU AND I,TheMefisto's Another,NM,4.818,0.4382021108810078,0.4382021108810078,0.3939393939393939,explore,corroborated,0.0,0.0,0.014341544017990178,0.024253596233465596,0.03503926390818143,0.15613259736257756,63.0,1,2,2,-0.26823530480092594,97.4448,0.5384615384615384,0.9667458432304038,79,3.6,8.0,159.8753153846154,373.59180000000003,398.766,13,59967,https://osu.ppy.sh/b/1937847
1669839,FLOW,Sign (TV Size),Monstrata's Insane,NM,4.99564,0.4373040494798245,0.4373040494798245,0.48717948717948717,explore,corroborated,0.0,0.0,0.04196085778947255,0.0016215792470110485,0.1358492970957518,0.16689215096789628,49.0,2,2,3,0.6535610676565242,93.7059,0.42105263157894735,0.9251968503937008,86,4.0,9.0,124.26974210526316,165.0768,492.657,19,58455,https://osu.ppy.sh/b/1669839
4233202,Sayuri,Hana no Tou (TV Size),Takina,NM,5.17991,0.4330234832732219,0.46460381072936136,0.25925925925925924,explore,formula_only,0.10526775818713154,0.03158032745613946,0.051794599524415126,-0.004089199170148097,0.3310764070253374,0.16048769654600722,57.0,1,1,1,1.5144000459980225,94.6743,0.0,0.4225092250922509,87,4.0,8.0,138.6683285714286,247.08500000000012,451.97,7,10314,https://osu.ppy.sh/b/4233202
1554404,ASIAN KUNG-FU GENERATION,Blood Circulator,Extra,NM,5.17644,0.43116732112907497,0.43116732112907497,0.6875,supported,corroborated,0.0,0.0,0.012057719696424246,0.02552085810463725,0.22482692940677798,0.18566140751312507,45.5,6,11,16,0.15163225972186614,96.68435,0.4090909090909091,0.8403846153846154,89,4.0,8.4,168.71545,396.13400000000007,514.699,44,86508,https://osu.ppy.sh/b/1554404
1694013,Hoshino Gen,DORAEMON,Haruto's Expert,NM,4.92578,0.4276579074738686,0.46829513175244836,0.3939393939393939,explore,formula_only,0.13545741426193245,0.040637224278579735,0.05341883464210696,-0.00510194462925948,-0.11702236190504235,0.1529844811906535,67.0,1,1,1,0.9817285732663228,95.8751,0.23076923076923078,0.5407925407925408,89,4.5,8.4,92.68946923076922,113.2542,145.469,13,65979,https://osu.ppy.sh/b/1694013
1592165,JIN ft. Shoichi Taguchi (Sentimental Vector),Kagerou Days,A r M i N's Extra,NM,5.24125,0.4251523728983503,0.4251523728983503,0.6666666666666666,supported,corroborated,0.0,0.0,0.025990377755110546,0.013631376920371849,-0.07783937960134674,0.17027692938072586,63.5,4,5,7,-0.39684775431700386,97.67699999999999,0.575,0.9950248756218906,100,3.0,8.5,179.011315,215.3402,588.062,40,54396,https://osu.ppy.sh/b/1592165
3668047,NIGHTMARE,Alumina (TV Size),L,NM,5.1341,0.4227492042306846,0.4227492042306846,0.3103448275862069,explore,corroborated,0.0,0.0,0.011302012143885825,0.02542259956972743,0.3136790774496831,0.21741134119561611,49.0,1,3,3,0.6227048667947128,94.0075,0.4444444444444444,0.8426666666666667,66,4.0,8.5,143.22648888888887,202.97380000000004,380.185,9,13692,https://osu.ppy.sh/b/3668047
2151745,Oomori Seiko,JUSTadICE (TV Size),Kencho's Extra,NM,5.2493,0.42224120278459076,0.42224120278459076,0.375,explore,corroborated,0.0,0.0,0.008729905917350688,0.027479972977309704,-0.03360265017838138,0.1866874998114089,44.5,2,3,3,-0.2797409826001736,98.358,0.5,0.9528301886792453,88,4.1,8.3,140.40268333333333,176.4107,194.428,12,33156,https://osu.ppy.sh/b/2151745
1667530,Wakeshima Kanon,killy killy JOKER (TV Size),Expert,NM,5.21732,0.4222178201861687,0.4222178201861687,0.25925925925925924,explore,realized_only,0.0,0.0,-0.0004087395686421264,0.03494118710447652,-0.21799711349359438,0.14654664805550963,58.0,0,1,2,-0.75367932173727,97.5309,0.8571428571428571,0.9979423868312757,83,4.0,8.5,150.32337142857142,188.6804,191.444,7,28017,https://osu.ppy.sh/b/1667530
1737489,Ray,km/h (TV Size),Owens' Extra,NM,5.29742,0.42160895374037305,0.4622250220241466,0.6551724137931034,supported,formula_only,0.1353868942792452,0.04061606828377356,0.0528509889729764,-0.005154076693551739,0.08908194970284752,0.13655724760347362,67.0,0,3,5,-0.28444115307033135,96.33250000000001,0.7368421052631579,0.9971374045801527,89,3.6,9.0,156.81585526315789,208.98130000000003,295.928,38,79830,https://osu.ppy.sh/b/1737489
1839781,UNLIMITS,Haruka Kanata (TV Size),Astronic's Expert,NM,5.26412,0.4206865973775909,0.4206865973775909,0.4444444444444444,explore,corroborated,0.0,0.0,0.015441117400877568,0.02186705038013779,-0.22050905723649103,0.1766681404312233,47.0,1,4,4,0.7847614591061343,95.8988,0.25,0.5604395604395604,84,4.0,8.5,171.13173125,408.7115,525.991,16,80829,https://osu.ppy.sh/b/1839781
386140,deadmau5,Orange File,Extra,NM,4.93139,0.41988016835720465,0.41988016835720465,0.5238095238095238,supported,corroborated,0.0,0.0,0.0023605243617808892,0.032480962967056916,-0.23627880512571836,0.17906328668839322,51.0,2,4,6,-0.7870614489944494,97.64009999999999,0.9545454545454546,1.0,32,4.0,8.0,204.9972590909091,447.9748,486.36,22,174308,https://osu.ppy.sh/b/386140
2280179,Nanamori-chu * Goraku-bu,Acchu~ma Seishun! (TV Size),Trynna's Insane,NM,5.2181,0.41929238406092034,0.42244095338409837,0.5833333333333334,supported,formula_only,0.010495231077260043,0.003148569323178013,0.043001063620948764,-0.0004910663511581582,0.0395240447682578,0.176516679296628,56.5,1,3,7,0.12707581596590883,96.2529,0.5357142857142857,0.8614564831261101,89,3.9,8.3,163.47535,261.66230000000013,416.447,28,45351,https://osu.ppy.sh/b/2280179
3211474,yanaginagi,can cry,Mephistopheles,NM,5.26775,0.4188112581530321,0.4422533094581146,0.3939393939393939,explore,formula_only,0.07814017101694151,0.023442051305082454,0.04843607621350156,-0.003245882338069628,0.30402262356820653,0.16568825621133781,48.0,1,1,2,1.0397512657695391,93.949,0.23076923076923078,0.6728538283062645,88,4.0,8.5,108.02356153846154,143.717,165.427,13,16884,https://osu.ppy.sh/b/3211474
638493,FLOWxGRANRODEO,7 -seven- -TV SIZE -,Expert,NM,5.31975,0.4185766257866754,0.4185766257866754,0.966996699669967,high_conf,corroborated,0.0,0.0,0.010013836948487221,0.026119997157517706,-0.5553100440181417,0.18097663952894708,49.0,48,119,175,-0.22443956048840014,97.25435,0.5358361774744027,0.9944237918215614,88,4.0,8.0,202.9611390784983,463.92,582.777,586,1400877,https://osu.ppy.sh/b/638493
1196604,Yakushi Ruri,la la for you,Kagetsu's Extra,NM,5.37347,0.4180409515146466,0.4180409515146466,0.25925925925925924,explore,corroborated,0.0,0.0,0.00937652255964752,0.026594944246841605,-0.11265216942176508,0.17043728568803232,42.0,0,1,2,-1.39952514889664,98.3471,1.0,0.9980119284294234,85,4.0,8.5,330.412,539.4482,544.361,7,16949,https://osu.ppy.sh/b/1196604
5168742,BABYMETAL,from me to u (feat. Poppy) (Cut Ver.),Fuxi's Expert,NM,5.08135,0.4117953918870397,0.4117953918870397,0.5,supported,corroborated,0.0,0.0,0.01968378409018235,0.017646594693613647,0.8968021072035387,0.16914439403395007,51.5,3,3,6,-0.08529064040480275,96.7859,0.5,0.9907192575406032,66,3.4,8.8,204.63208500000002,371.68950000000007,480.931,20,20109,https://osu.ppy.sh/b/5168742
107159,Hyadain,Hyadain no Joujou Yuujou (TV Size),Insane,NM,4.83999,0.4112097566227189,0.4112097566227189,0.2,explore,corroborated,0.0,0.0,0.0013074096858282421,0.0326041446817992,-0.14823397856488177,0.3137131928818727,36.0,1,1,2,0.3303256656480785,96.67670000000001,0.2,0.6929460580912863,87,4.0,7.0,141.71496,271.01936,386.394,5,68331,https://osu.ppy.sh/b/107159
1295253,Fox Stevenson & Curbi,Hoohah (VIP Edit),Breakthrough,NM,5.26504,0.4102016886101816,0.4102016886101816,0.8360655737704918,high_conf,corroborated,0.0,0.0,0.021707575080844966,0.0158583961617305,-0.11482264704800671,0.19546725631671805,55.0,12,19,28,0.7693361571152977,95.3916,0.35294117647058826,0.5802469135802468,81,4.0,8.6,128.84459215686275,185.7347,538.499,102,370220,https://osu.ppy.sh/b/1295253
1330566,F-777,Deadlocked,Demon,NM,5.30626,0.4100496002661667,0.4100496002661667,0.47368421052631576,explore,corroborated,0.0,0.0,0.03730407277981655,0.0031083751736390285,0.23008241512222738,0.17096914536542324,49.5,1,4,7,1.4756377003069512,93.8161,0.1111111111111111,0.4407806191117093,108,4.0,8.0,132.41406666666666,162.2774,551.015,18,52677,https://osu.ppy.sh/b/1330566
1315102,Eir Aoi,Cynthia No Hikari,Lami's Extra,NM,5.23052,0.40909512787932406,0.40909512787932406,0.4594594594594595,explore,corroborated,0.0,0.0,0.038165444382858286,0.0023238078551177386,0.21303619910525706,0.16070536949799652,65.0,1,1,2,-0.24684463756421293,96.7604,0.5882352941176471,0.9961013645224172,88,3.8,8.2,221.67346470588234,481.0444,512.134,17,68148,https://osu.ppy.sh/b/1315102
1382127,ZAQ,Caste Room,Challenger,NM,5.20131,0.4064990031465995,0.4064990031465995,0.2,explore,corroborated,0.0,0.0,0.022830152846099454,0.014626953053912529,0.08980244302161522,0.19797924460753563,33.0,1,1,2,2.313713007719946,90.8537,0.0,0.36644951140065146,88,3.8,8.0,78.56466,93.48804,95.2058,5,78804,https://osu.ppy.sh/b/1382127
1288675,ClariS,Hitorigoto -TV MIX-,Moecho's Manga,NM,5.1082,0.4013446907854342,0.45564253353141027,0.6,supported,formula_only,0.18099280915325353,0.05429784274597606,0.05409752282023108,-0.006731491646316054,-0.1712900333933296,0.14546282989270506,70.5,0,3,9,0.14948697950667494,97.0255,0.4,0.7690721649484535,88,4.2,9.0,231.60537333333332,459.567,552.68,30,112104,https://osu.ppy.sh/b/1288675
742675,CHiCO with HoneyWorks,Pride Kakumei,Insane,NM,5.22887,0.40105943243490816,0.40105943243490816,0.6875,supported,corroborated,0.0,0.0,0.0031937239298722737,0.030201030043802028,-0.027349641831032615,0.2079408442800485,46.0,6,11,15,-0.38346073575546735,97.49795,0.6590909090909091,1.0,90,4.0,8.0,205.99910227272724,477.4746,532.786,44,100204,https://osu.ppy.sh/b/742675
4356772,fripSide,Red Liberation (TV Size),Extra,NM,5.39075,0.39995738756524957,0.39995738756524957,0.2,explore,realized_only,0.0,0.0,-0.022759725976333994,0.05130261629196567,0.0781168731108354,0.19882366594384154,33.0,1,1,1,-1.2938678515789919,98.4267,1.0,1.0,76,4.0,8.6,268.0486,449.74960000000004,540.11,5,12936,https://osu.ppy.sh/b/4356772
1407931,ClariS,Butterfly Regret,kotachi's Farewell,NM,5.04688,0.3978427963159626,0.3978427963159626,0.3103448275862069,explore,realized_only,0.0,0.0,-0.021521670677175232,0.050111831780790976,-0.11971897373417233,0.19287542166596758,34.0,2,3,4,-0.6119565689697353,98.5222,0.6666666666666666,0.9948006932409013,98,4.0,8.0,189.85757777777778,297.1136,421.112,9,29097,https://osu.ppy.sh/b/1407931
2025938,MIMI feat. Hatsune Miku,Mizuoto to Curtain,Extra,NM,4.96063,0.3966144740125597,0.3966144740125597,0.9832214765100671,high_conf,corroborated,0.0,0.0,0.009118917571520344,0.024984381804509417,0.18837874184538267,0.20834469202250283,44.0,167,311,448,-0.17629944973189515,96.8692,0.5895904436860068,0.9961089494163424,53,3.8,8.6,148.27487150170649,272.3449000000005,449.736,1172,2773395,https://osu.ppy.sh/b/2025938
637537,Katakiri Rekka & Suzuyu,Girl meets Love,Love,NM,5.2575,0.39533840917238955,0.39533840917238955,0.6,supported,corroborated,0.0,0.0,0.020236810175767936,0.015796353984107496,0.025801235972895433,0.1628703412267335,53.5,2,5,7,-0.47658401036122244,98.37965,0.6,0.9983443708609272,98,4.0,8.0,331.3421333333333,521.4274,558.544,30,67439,https://osu.ppy.sh/b/637537
1962182,toby fox,Last Goodbye,Extra,NM,5.10955,0.3944164653305422,0.3944164653305422,0.9633699633699634,high_conf,corroborated,0.0,0.0,0.01731590837387617,0.01810339703902265,0.5441648688496942,0.17714425905657985,51.0,38,93,150,-0.0007550372730183788,97.08590000000001,0.4448669201520912,0.9213973799126638,85,4.0,8.5,155.25435076045628,225.5735,509.205,526,914175,https://osu.ppy.sh/b/1962182
4644196,Cartoon,Whatever I Do (feat. Kostja) (Cut Ver.),Enjoy the Ride,NM,5.29937,0.39380218564827585,0.41738277104131594,0.48717948717948717,explore,formula_only,0.07860195131013364,0.02358058539304009,0.04607619946975974,-0.0034322905703557116,0.6242858421344479,0.1558468323718929,50.0,1,2,5,0.32642273920621195,98.1609,0.3684210526315789,0.5398009950248757,79,4.0,9.0,217.3926789473684,456.9498,519.302,19,11090,https://osu.ppy.sh/b/4644196
2449773,x0o0x_,/ / // / /,Invisible Station,NM,5.32292,0.39091056886665754,1.1496380189325377,0.5,supported,formula_only,2.5290915002196006,0.7587274500658802,0.15760871348013766,-0.032285810046205246,0.24409213767620924,0.16029853526469878,55.0,1,2,3,0.692638676036719,96.7202,0.25,0.5632279534109816,118,3.8,8.5,146.9291,201.33990000000003,219.345,20,76496,https://osu.ppy.sh/b/2449773
1674588,KANA-BOON,Nai Mono Nedari,Agatsu's Insane,NM,5.31806,0.3906749236468821,0.3906749236468821,0.6428571428571429,supported,corroborated,0.0,0.0,0.017452349063417572,0.01767399420761094,0.38005140247173347,0.18231381913797304,57.5,3,8,11,0.5969811144673713,96.2538,0.2777777777777778,0.6554160125588697,112,4.0,8.0,171.18541666666667,308.248,576.429,36,55476,https://osu.ppy.sh/b/1674588
1278221,Kano,Sakura no Zenya,Kencho's Wish,NM,5.27266,0.39024145803409566,0.39024145803409566,0.6296296296296297,supported,corroborated,0.0,0.0,0.0361449947942458,0.0023715481033435354,0.003621217148448665,0.15663208923338612,54.5,3,4,6,-0.1428605413811548,97.04775,0.5294117647058824,0.9800362976406534,112,4.1,8.7,188.62027352941175,334.43119999999993,476.482,34,84924,https://osu.ppy.sh/b/1278221
2177642,Sati Akura,Chikatto Chika Chika,Dendy's Expert,NM,5.32038,0.39010396206987363,0.39010396206987363,0.3548387096774194,explore,corroborated,0.0,0.0,0.017459060877505574,0.017619989477506502,0.09927419174507687,0.21623055994121068,51.0,2,3,3,1.9025935314126847,89.1459,0.2727272727272727,0.6167076167076168,88,4.0,9.0,107.06294545454544,188.754,192.308,11,54567,https://osu.ppy.sh/b/2177642
4549274,KANA-BOON,Song of the Dead (TV Size),Akitoshi's Light Extra,NM,4.98192,0.3871910420572414,0.3871910420572414,0.3103448275862069,explore,realized_only,0.0,0.0,-0.03169764016149623,0.057516933815545,0.378001986924944,0.2107221494896571,23.0,1,4,5,1.495163600585664,88.9658,0.4444444444444444,0.7692307692307693,85,4.0,8.3,112.56056666666667,178.63660000000004,348.007,9,13742,https://osu.ppy.sh/b/4549274
697265,Pierce The Veil,The First Punch,Insane,NM,4.93084,0.38291323935262817,0.38291323935262817,0.4117647058823529,explore,corroborated,0.0,0.0,0.02145976744723016,0.013741650187788305,-0.14017402006619245,0.1848499766868176,52.5,2,2,3,-0.6711131694128728,97.7833,0.7857142857142857,0.9986859395532195,107,4.0,8.0,177.28774285714286,371.5144000000003,480.883,14,80874,https://osu.ppy.sh/b/697265
1983457,Itowokashi,Kanadeai,Agatsu's Extra,NM,5.33112,0.38269417153908164,0.45834817249059756,0.4594594594594595,explore,formula_only,0.25218000317171974,0.07565400095151592,0.057030428692881795,-0.00889674983551572,0.0037740768735356174,0.13916194609919896,60.0,0,1,3,-0.2208788078201429,97.5958,0.5294117647058824,0.9528130671506352,97,3.0,9.0,279.9585294117647,465.0364,520.075,17,38988,https://osu.ppy.sh/b/1983457
4676605,Alya (CV: Uesaka Sumire),Ichiban Kagayaku Hoshi (TV Size),Kuki's Extra,NM,5.27845,0.3806046858462867,0.3806046858462867,0.23076923076923078,explore,corroborated,0.0,0.0,0.023779368326397717,0.011651122538609759,0.23907814603182456,0.15058576484250877,53.0,0,0,2,0.6260450053078064,96.3822,0.3333333333333333,0.5961904761904762,86,3.8,9.0,209.18133333333333,340.5395,448.09,6,12617,https://osu.ppy.sh/b/4676605
1890972,Ito Kanako,Amadeus,1.130205%,NM,5.28442,0.37733865811812284,0.37733865811812284,0.2857142857142857,explore,corroborated,0.0,0.0,0.030090144070488455,0.0062197753106293064,-0.0908736990536532,0.1415589513922523,75.5,0,1,1,-0.460771403188411,97.6019,0.625,0.9972972972972973,90,3.7,8.5,184.8092375,285.8897999999999,483.287,8,23184,https://osu.ppy.sh/b/1890972
2301522,Ceui,Have a live day,Sakura Gram,NM,5.37042,0.3709492620483628,0.38803167453790527,0.2,explore,formula_only,0.056941374965141595,0.017082412489542478,0.04214742370692601,-0.002718218011889855,-0.1101594949149842,0.14844714578148666,45.0,0,0,1,0.19794851310323766,95.5095,0.6,0.8503649635036497,98,4.0,8.9,255.15540000000001,496.12100000000004,708.735,5,17190,https://osu.ppy.sh/b/2301522
2406463,Serena (CV: Makiguchi Mayuki),Dori Dori (TV Size),hvick225's Extra,NM,5.34823,0.3666332623621879,0.3666332623621879,0.3333333333333333,explore,realized_only,0.0,0.0,-0.003170943772408126,0.03247309998612443,0.2086259360541252,0.22049892509715213,58.0,2,3,4,-0.0748162229104232,96.80754999999999,0.5,0.9797297297297297,79,4.0,8.0,149.1175,179.0308,185.95,10,18153,https://osu.ppy.sh/b/2406463
983102,Komiya Mao,(can you) understand me?,frey's lunatic?,NM,5.11703,0.3662670104246508,0.3662670104246508,0.8571428571428571,high_conf,realized_only,0.0,0.0,-0.006516165388156749,0.03517389542332534,0.26849512847587725,0.18542485234251796,47.5,12,28,40,0.10447941880845465,97.57835,0.44166666666666665,0.7494908350305499,89,4.0,8.0,134.34543333333332,170.647,451.322,120,254431,https://osu.ppy.sh/b/983102
2277298,KANA-BOON,Silhouette (TV Size),Shiro's Genjutsu,NM,5.39414,0.3658166872755947,0.3658166872755947,0.2857142857142857,explore,realized_only,0.0,0.0,-0.016029278553757152,0.04290464002282752,0.09741207291964485,0.189092431668804,44.0,1,3,3,-0.41273577394139643,98.63125,0.5,0.973384030418251,87,4.0,8.5,170.499625,188.0592,198.352,8,32043,https://osu.ppy.sh/b/2277298
1962161,Tashiro Tomokazu,Koi no Hime Hime Pettanko (Karaoke),Extra,NM,4.82107,0.36551657871867116,0.36551657871867116,0.9590163934426229,high_conf,realized_only,0.0,0.0,-0.012343641520868883,0.039869208668668873,-0.3670993027571868,0.18474178139276798,47.0,44,91,155,-0.6935828846249369,98.3871,0.7542735042735043,1.0,32,4.0,8.8,195.01864123931625,365.418,588.39,468,875979,https://osu.ppy.sh/b/1962161
1167848,Lifetheory,Daisy,krt's Insane,NM,4.91078,0.36416161865277324,0.36416161865277324,0.375,explore,realized_only,0.0,0.0,-0.006403414199193007,0.034902887908956994,0.4105062172266749,0.1675292640997372,46.0,1,2,3,-0.08429744361596281,97.30154999999999,0.5,0.8969258589511755,110,3.8,7.5,161.20043333333334,280.93580000000003,448.734,12,47878,https://osu.ppy.sh/b/1167848
3193000,Aoi Eir,Cynthia no Hikari,Expert,NM,5.13109,0.3634783586069457,0.3634783586069457,0.2,explore,corroborated,0.0,0.0,0.033717259645365816,0.0020797172021216823,0.004402959520223822,0.1471616836369129,54.0,0,0,2,1.3109382097174933,93.8272,0.2,0.566003616636528,88,4.0,8.7,103.63258,132.8394,149.597,5,21307,https://osu.ppy.sh/b/3193000
805030,Horie Yui,Asymmetry,Flask's Insane,NM,4.82773,0.3583412447343926,0.3583412447343926,0.2857142857142857,explore,corroborated,0.0,0.0,0.014288400491026663,0.017509983908008044,-0.4459517330486708,0.15475941505110818,69.5,1,1,1,-0.10394540190561989,98.50489999999999,0.375,0.7463157894736843,87,4.0,8.0,145.7831625,206.86949999999996,358.598,8,106111,https://osu.ppy.sh/b/805030
2492320,ClariS,Kimi no Shiranai Monogatari (Cut Ver.),TurwiK's Insane,NM,4.84651,0.3555140656870041,0.3783071515190871,0.23076923076923078,explore,formula_only,0.07597695277360995,0.022793085832082987,0.042238568262255215,-0.003619095570105953,0.027630188185012672,0.15294109048281826,55.0,0,0,2,0.28590906781682396,95.7196,0.5,0.8509874326750448,111,4.0,8.5,92.54151666666667,117.435,118.945,6,19803,https://osu.ppy.sh/b/2492320
4208420,ILLENIUM,Eyes Wide Shut (with Avril Lavigne & Travis Barker) (Cut Ver.),Akitoshi's Expert,NM,4.98195,0.35502151349376737,0.35502151349376737,0.6551724137931034,supported,corroborated,0.0,0.0,0.024054699692715058,0.009252071608633028,0.16882221267694728,0.18254985713675112,44.5,3,5,7,0.19281007427688057,96.57995,0.4473684210526316,0.7948207171314741,95,3.9,8.5,201.8700710526316,389.81670000000014,490.9,38,63663,https://osu.ppy.sh/b/4208420
2887507,RAISE A SUILEN x Yukina (CV: Aiba Aina),SAVIOR OF SONG,Kuroame's Expert,NM,5.23793,0.35387068434031443,0.35387068434031443,0.25925925925925924,explore,corroborated,0.0,0.0,0.020281636440043105,0.0122355921813155,0.3416039336536009,0.20704605149081898,67.0,1,2,3,-0.8027001513597395,98.773,0.7142857142857143,1.0,83,3.8,9.0,169.44660000000002,230.3616,268.251,7,15069,https://osu.ppy.sh/b/2887507
544671,sasakure.UK,SeventH-HeaveN feat. Hatsune Miku,Another,NM,5.22317,0.35366275551378473,0.35366275551378473,0.6610169491525424,supported,realized_only,0.0,0.0,-0.010890356279537718,0.03767496050505451,-0.41871301090739366,0.20176528898712862,49.0,4,8,10,-0.6112567269552978,97.9742,0.717948717948718,0.9978494623655914,79,4.0,8.0,203.38443846153845,482.7,572.741,39,161169,https://osu.ppy.sh/b/544671
1852937,hanser,No title,Extra,NM,5.34593,0.3517366100157191,0.3983421761931316,0.4444444444444444,explore,formula_only,0.1553518872580418,0.04660556617741254,0.04788480749925269,-0.0065274891252488036,-0.06405941983215786,0.15278058469072356,60.5,1,1,2,-0.3512505950649116,97.6626,0.625,0.9978165938864629,68,3.9,9.0,192.37975,266.0,534.566,16,36027,https://osu.ppy.sh/b/1852937
1725712,supercell feat. Hatsune Miku,Black*Rock Shooter (TV Size),Insane,NM,4.88994,0.3511647256558416,0.3511647256558416,0.6296296296296297,supported,corroborated,0.0,0.0,0.0051308931539043815,0.024378689207938543,0.05606620901380703,0.18919365816539133,56.0,5,6,10,-0.8136342767335917,98.26835,0.7941176470588235,1.0,88,3.8,7.7,272.22121764705884,449.517,472.71,34,77706,https://osu.ppy.sh/b/1725712
1303587,Roromiya Karuta(Hanazawa Kana),sweets parade,Walao's Extra,NM,5.26065,0.3501718686358536,0.3501718686358536,0.8837209302325582,high_conf,realized_only,0.0,0.0,-0.00951800193304876,0.03625753369641385,-0.2281931646698923,0.18216069344955574,54.0,19,26,39,-0.523969337776988,98.0697,0.6973684210526315,1.0,37,4.5,8.5,170.98264210526315,204.905,701.4,152,367964,https://osu.ppy.sh/b/1303587
1946377,"Nakagawa Kanon (CV: Touyama Nao), Suirenji Ruka (CV: Yamazaki Haruka)",Ringo Ribbon,Expert,NM,5.20865,0.34860868088878294,0.5086151644997711,0.7647058823529411,supported,formula_only,0.5333549453699605,0.16000648361098815,0.07010968311579799,-0.015306140354143618,0.368849051509917,0.14821684415646108,71.0,4,9,12,-0.04530143983658488,96.1706,0.5076923076923077,0.951310861423221,94,3.8,9.0,241.36409076923076,487.4812,544.332,65,103500,https://osu.ppy.sh/b/1946377
1710339,Aqours,MIRACLE WAVE (TV Size),Wolf's Expert,NM,5.15057,0.3476625259178999,0.3476625259178999,0.5555555555555556,supported,realized_only,0.0,0.0,-0.026447468215737305,0.04986995897339992,0.09311381886944617,0.18657464210728303,52.0,2,6,8,-0.4200108650495511,97.7671,0.6,0.9931506849315068,98,4.0,8.0,163.1362,187.01160000000002,498.992,25,66762,https://osu.ppy.sh/b/1710339
4368560,Yomitan Akane,Chilly,NYAN_KOT_NYAN's Insane,NM,4.9096,0.3407678725670019,0.3407678725670019,0.2,explore,corroborated,0.0,0.0,0.00017584372382204415,0.027541717520843716,0.1743258122050123,0.21000738241947517,62.0,2,2,2,0.5116149361487852,92.5532,0.6,0.9955223880597015,101,3.5,8.0,136.55108,245.59500000000003,324.577,5,20632,https://osu.ppy.sh/b/4368560
501049,ALiCE'S EMOTiON,Keep Going!,LUNATiC,NM,5.08954,0.33987367389390316,0.33987367389390316,0.4444444444444444,explore,realized_only,0.0,0.0,-0.016619604568372866,0.04118195891640014,-0.19524216187762106,0.1537412697368445,64.5,1,2,5,-0.8178147419395709,98.04825,0.875,1.0,76,4.0,8.0,168.8386875,191.6625,436.177,16,76268,https://osu.ppy.sh/b/501049
2118900,Ito Kanako,Fates Fall -Kibou no Kage- (Ending Version),Stack's Endless Starlight,NM,5.06352,0.33915272541352304,0.33915272541352304,0.2,explore,realized_only,0.0,0.0,-0.002995259937864281,0.029994179182451293,-0.15307608576864812,0.19564886912588175,44.0,1,2,2,-0.5858322613358744,97.663,0.8,0.9975308641975309,83,3.8,8.5,134.40339999999998,146.6772,149.432,5,21258,https://osu.ppy.sh/b/2118900
1522909,BURNOUT SYNDROMES,Hana Ichi Monme (TV Size),Insane,NM,4.8634,0.339130148098451,0.339130148098451,0.3548387096774194,explore,realized_only,0.0,0.0,-0.00825212421157038,0.034285351399044296,0.02193891504793744,0.19503167998755738,44.0,1,4,4,-0.33678576341472993,96.4472,0.7272727272727273,1.0,87,4.0,8.5,158.36676363636363,300.591,365.073,11,29592,https://osu.ppy.sh/b/1522909
2021991,cillia,Chikatto Chika Chika,Keitaro's Expert,NM,5.29455,0.3388185846524469,0.35768657632169626,0.5918367346938775,supported,formula_only,0.06289330556416452,0.018867991669249354,0.0395763343060792,-0.003197394506548462,0.34544418907057084,0.14747301786448672,60.0,1,2,8,0.003853246753283003,96.8254,0.41379310344827586,0.94750656167979,78,3.7,9.0,246.67826551724139,473.758,537.663,29,47799,https://osu.ppy.sh/b/2021991
2721301,ClariS,Connect (TV Size),Wandering in this Collapsed World,NM,5.06425,0.33864372076946014,0.33864372076946014,0.23076923076923078,explore,corroborated,0.0,0.0,0.01357311715844884,0.01642012673726148,-0.06484537413891357,0.17066744230241604,44.0,0,1,2,-0.1290721312193282,96.36365,0.5,0.9803719008264462,89,4.4,8.6,163.92541666666668,293.528,433.028,6,27591,https://osu.ppy.sh/b/2721301
2994573,Vivy (CV: Yagi Kairi),Sing My Pleasure (TV Size),Vivy,NM,5.15263,0.33831708613689226,0.33831708613689226,0.25925925925925924,explore,corroborated,0.0,0.0,0.032753002997341185,0.0007288483360724483,0.08018240257369123,0.1655075411326044,47.0,0,2,2,1.1128857491644684,92.2118,0.42857142857142855,0.702355460385439,86,3.8,8.8,102.76791428571428,136.6602,154.935,7,14814,https://osu.ppy.sh/b/2994573
2601893,hololive IDOL PROJECT,Shiny Smily Story,Expert,NM,5.34453,0.33684974035510995,0.33684974035510995,0.84,high_conf,corroborated,0.0,0.0,0.02998786380239827,0.00286233446574495,-0.33306367561562095,0.16574701097089323,56.0,8,18,23,-0.03626419110161903,97.0175,0.4380952380952381,0.9668615984405458,90,3.8,8.7,280.2130476190476,500.83200000000005,557.374,105,190788,https://osu.ppy.sh/b/2601893
2820775,(K)NoW_NAME,Welcome to Chaos (TV Size),kuyusu's Expert,NM,5.33633,0.3368057625245583,0.3368057625245583,0.375,explore,realized_only,0.0,0.0,-0.028101558138796875,0.05029812733171223,0.27502963544023623,0.21246814237242873,28.0,1,4,7,0.48387796738307237,95.42115,0.4166666666666667,0.7670103092783505,83,4.0,8.5,149.00910833333333,229.48690000000002,405.341,12,19213,https://osu.ppy.sh/b/2820775
3663708,EMI,Anima Libera (Strong Edit) (Nightcore & Cut Ver.),Expert,NM,5.3918,0.33429021404236825,0.39050517270748847,0.5918367346938775,supported,formula_only,0.18738319555040073,0.05621495866512022,0.04857942017773955,-0.007760785555460626,0.16603585124312675,0.15761462603926968,50.0,3,3,4,0.2725987544547453,97.1246,0.41379310344827586,0.7272727272727273,77,4.0,8.8,137.46882068965516,194.25979999999998,222.426,29,59151,https://osu.ppy.sh/b/3663708
131966,sakuzyo,Neurotoxin,Another,NM,4.89777,0.3330463874917987,0.3330463874917987,0.3548387096774194,explore,realized_only,0.0,0.0,-0.001620960825957642,0.02835288883509035,-0.3113079395811715,0.22470618546185053,53.0,2,5,5,-0.6631864430253982,98.1521,0.7272727272727273,1.0,116,4.0,8.0,153.0378090909091,200.588,355.318,11,97616,https://osu.ppy.sh/b/131966
2245767,Turbo,PADORU / PADORU,Agatsu's Insane,NM,4.81434,0.3330294209561099,0.45038741484795897,0.863013698630137,high_conf,formula_only,0.3911933129728304,0.11735799389184912,0.06108546078589572,-0.0128848965906717,0.3923959911484666,0.1888153570804005,57.5,16,24,32,0.7060681384586001,93.53385,0.47619047619047616,0.843558282208589,31,4.0,8.2,100.3133992063492,133.829,381.239,126,337959,https://osu.ppy.sh/b/2245767
815071,Cartoon,Whatever I Do (feat. Kostja),Freedom,NM,5.1748,0.33225717463594,0.4970755164597848,0.8611111111111112,high_conf,formula_only,0.5493944727461494,0.1648183418238448,0.06961081104093819,-0.01587943190710016,-0.6848660173001887,0.16206573776229016,56.0,6,15,28,0.24405533647231895,96.42435,0.4435483870967742,0.8171641791044776,93,4.2,9.0,167.3166241935484,398.6419,548.777,124,597640,https://osu.ppy.sh/b/815071
2328396,saradisk,222 - wewewe,Fall's Expert,NM,5.00582,0.3303279723925351,0.3303279723925351,0.8449612403100775,high_conf,corroborated,0.0,0.0,0.011600384867297288,0.01732446813409004,-0.02226865283744306,0.1852558559919997,46.0,9,20,29,-0.4626123962937664,97.66080000000001,0.6788990825688074,1.0,46,3.8,8.7,202.7062862385321,389.636,455.798,109,193347,https://osu.ppy.sh/b/2328396
5480216,renforshort,hate the way you love me (nightcore & cut ver.),sajinn's expert,NM,5.16593,0.32813056399548807,0.32813056399548807,0.375,explore,corroborated,0.0,0.0,0.03229580554045528,0.00023651866122013053,0.898942800350351,0.21128264060149793,70.0,3,3,3,0.9657817650541132,96.2222,0.0,0.7536873156342183,57,4.0,8.2,132.05908333333335,150.353,266.364,12,12537,https://osu.ppy.sh/b/5480216
1357035,LiSA,Datte Atashi no Hero. -TV ver.-,Haruto's Extra,NM,5.33697,0.3274207387523479,0.3274207387523479,0.5918367346938775,supported,corroborated,0.0,0.0,0.01549905958198797,0.013893488875292374,0.11610017284891669,0.1572477295805178,58.0,3,4,4,-0.21776792671234177,96.8196,0.5862068965517241,0.9982668977469671,87,3.9,8.6,154.16341379310344,191.529,303.954,29,70237,https://osu.ppy.sh/b/1357035
1401477,ONE OK ROCK,20/20,Truth,NM,4.81805,0.327261456714269,0.327261456714269,0.25925925925925924,explore,corroborated,0.0,0.0,0.01320413361331109,0.0157541352698375,-0.39211521331128946,0.1737308528867015,73.0,1,2,3,-0.29830266668624755,97.32260000000001,0.5714285714285714,0.9939024390243902,63,4.3,8.5,180.46084285714284,395.076,395.988,7,59364,https://osu.ppy.sh/b/1401477
1218888,Doubutsu Biscuits x PPP,Youkoso JAPARI PARK e (TV size ver.),Extra-!,NM,4.95103,0.32657997350973006,0.32657997350973006,0.25925925925925924,explore,realized_only,0.0,0.0,-0.010785853393199913,0.03528797399613809,-0.09990410744046434,0.17505667489126564,49.0,0,2,3,0.3694983306150215,92.131,0.7142857142857143,0.9979757085020243,86,4.0,8.4,159.51445714285714,313.32180000000005,420.957,7,55413,https://osu.ppy.sh/b/1218888
1405981,Cass2,Gravity Falls Theme Song- 16 Bit Mix,Expert,NM,4.99358,0.3264410147831424,0.3264410147831424,0.9484536082474226,high_conf,corroborated,0.0,0.0,0.020502176067634055,0.00972436226232123,-0.07773700660136344,0.19257119177789522,46.0,36,83,128,0.07139711503133785,95.7747,0.529891304347826,0.9900990099009901,39,4.5,9.0,147.01507445652175,327.9215000000001,437.384,368,979020,https://osu.ppy.sh/b/1405981
741949,Nanamori-chu * Goraku-bu,My Pace de Ikimashou,Insane,NM,4.89108,0.3221244774597828,0.3221244774597828,0.5833333333333334,supported,realized_only,0.0,0.0,-0.019166654475730842,0.041753618787410865,-0.33718676957269195,0.16799589973913426,46.0,2,5,7,-0.33511793237858994,97.8829,0.5714285714285714,0.9949186991869918,87,3.8,8.0,126.39207857142857,173.8058,226.303,28,177567,https://osu.ppy.sh/b/741949
4917898,Middle Kids,R U 4 Me? (Cut Ver.),Laurier's Insane,NM,4.83187,0.3220981854535827,0.3220981854535827,0.7101449275362319,supported,realized_only,0.0,0.0,-0.002822475007560034,0.02840368399521976,1.1924600856106613,0.21070023216598885,52.0,7,11,13,0.7174398030412669,96.18719999999999,0.3469387755102041,0.5019011406844106,89,3.6,8.0,153.09112040816328,309.4606000000002,393.712,49,65268,https://osu.ppy.sh/b/4917898
1242785,Eisyo-kobu,Oriental Blossom,bread's Insane,NM,5.15865,0.3218080228285837,0.3218080228285837,0.5454545454545454,supported,corroborated,0.0,0.0,0.0115719488804343,0.01662361891390012,0.40765756506688666,0.1740114853821216,49.5,2,5,5,-0.6623026529065752,98.1725,0.7083333333333334,0.9985507246376811,110,4.0,7.5,320.21047500000003,518.5224,538.804,24,65223,https://osu.ppy.sh/b/1242785
5457366,CUPSIZE,"prygay, dura!",mystaz's Another,NM,5.32229,0.32057600806982667,0.6738213519114067,0.25925925925925924,explore,formula_only,1.1774844794719335,0.35324534384158,0.09812362222502212,-0.024143987015052958,0.823438987877943,0.14541081163660044,58.0,0,1,1,0.9006854476148352,95.6187,0.14285714285714285,0.4570552147239264,106,3.5,8.8,226.02485714285714,465.9598000000001,537.868,7,13629,https://osu.ppy.sh/b/5457366
2144183,Tyrfing,Verflucht,Hyper,NM,5.38634,0.31954487157040734,0.31954487157040734,0.5652173913043478,supported,corroborated,0.0,0.0,0.027638412320675987,0.0033103842390626373,-0.3252656120744615,0.15797910774669421,45.0,0,5,6,-0.38519939372843887,97.63305,0.5769230769230769,0.9965156794425087,110,4.0,8.0,303.6475461538461,538.2485,647.479,26,162297,https://osu.ppy.sh/b/2144183
5276003,Iggy Azalea feat. Rita Ora,Black Widow (Whippa Hardstyle Remix) (Sped Up & Cut Ver.),craxtz's Extra,NM,5.10824,0.3137897215671997,0.31812331185996295,0.5652173913043478,supported,formula_only,0.014445300975877522,0.004333590292763256,0.03263454326685587,-0.0008905871516735851,1.0867370156642366,0.16604684807277398,48.5,1,5,8,0.4424786258068474,95.9692,0.38461538461538464,0.782051282051282,41,3.8,8.9,177.95228846153847,366.98400000000004,466.23,26,25375,https://osu.ppy.sh/b/5276003
3671203,NIGHTMARE,the WORLD (TV Size),L,NM,5.20083,0.31341079592811016,0.45674820885334544,0.23076923076923078,explore,formula_only,0.4777913764174509,0.14333741292523527,0.06428183981259758,-0.014954688731758781,0.16785685951017085,0.14011527266979476,61.5,0,0,2,1.3283718013760213,94.0502,0.16666666666666666,0.4872093023255814,77,4.0,8.5,105.97404999999999,149.344,171.917,6,10649,https://osu.ppy.sh/b/3671203
442221,Nakagawa Shouko,Sorairo Days,Insane,NM,4.94696,0.31175376692254136,0.31175376692254136,0.5121951219512195,supported,corroborated,0.0,0.0,0.029492303620330236,0.001134247613329439,-0.547226711441723,0.16384000454383832,61.0,2,5,6,-0.09526033336499425,97.0924,0.5238095238095238,0.9017094017094017,79,4.2,8.2,139.0862857142857,166.255,433.893,21,155298,https://osu.ppy.sh/b/442221
1707404,ClariS,CheerS (TV Size),Phagocytosis,NM,4.83555,0.3117211163260198,0.3117211163260198,0.42857142857142855,explore,realized_only,0.0,0.0,-0.01073695761828034,0.033985255720545296,-0.212089314581901,0.1924938218746834,58.0,1,3,4,0.13457206844687458,95.6522,0.5333333333333333,0.9082125603864735,81,4.2,8.0,105.59009999999999,123.2268,291.619,15,111159,https://osu.ppy.sh/b/1707404
1498730,Misun,Eli Eli (Maduk Remix),Insane,NM,4.90433,0.31163258639424174,0.5111401984325818,0.375,explore,formula_only,0.6650253734611337,0.19950761203834008,0.07382370350598051,-0.018124655325995102,0.09877869371772248,0.1303952612936846,77.5,0,0,2,-0.08257469567515768,97.8723,0.4166666666666667,0.8945454545454545,92,4.0,8.0,168.86449166666668,400.98710000000005,444.367,12,49356,https://osu.ppy.sh/b/1498730
1039163,Kyle Massey,Cory in the House,Extra,NM,5.1333,0.31117589236005816,0.31117589236005816,0.42857142857142855,explore,realized_only,0.0,0.0,-0.010728396530698655,0.03393192807845299,-0.6064568947362199,0.19659688080753857,44.0,2,6,6,-0.64482017687664,97.50450000000001,0.8666666666666667,0.9961685823754789,49,4.0,8.6,142.00932,176.9758,177.143,15,120551,https://osu.ppy.sh/b/1039163
993469,REDALiCE feat. anporin,Beautiful Dream,N a s y a's Another,NM,5.10291,0.3109201281966719,0.3109201281966719,0.4444444444444444,explore,corroborated,0.0,0.0,0.005600589068999711,0.020574899771590764,0.05465536255216835,0.16995434982210256,75.0,3,4,4,-0.19373739182455507,98.22315,0.625,0.9409509202453987,110,3.8,8.0,242.5534375,405.98,474.564,16,56529,https://osu.ppy.sh/b/993469
1248059,Manami Numakura,Climber's High!,Extra,NM,5.23635,0.3102610074649289,0.3102610074649289,0.2,explore,corroborated,0.0,0.0,0.010825302088705163,0.016252049897074575,-0.17784329162831,0.13693995181603827,68.0,0,0,1,-0.24813492985105318,97.21499999999999,0.6,0.9903474903474904,86,3.8,8.0,137.5152,150.1586,150.741,5,22743,https://osu.ppy.sh/b/1248059
4431564,Koji Kondo,Bonus-men BGM / Bonus-men Clear Fanfare,Square-Themed Expert,NM,4.97935,0.3080413334479476,0.3080413334479476,0.5652173913043478,supported,corroborated,0.0,0.0,0.01861637048419522,0.009700726044283172,0.18623523588672614,0.17274336425949402,57.5,3,5,7,-0.26978975028604557,96.81645,0.6538461538461539,0.9954128440366973,35,4.2,8.5,223.5622230769231,411.073,441.91,26,33234,https://osu.ppy.sh/b/4431564
5194043,AiNA THE END,On The Way (TV Size),Kyouren's Extra,NM,5.29542,0.30350915475503837,0.30350915475503837,0.42857142857142855,explore,corroborated,0.0,0.0,0.02380460262664141,0.00507851515719062,0.8438110087171844,0.18021392461959163,53.0,2,4,5,1.3153671391969928,92.5065,0.26666666666666666,0.663003663003663,88,4.0,8.6,106.34425333333334,149.7466,177.037,15,15425,https://osu.ppy.sh/b/5194043
2786088,Karaage Sisters,1 - 2 - 3 (TV Size),New Journey!,NM,5.36228,0.3028506834021607,0.3028506834021607,0.3548387096774194,explore,realized_only,0.0,0.0,-0.01986330733159948,0.04068455766258486,0.26927168338821394,0.21323787819675866,32.0,1,3,5,0.3926003153627907,96.2427,0.45454545454545453,0.6518375241779497,87,3.7,8.7,138.82947272727273,188.037,191.329,11,29778,https://osu.ppy.sh/b/2786088
451414,Faylan,Syumatsu no Fractale (Game Size),Insane,NM,5.05165,0.3022653141473891,0.3022653141473891,0.2857142857142857,explore,corroborated,0.0,0.0,0.007747565254620023,0.018086008573879687,-0.1701952322711339,0.15078996575367906,59.5,0,1,1,-0.8492244031132473,98.57535,0.875,0.9967373572593801,109,4.0,7.5,354.218,521.4615,667.303,8,33526,https://osu.ppy.sh/b/451414
2090844,Mrs. GREEN APPLE,Inferno (TV Size),Fire Force,NM,4.86641,0.298401992451355,0.298401992451355,0.9715909090909091,high_conf,realized_only,0.0,0.0,-0.013207466869878387,0.034870899375415154,0.3127587288892779,0.19641659488259333,43.0,79,177,250,0.20871806384939212,95.63525,0.46345029239766083,0.9508547008547008,89,4.0,8.5,102.20360906432748,145.496,416.552,684,2679507,https://osu.ppy.sh/b/2090844
1309705,Poppin'Party,Kira Kira datoka Yume datoka ~Sing Girls~ (TV Size),scanter's Insane,NM,5.11393,0.29747600916934347,0.29747600916934347,0.6923076923076923,supported,realized_only,0.0,0.0,-0.003984074717836033,0.027259793411241837,0.32179701875178895,0.1895473301415804,42.0,5,9,13,-0.37048998855100096,97.58200000000001,0.6,0.9942965779467681,89,4.0,8.0,301.2785888888889,467.15680000000003,498.173,45,76572,https://osu.ppy.sh/b/1309705
1837666,Sonoda Umi (CV: Mimori Suzuko),Snow halation (UMI MIX),Todokete,NM,5.11263,0.2916430433551685,0.40096283540213107,0.5238095238095238,supported,formula_only,0.36439930682320865,0.10931979204696259,0.05615257162385218,-0.013056755179791572,-0.059619281625846864,0.14065550210880645,63.0,0,1,2,0.1500028129623921,96.91669999999999,0.36363636363636365,0.926678445229682,105,4.0,8.5,157.54108636363637,191.78120000000004,357.21,22,101340,https://osu.ppy.sh/b/1837666
2452646,saradisk,083 - nekomimi,Zer0's Insane,NM,5.11629,0.28999773478637514,0.28999773478637514,0.3548387096774194,explore,realized_only,0.0,0.0,-1.2038449449584127e-05,0.023380430408305175,0.1500172038692028,0.15396689028594285,60.0,1,1,2,-0.6634487137504498,98.436,0.8181818181818182,1.0,69,4.0,8.0,225.55072727272727,502.665,519.523,11,36332,https://osu.ppy.sh/b/2452646
2305009,Poppin'Party,Hikaru Nara,Gaia's Insane,NM,5.00805,0.2870161575052777,0.39601200701813555,0.3333333333333333,explore,formula_only,0.36331949837619276,0.10899584951285783,0.055715143116918345,-0.013120271580673372,-0.0907516362490639,0.15895572081951753,59.5,1,1,2,2.4417232609172794,87.5,0.2,0.4554367201426025,103,4.0,8.5,84.86419,133.3413,152.901,10,50463,https://osu.ppy.sh/b/2305009
4928288,LiSA,ReawakeR (feat. Felix of Stray Kids) (TV Size),Extra,NM,5.24504,0.284681429625976,0.292012012824299,0.23076923076923078,explore,formula_only,0.02443527732774349,0.007330583198323047,0.030782454580076724,-0.00159713414432772,0.08223223756876669,0.18896019666853733,63.0,1,2,2,1.3363962774348566,92.467,0.3333333333333333,0.44485294117647056,85,4.0,8.0,172.96176666666668,360.39,556.989,6,59801,https://osu.ppy.sh/b/4928288
4218026,Tsuzuri,NAME (TV Size),Confession,NM,5.21717,0.2819673322035231,0.2819673322035231,0.2857142857142857,explore,corroborated,0.0,0.0,0.004629788423109044,0.018907150768112602,0.3997389533266596,0.1547124282682371,46.0,0,1,2,0.029162542745588483,94.77154999999999,0.625,0.9897750511247443,85,4.0,8.0,167.574875,240.17689999999993,451.369,8,15953,https://osu.ppy.sh/b/4218026
2948236,Azuna Riko,Chance! & Revenge! (TV Size),Makenai!,NM,5.02375,0.2812493836771046,0.4295352415656769,0.2857142857142857,explore,formula_only,0.4942861929619078,0.14828585788857232,0.06259320175769238,-0.01588834573194859,-0.0256131423526545,0.12814049278539158,58.5,0,0,0,0.10253006651691474,96.20465,0.5,0.8804123711340206,86,4.0,8.5,218.7239,431.1164,453.907,8,20441,https://osu.ppy.sh/b/2948236
2467121,ONE OK ROCK,One by One,A r M i N's Extra,NM,5.35078,0.2811982598408474,0.2811982598408474,0.9529411764705882,high_conf,corroborated,0.0,0.0,0.009342071713529304,0.014993439433346432,0.6015606957226342,0.19163382338726845,47.0,42,85,119,-0.27424689306218986,97.5069,0.5382716049382716,0.9597806215722121,96,3.8,9.0,218.3716086419753,463.1788000000001,550.07,405,370755,https://osu.ppy.sh/b/2467121
1929563,Kawada Mami,No buts! (TV Size),Another,NM,5.05819,0.27966765050953707,0.27966765050953707,0.23076923076923078,explore,realized_only,0.0,0.0,-0.00221484029238358,0.024301472018557677,0.14068762872355858,0.15800361395211726,54.0,0,1,2,-0.03992077357257313,96.61035,0.6666666666666666,0.7582608695652173,90,4.7,8.0,122.33485,172.0115,187.872,6,41193,https://osu.ppy.sh/b/1929563
832691,Primary,Sweets Weekend,Extra,NM,5.02004,0.27955440890740657,0.27955440890740657,0.9319727891156463,high_conf,realized_only,0.0,0.0,-0.002022767763814666,0.024134989439921605,0.058908419982455766,0.17859531960319885,49.5,24,52,78,-0.5279524419207147,98.4221,0.5547445255474452,0.9914163090128756,87,4.0,8.0,201.24548248175182,427.2212,467.725,274,671726,https://osu.ppy.sh/b/832691
3302448,Mitsukiyo,Blue New World,Rehearsal,NM,5.20709,0.27753855322913107,0.27753855322913107,0.2,explore,realized_only,0.0,0.0,-0.008555690570283927,0.029298872831475614,-0.01448332348980825,0.15798277879577205,36.0,0,0,1,0.6004579013863505,93.6656,0.4,0.9672489082969432,79,4.2,8.5,223.49808000000002,455.80440000000004,515.21,5,15324,https://osu.ppy.sh/b/3302448
2023927,umu.,Ai no Sukima,Expert,NM,5.1882,0.27688377428585875,0.27688377428585875,0.9485861182519281,high_conf,corroborated,0.0,0.0,0.010692320984157684,0.013524071125545753,0.062317553006486004,0.17111956866383168,56.0,27,68,102,-0.6122617205564279,98.355,0.6314363143631436,0.9966555183946488,103,3.5,8.7,265.2774753387534,473.517,547.394,369,506565,https://osu.ppy.sh/b/2023927
4022504,KINEMA106,THE WORLD ORIGIN,Memories,NM,5.36601,0.2757090277491486,0.2757090277491486,0.5,supported,realized_only,0.0,0.0,-0.013487614304133028,0.033171113532008335,0.5297782870247513,0.19155124439055632,49.0,3,4,4,0.19686421280137859,96.13489999999999,0.45,0.811284046692607,87,3.8,8.5,182.84443000000002,438.8751000000001,539.167,20,16506,https://osu.ppy.sh/b/4022504
2006239,LiSA,Tsumibito,Reform's Expert,NM,5.27922,0.27419589147971696,0.2804958708395563,0.47368421052631576,explore,formula_only,0.020999931199464472,0.006299979359839341,0.02938879112798822,-0.0014376842628302331,-0.16823281100605578,0.14251598763978487,64.5,0,1,3,0.23695297958199993,97.19815,0.3333333333333333,0.7655325443786982,108,3.8,8.5,172.64746666666667,248.16870000000011,460.005,18,65340,https://osu.ppy.sh/b/2006239
785162,Helblinde,Above the Clouds,Timeless,NM,4.83261,0.27180222660318926,0.27180222660318926,0.5121951219512195,supported,corroborated,0.0,0.0,0.005019416066367265,0.017725069750472458,-0.27637528438327114,0.15050568826093041,74.0,1,3,5,-0.7674039052444649,98.53880000000001,0.6666666666666666,0.998062015503876,107,4.5,8.0,134.6979142857143,163.973,411.383,21,105202,https://osu.ppy.sh/b/785162
1023307,Mikuni Shimokawa,"Sore ga, Ai deshou",Extra,NM,5.16989,0.2714385837789114,0.2714385837789114,0.9221789883268483,high_conf,realized_only,0.0,0.0,-0.017461871701063066,0.03605382017593717,-0.1521789563257718,0.17482076783791317,56.0,21,45,61,-0.8907837745254057,99.4169,0.7257383966244726,1.0,87,4.0,8.5,229.67218270042196,421.2814,550.252,237,342571,https://osu.ppy.sh/b/1023307
2785317,MYUKKE.,re[in]flaw,Insane,NM,4.87224,0.2707353804696429,0.2882652180451117,0.2,explore,formula_only,0.058432791918229275,0.017529837575468783,0.03282282653905597,-0.0035818552326636836,0.34184733947356083,0.16825669815541616,62.0,0,1,2,1.3591483131426063,95.1472,0.2,0.25333333333333335,109,4.0,8.0,77.2813,125.70252,148.042,5,21084,https://osu.ppy.sh/b/2785317
766400,Rameses B,We Love,Love,NM,4.88579,0.2706206271736396,0.2706206271736396,0.25925925925925924,explore,realized_only,0.0,0.0,-0.0018693184943008936,0.0232504313892075,0.05172797214780054,0.17845169908149675,61.0,1,2,2,0.008520807006302034,95.9135,0.5714285714285714,0.991166077738516,89,4.2,8.0,108.80248571428572,149.15480000000002,156.374,7,37051,https://osu.ppy.sh/b/766400
2631931,3 Nen E Gumi Utatan,QUESTION (Cut Ver.),Infraction,NM,5.07126,0.2696271455172977,0.2696271455172977,0.48717948717948717,explore,realized_only,0.0,0.0,-0.017425173010385833,0.03586990376211106,0.013779402091535142,0.2214730652468189,39.0,2,4,6,-0.49635810441659095,97.53739999999999,0.6842105263157895,0.9929701230228472,105,4.0,8.4,195.42317894736843,405.12600000000003,441.567,19,31346,https://osu.ppy.sh/b/2631931
5423178,Aitsuki Nakuru,Presenter* (Cut Ver.),Collab Expert,NM,5.22088,0.26774328967149663,0.4017233375949193,0.6721311475409836,supported,formula_only,0.44660015974474226,0.13398004792342266,0.05891841701459297,-0.015250889464043836,0.7044227113733982,0.15567516959502353,49.0,1,3,11,0.7999485067190011,94.7531,0.2682926829268293,0.7213483146067415,69,3.6,9.0,237.83619756097562,468.027,511.969,41,66802,https://osu.ppy.sh/b/5423178
878479,Mami Kawada,Contrail ~Kiseki~,Extra,NM,5.26736,0.26745670612162775,0.26745670612162775,0.2857142857142857,explore,realized_only,0.0,0.0,-0.01876573860526072,0.03678023940962276,-0.2464220282902686,0.16611871501684514,51.5,1,2,2,-0.6427053178877016,98.71795,0.625,0.8962264150943396,88,4.0,8.0,257.1378125,489.6298,509.752,8,42478,https://osu.ppy.sh/b/878479
2336468,MY FIRST STORY,M.A.D,Kowari's Extra,NM,5.18123,0.26687756975954446,0.26687756975954446,0.3103448275862069,explore,corroborated,0.0,0.0,0.014492691555928871,0.009570063974633919,-0.06223198746511369,0.16106772921346846,57.0,1,1,2,-0.26959692266796026,96.5368,0.6666666666666666,0.9959839357429718,85,3.8,8.8,198.55074444444443,456.8452,486.202,9,25632,https://osu.ppy.sh/b/2336468
1541293,ONE OK ROCK,20/20,schoolboy's Extra,NM,5.23589,0.2657835234750592,0.2657835234750592,0.7058823529411765,supported,corroborated,0.0,0.0,0.022958763887726323,0.0025631508102449026,-0.15017547142722376,0.1550622594503463,63.0,2,5,11,-0.17251367755250108,96.4039,0.6041666666666666,0.9955089820359282,63,4.0,8.7,256.2294979166667,472.5636,525.727,48,116775,https://osu.ppy.sh/b/1541293
841630,Party Favor,BAP U (not sorry Remix),Insane,NM,5.03596,0.2650070847139494,0.2650070847139494,0.7560975609756098,supported,realized_only,0.0,0.0,-0.019459784682000887,0.037138859532623095,-0.09161557385728569,0.1923553550080932,46.0,8,14,21,-0.02569399831177923,96.86425,0.5161290322580645,0.874777975133215,93,4.0,8.0,141.31194838709678,203.454,501.024,62,300712,https://osu.ppy.sh/b/841630
1846674,"Iris Freyja (CV: Hidaka Rina), Mononobe Mitsuki (CV: Numakura Manami)",Ray of bullet (TV Size),Unlimit,NM,5.34082,0.2646367400694537,0.2646367400694537,0.5454545454545454,supported,corroborated,0.0,0.0,0.007972153421124948,0.014704713732016076,-0.029782109393033634,0.1670379769069474,62.5,3,3,4,-0.49189836421045235,97.96979999999999,0.625,0.998062015503876,87,4.0,8.7,167.81974583333331,202.737,281.771,24,69075,https://osu.ppy.sh/b/1846674
4893480,Escape The Fate,Forget About Me (Cut Ver.),Poczwar's Extra,NM,5.18162,0.26340848902449204,0.2692588532742598,0.47368421052631576,explore,formula_only,0.01950121416589259,0.005850364249767777,0.028164825479935915,-0.0013930989233379987,0.27979082389225984,0.172587228518467,59.5,1,4,5,0.3950066071492784,96.76825,0.3333333333333333,0.7384196185286104,66,3.8,8.8,219.8951111111111,408.1092000000001,512.28,18,32025,https://osu.ppy.sh/b/4893480
2861378,HO-KAGO TEA TIME,Kira Kira Days (Cut Ver.),Reform's Expert,NM,5.07703,0.26311746539513364,0.29027683536263593,0.9481865284974094,high_conf,formula_only,0.09053123322500768,0.027159369967502303,0.035015880725862765,-0.005201885054498602,0.6363600323602573,0.1561219261567771,59.0,15,43,77,0.034967218119537624,97.69775,0.3633879781420765,0.8672727272727273,90,3.6,9.0,162.92792540983606,297.44050000000004,500.247,366,690594,https://osu.ppy.sh/b/2861378
1174519,Ayaka Ohashi,Wagamama MIRROR HEART,Extra,NM,5.37351,0.26189460365014106,0.26189460365014106,0.3548387096774194,explore,corroborated,0.0,0.0,0.0153597646614054,0.008438477039165443,-0.04816350980746027,0.14743697194369856,63.0,0,1,3,0.1395998275303606,96.85040000000001,0.45454545454545453,0.7897727272727273,89,4.0,9.0,196.32100909090912,445.409,475.69,11,68937,https://osu.ppy.sh/b/1174519
2506060,BiSH,TOMORROW (TV Size),Kuki's Expert,NM,5.19395,0.26143744556098214,0.26143744556098214,0.23076923076923078,explore,corroborated,0.0,0.0,0.020008399896564694,0.004603252948665756,-0.028419203612457745,0.1381585933154038,59.5,0,0,0,-0.08637672808204176,95.8898,0.5,0.9252873563218391,83,3.8,8.5,175.87404999999998,307.329,461.988,6,11332,https://osu.ppy.sh/b/2506060
3846753,Ziyoou-vachi,Kaen (TV Size),Akitoshi's Extra,NM,5.04058,0.26080709608202096,0.2637290444326528,0.2,explore,formula_only,0.009739827835439526,0.002921948350631858,0.026779577731072722,-0.0007317705457187615,0.15962244523238195,0.14601959642308313,82.0,0,1,1,1.232819467217229,92.09580000000001,0.4,0.602,80,4.0,8.5,100.2164,145.4386,148.263,5,16732,https://osu.ppy.sh/b/3846753
780914,Feint,Vagrant (feat. Veela),Still Alive,NM,5.29242,0.2587860625272609,0.2587860625272609,0.968798751950078,high_conf,corroborated,0.0,0.0,0.007148302960709187,0.01488030006947676,-0.49620799016720923,0.17353339597555092,52.0,47,105,165,-0.19037174809467772,97.0501,0.5394524959742351,0.997624703087886,79,4.0,8.5,170.63078212560387,236.283,562.055,621,1971688,https://osu.ppy.sh/b/780914
1972327,Getter Jaani,Rockefeller Street (Nightcore Mix),Pentori's Expert,NM,5.16562,0.2541857030192047,0.5601644662966934,0.7058823529411765,supported,formula_only,1.0199292109249622,0.3059787632774887,0.08596282371703008,-0.02387188571717798,0.7081886864575889,0.16069273916156637,55.5,3,8,14,1.0299642736166617,94.2616,0.2916666666666667,0.5234833659491194,88,4.0,8.7,193.722125,481.4771000000001,533.461,48,119781,https://osu.ppy.sh/b/1972327
1897577,Koda Kumi,Guess Who Is Back (TV Size),Nevo's Expert,NM,5.28601,0.2541104941818006,0.2541104941818006,0.9588477366255144,high_conf,corroborated,0.0,0.0,0.0001271379812407044,0.020216876274810305,0.007690317401406315,0.17506337528759866,52.0,41,86,138,-0.18692589950603666,96.95909999999999,0.5407725321888412,0.9946695095948828,76,3.8,9.0,166.27971824034336,212.849,515.957,466,1004985,https://osu.ppy.sh/b/1897577
2750578,Kanade Izuru,Telecaster B-boy,Ourple,NM,4.97339,0.253969647349659,0.253969647349659,0.3939393939393939,explore,corroborated,0.0,0.0,0.013632412431913725,0.00917563705849869,-0.02074424815460027,0.1975781029627322,74.0,2,3,3,0.22894291411389817,94.0771,0.6153846153846154,0.9834710743801653,60,4.1,8.6,107.05283846153846,130.3852,143.507,13,45167,https://osu.ppy.sh/b/2750578
1643862,SID,V.I.P (TV Size),xChorse's Extra,NM,5.18209,0.25287996539486307,0.2601171269637287,0.5238095238095238,supported,formula_only,0.024123871896218743,0.007237161568865623,0.027656634577726,-0.0017549916374419786,0.010462239542957517,0.1465071040629219,52.0,0,1,5,0.5133817043105653,95.85745,0.3181818181818182,0.7271805273833671,82,4.0,8.5,166.25417272727273,432.23640000000006,449.758,22,70380,https://osu.ppy.sh/b/1643862
2030431,Will Stetson,Harumachi Clover (Swing Arrangement),Foxy's Extra,NM,5.22967,0.25192768593013287,0.3477304464469947,0.8639455782312925,high_conf,formula_only,0.319342535056206,0.0958027605168618,0.050274347477235685,-0.012780201326969816,-0.8613840941619161,0.16057909559231004,55.0,8,16,26,1.648694754274555,88.0,0.4409448818897638,0.8629032258064516,27,3.7,9.2,142.0946929133858,311.7440000000001,476.942,127,508230,https://osu.ppy.sh/b/2030431
804727,Ogura Yui,Honey Come!! (TV size),Insane,NM,5.0363,0.2504879608316065,0.2504879608316065,0.6296296296296297,supported,corroborated,0.0,0.0,0.0019401871769002682,0.018428361882249666,-0.0037973738998054204,0.1557564036821135,63.5,2,3,10,-0.7994311461511653,98.6631,0.7352941176470589,1.0,88,4.0,8.0,215.7636,445.8372,471.937,34,81494,https://osu.ppy.sh/b/804727
1218407,solfa feat.Chata,Prism lovely day,Insane,NM,4.85899,0.25004650580687066,0.25004650580687066,0.23076923076923078,explore,realized_only,0.0,0.0,-0.00253581317012478,0.022046232250256797,0.11700724492477853,0.23113154443483894,56.0,1,1,2,-0.5322673023638649,98.26125,0.5,0.9523809523809523,109,4.0,8.0,199.98631666666665,359.01800000000003,370.972,6,29300,https://osu.ppy.sh/b/1218407
5053485,Tevvez2.0,WINTER ARC (CUT VER.),EXPERT,NM,5.00772,0.24889211867233582,0.3301329422653343,0.2,explore,formula_only,0.27080274530999493,0.08124082359299847,0.04699149282317668,-0.011594744690200822,0.504920428515829,0.15744565358739906,47.0,0,0,2,1.298547493849498,90.40939999999999,0.4,0.8500986193293886,80,3.5,8.8,77.09148,103.4872,105.582,5,22266,https://osu.ppy.sh/b/5053485
5488335,natori,Serenade (TV Size),Extra,NM,5.21495,0.24550934775481337,0.2777691063028309,0.23076923076923078,explore,formula_only,0.10753252849339179,0.032259758548017534,0.034929234373432906,-0.006194099262713535,0.3717897824834445,0.17567561705555704,46.5,1,1,1,0.7113414481579347,95.1151,0.3333333333333333,0.663444639718805,84,4.0,8.2,215.53898333333333,483.706,490.132,6,17956,https://osu.ppy.sh/b/5488335
1898740,ASCA,RESISTER (TV Size),Monstrata's Night Sky,NM,5.24802,0.2451441030951154,0.2451441030951154,0.25925925925925924,explore,corroborated,0.0,0.0,0.013864918487510376,0.00823571480167954,-0.32323058179338315,0.15363673549175158,42.0,0,0,1,-0.06018787112620787,97.2139,0.5714285714285714,0.8476190476190476,87,4.0,8.7,137.35524285714285,180.71980000000002,189.199,7,57096,https://osu.ppy.sh/b/1898740
1078193,Nakamura Meiko,Aka no Ha,Another,NM,4.97996,0.24445757110458985,0.24445757110458985,0.5238095238095238,supported,realized_only,0.0,0.0,-0.013288161111602735,0.030352307795139116,-0.030383724156121134,0.17018269758419988,57.5,2,5,6,-0.36949238744447727,97.06030000000001,0.6363636363636364,0.9876543209876543,92,4.0,8.0,163.42338181818184,361.6002000000001,417.526,22,70575,https://osu.ppy.sh/b/1078193
669374,Pierce The Veil,King For A Day (feat Kellin Quinn),Another,NM,5.38206,0.2439320251396785,0.2439320251396785,0.48717948717948717,explore,corroborated,0.0,0.0,0.006675557566232942,0.014003996886601078,0.028971188770785614,0.16424382615340324,47.0,1,2,6,0.18815831337945496,97.2222,0.47368421052631576,0.6536523929471033,120,4.0,8.0,178.6867052631579,254.39599999999984,454.992,19,97316,https://osu.ppy.sh/b/669374
2537479,nobodyknows+,Hero's Come Back!! (TV Size),Grissaryath's Extra,NM,5.08256,0.24372484380333817,0.24372484380333817,0.4117647058823529,explore,corroborated,0.0,0.0,0.00850520559774012,0.012492182098824925,0.21334675997462704,0.1579786315614399,51.0,1,1,3,0.0507849691350097,98.0419,0.42857142857142855,0.7458410351201479,88,3.5,8.0,144.29715714285715,164.0487,331.958,14,47367,https://osu.ppy.sh/b/2537479
1120405,TRUE,DREAM SOLISTER (TV Size),Linada's Extra,NM,5.36245,0.2429684302223741,0.3156714875614932,0.5121951219512195,supported,formula_only,0.2423435244637304,0.07270305733911911,0.04465831487352135,-0.010918336058572993,-0.2440248939391541,0.13480845667198035,61.0,0,1,1,-0.2940781131172875,97.6835,0.5714285714285714,0.9517543859649122,87,3.8,9.0,229.54940476190478,482.805,526.562,21,73548,https://osu.ppy.sh/b/1120405
2092400,Mrs. GREEN APPLE,Inferno (TV Size),browiec's Expert,NM,5.07852,0.23649259471558576,0.23649259471558576,0.7222222222222222,supported,realized_only,0.0,0.0,-0.013024347453168472,0.029459953510085214,0.046495656066405384,0.1820875724478847,53.0,6,7,12,0.04240315381887021,95.57374999999999,0.5576923076923077,0.9755011135857461,80,4.2,8.6,151.03153653846155,359.4436,431.079,52,181125,https://osu.ppy.sh/b/2092400
1971488,M2U & NICODE,Lune,Extra,NM,5.35863,0.23632934038397632,0.3838949069953752,0.5,supported,formula_only,0.49188522203799634,0.14756556661139889,0.05894680802094966,-0.016789232809658328,-0.07113245174395748,0.14004163703470598,72.5,1,1,3,-0.3896915248861494,97.81115,0.6,0.9345549738219896,113,4.0,8.3,339.34262,579.6455,598.206,20,60579,https://osu.ppy.sh/b/1971488
817174,CHiCO with HoneyWorks,color,Waiting in the Rain,NM,5.22212,0.23500830016275936,0.23500830016275936,0.9438202247191011,high_conf,corroborated,0.0,0.0,0.0026948640887843878,0.016496498401768252,-0.49412849454854585,0.1739327212905775,54.0,29,64,88,-0.348130822215872,96.73949999999999,0.7142857142857143,0.9991349480968859,94,4.0,8.7,165.69624404761905,238.751,542.855,336,1078392,https://osu.ppy.sh/b/817174
716786,Rise Against,Drones,Insane,NM,4.89565,0.23335025341313423,0.23335025341313423,0.2,explore,corroborated,0.0,0.0,0.0172220126281475,0.004491791630800418,0.01774250006652494,0.15566994965186248,48.0,0,0,2,0.878674566912421,95.0617,0.2,0.7031055900621118,120,4.5,7.5,162.95926,326.21700000000004,470.955,5,42981,https://osu.ppy.sh/b/716786
1764213,Will Stetson,Harumachi Clover (Swing Arrangement) [Dictate Edit],Oh no!,NM,5.12911,0.2318438028385894,0.2318438028385894,0.9783783783783784,high_conf,corroborated,0.0,0.0,0.011264946614993466,0.009228685631499919,-0.4450142159781488,0.19505671476241934,46.0,107,214,303,1.5936711620126351,88.5057,0.39447513812154694,0.8807947019867549,30,3.8,9.0,148.4803849723757,356.268,523.143,905,4173696,https://osu.ppy.sh/b/1764213
3670133,Tephe,Neppa feat. Butter,Insane,NM,4.827,0.23139365036558376,0.2598510181198558,0.2857142857142857,explore,formula_only,0.09485789251424005,0.028457367754272014,0.03263989511730412,-0.005847255705103017,0.3201559013525299,0.14867697403728933,50.0,0,1,1,-0.21355041663950713,95.94595,0.75,0.9854771784232366,71,3.5,8.0,98.469925,112.9382,115.748,8,26149,https://osu.ppy.sh/b/3670133
3563990,AMOYAMO,LET'S GO OUT (TV Size),Yorozuya,NM,5.34193,0.2311257499418727,0.2311257499418727,0.25925925925925924,explore,corroborated,0.0,0.0,0.00552204691250709,0.013857680092736944,0.1782817245857738,0.16993771128153257,66.0,1,2,2,1.1374600812033495,95.3804,0.14285714285714285,0.649812734082397,83,4.2,8.5,128.46912857142857,174.85600000000002,209.539,7,15033,https://osu.ppy.sh/b/3563990
2042322,Poppin'Party,Cherry Bomb,Kyle73's Expert,NM,5.3871,0.2306672670522382,0.2306672670522382,0.6491228070175439,supported,realized_only,0.0,0.0,-0.016956841427429745,0.032176410965623396,0.25142450647354536,0.20041302103328762,49.0,4,9,14,0.31845328345723223,96.7498,0.3783783783783784,0.7837837837837838,102,4.0,8.5,149.0851972972973,203.216,531.599,37,60462,https://osu.ppy.sh/b/2042322
4922971,Set It Off,Parasite (Cut Ver.),FRX's Expert,NM,5.33031,0.2303344209353401,0.2303344209353401,0.3939393939393939,explore,realized_only,0.0,0.0,-0.004208424932018052,0.02173695312462194,0.3337293848431993,0.16424180718754255,43.0,0,2,5,0.4899169863991075,97.0325,0.3076923076923077,0.6020260492040521,106,3.8,8.8,286.7022153846154,424.73780000000005,534.557,13,10228,https://osu.ppy.sh/b/4922971
2801091,nano,"Star light, Star bright (TV Size)",PikA's Extra,NM,5.39185,0.22999454489239746,0.24544606341151434,0.8058252427184466,high_conf,formula_only,0.05150506173038958,0.015451518519116874,0.028442304897182587,-0.003643447312429113,0.21712609447492434,0.16538020648675344,59.0,7,14,19,-0.23576139650967992,97.4954,0.5301204819277109,0.9616788321167883,89,3.5,9.0,271.2253734939759,481.36499999999995,555.338,83,100058,https://osu.ppy.sh/b/2801091
2298455,TWICE,PIT-A-PAT,suyuko's Expert,NM,5.06083,0.2246612686468723,0.2246612686468723,0.23076923076923078,explore,realized_only,0.0,0.0,-0.019912532891811295,0.034079794746509615,0.06736686516017912,0.2156529363987039,46.5,1,2,2,2.0407179665829682,88.447,0.3333333333333333,0.5432372505543237,74,4.0,8.4,80.13648333333333,108.17699999999999,113.725,6,29136,https://osu.ppy.sh/b/2298455
464887,Harada Hitomi,Kyoumei No True Force,Extra,NM,5.18691,0.22390670862719625,0.22390670862719625,0.9107142857142857,high_conf,realized_only,0.0,0.0,-0.025512358208817698,0.03858884295603782,0.21438706009192265,0.16652204969738124,49.5,13,34,56,-0.6655115103581501,99.0449,0.6127450980392157,0.9960474308300395,88,4.0,8.0,163.3847980392157,193.08450000000016,460.02,204,409028,https://osu.ppy.sh/b/464887
1649990,THE ORAL CIGARETTES,ReI,NiNo's Insane,NM,4.84417,0.22245980203508034,0.22245980203508034,0.84375,high_conf,realized_only,0.0,0.0,-0.018892294538884045,0.03305951031595173,-0.4847837471001541,0.1921210461519687,44.0,7,25,35,-0.4198420219836164,97.19964999999999,0.6944444444444444,0.9982363315696648,83,4.0,8.0,180.18268796296294,409.58899999999994,482.071,108,498843,https://osu.ppy.sh/b/1649990
2353029,Toyama Nao,Gunjou Infinity,Insane,NM,4.9268,0.22096344338546853,0.22096344338546853,0.3333333333333333,explore,realized_only,0.0,0.0,-0.015351430295407793,0.03004064579526551,-0.11163929472979163,0.19138341697691943,42.0,1,3,5,0.15750258411590254,96.9619,0.5,0.7060931899641577,101,3.7,8.0,152.91429,318.90659999999997,396.024,10,55215,https://osu.ppy.sh/b/2353029
2748808,S.I.D-Sound,Prayer (Cut Ver.),Wish to the stars,NM,4.86301,0.2201580384553568,0.2201580384553568,0.3103448275862069,explore,realized_only,0.0,0.0,-0.014174496492477895,0.029011038805959434,0.17539617545266903,0.1799574177860307,50.0,1,2,3,-0.013597878831223131,95.4971,0.5555555555555556,0.9951100244498777,85,3.8,8.5,168.04584444444447,341.1886,351.031,9,18989,https://osu.ppy.sh/b/2748808
2472592,Tatsh,Xevel,Az's EXPERT,NM,4.96083,0.21995028145649026,0.21995028145649026,0.25925925925925924,explore,realized_only,0.0,0.0,-0.04654183877454671,0.05542662049549865,-0.13833761732844183,0.18777065308045787,56.0,1,2,3,-0.1127269487150646,96.2532,0.5714285714285714,0.9384615384615385,119,4.0,8.0,106.35524285714287,131.377,138.196,7,75066,https://osu.ppy.sh/b/2472592
1588830,P*Light,SAY BAY,Pata-Mon's Insane,HD,5.32968,0.21766224043383633,0.3491158550077085,0.2,explore,formula_only,0.43817871524624047,0.13145361457387214,0.05455660461896991,-0.01615962629637075,0.1653707621939852,0.13559748873293934,75.0,0,1,1,-0.13081146352324952,97.05709999999999,0.6,0.8978622327790974,117,3.5,8.0,266.18600000000004,419.063,420.591,5,16612,https://osu.ppy.sh/b/1588830
4673320,Sasuke Haraguchi feat. Kasane Teto,Igaku,Crissa's Insane,NM,4.88178,0.21617719256891138,0.21719740602581272,0.4444444444444444,explore,formula_only,0.0034007115230044694,0.0010202134569013408,0.02143217145229169,-0.0003192500598727041,0.7173900902965756,0.16340222487601946,44.5,1,2,5,0.831376127034131,96.95304999999999,0.125,0.5608272506082725,115,4.0,7.5,100.6643125,139.39350000000002,163.177,16,57647,https://osu.ppy.sh/b/4673320
3366810,Various Artists,Super * Affection (TV Size),Kujinn's Insane,NM,4.89018,0.21522230552596988,0.21522230552596988,0.23076923076923078,explore,corroborated,0.0,0.0,0.0009770625785910786,0.016217842853819674,0.09370761312358997,0.15911203858296538,47.0,0,1,2,0.35649795376002635,95.7568,0.5,0.7709059233449478,87,4.0,8.0,101.64971666666668,149.202,161.798,6,21532,https://osu.ppy.sh/b/3366810
5273188,Iggy Azalea feat. Rita Ora,Black Widow (Whippa Hardstyle Remix) (Sped Up & Cut Ver.),Share's Expert,NM,4.95613,0.21298285465009467,0.21298285465009467,0.7101449275362319,supported,corroborated,0.0,0.0,0.018199175018638533,0.0019628456179501697,1.022799834185437,0.1632190935509185,60.0,2,7,19,0.13006188739129948,97.1631,0.4489795918367347,0.8191881918819188,41,3.6,8.6,216.76488979591838,370.9784,451.701,49,37114,https://osu.ppy.sh/b/5273188
850252,Kano,Stella-rium,-Yuzuriha's Insane,NM,4.84751,0.21266227388169542,0.21266227388169542,0.9,high_conf,realized_only,0.0,0.0,-0.0077701290567785495,0.023143792481636723,0.2744530519895105,0.16393107237516646,57.5,12,26,40,-0.6614818492601559,98.3647,0.6277777777777778,0.996938775510204,84,4.0,7.5,205.6620911111111,413.24309999999997,458.377,180,455125,https://osu.ppy.sh/b/850252
3743421,MOB CHOIR,1 (TV Size),One and Only 1,NM,5.3563,0.21097002816960445,0.21097002816960445,0.4117647058823529,explore,corroborated,0.0,0.0,0.003816744484135019,0.013537395564676737,0.16974808796573423,0.1541840485337742,51.5,0,1,4,0.5796721279588346,94.1366,0.5,0.8262081784386617,85,4.0,8.6,144.2624857142857,194.45610000000002,360.249,14,36516,https://osu.ppy.sh/b/3743421
950997,Nanamori-chu*Goraku-bu,Yuru Yurinrinrinrinrin,Insane,NM,4.85613,0.21014814632794487,0.21014814632794487,0.42857142857142855,explore,realized_only,0.0,0.0,-0.01606918848640352,0.029707669922227148,-0.08272202550881569,0.16367756898890573,53.0,2,2,3,-0.6682503666156585,98.4,0.6666666666666666,0.998165137614679,94,4.0,8.0,129.07894,157.10899999999998,204.556,15,77048,https://osu.ppy.sh/b/950997
4095185,YOASOBI,Idol (TV Size),Vanya's Reincarnation,NM,5.19152,0.2100389537214292,0.2608364327385964,0.8148148148148148,high_conf,formula_only,0.16932493005722407,0.05079747901716722,0.036890600809217224,-0.0092349074169011,0.8638184228945374,0.17117351773193737,53.5,4,11,20,1.4465699274622439,92.00335000000001,0.2727272727272727,0.5965217391304348,88,4.0,8.5,105.48805795454545,142.78079999999997,495.521,88,251930,https://osu.ppy.sh/b/4095185
1576653,Horie Yui,Asymmetry (TV Size),Kalibe's Insane,NM,5.22366,0.21002590528435539,0.21002590528435539,0.7619047619047619,supported,corroborated,0.0,0.0,0.0009437541753199129,0.01580342613942902,0.15365882916915916,0.16261863246257383,47.5,3,10,13,-0.2167083787154467,97.3595,0.53125,0.9887525562372188,89,4.0,8.0,179.48052656250002,430.5193000000002,470.422,64,96507,https://osu.ppy.sh/b/1576653
1589220,Saosin,Let Go Control,Extra,NM,5.16835,0.20813382812227782,0.20813382812227782,0.25925925925925924,explore,corroborated,0.0,0.0,0.005217784792338012,0.012152180832133758,-0.024996373852234556,0.1522340830233799,57.0,0,1,2,0.243635311203803,96.48649999999999,0.42857142857142855,0.7253521126760564,97,4.5,9.0,134.21419999999998,180.4666,202.147,7,38934,https://osu.ppy.sh/b/1589220
1969095,Getter Jaani,Rockefeller Street (Nightcore Mix),ggf's Expert,NM,4.97204,0.2079342540533536,0.45394342514115976,0.8181818181818182,high_conf,formula_only,0.8200305702926872,0.24600917108780615,0.07325640000496614,-0.022522253357734286,0.6537094789869228,0.1461720939869879,57.5,4,9,11,0.665290650180729,95.30265,0.37777777777777777,0.6398390342052314,88,3.8,8.7,169.3796088888889,411.18280000000004,498.1,90,147114,https://osu.ppy.sh/b/1969095
1460972,MAN WITH A MISSION,My Hero,HIT ME ON THE GROUND,NM,5.30183,0.20783606273106298,0.20783606273106298,0.7619047619047619,supported,corroborated,0.0,0.0,0.011069392809827772,0.007348078433011232,0.20253919527547173,0.16504249212580807,55.5,4,9,14,-0.32453690108651984,98.03775,0.453125,0.9722772277227723,88,4.0,9.0,242.9529296875,480.6177,739.481,64,114615,https://osu.ppy.sh/b/1460972
1053842,onoken,Viden,toybot's Insane,NM,4.8817,0.20774607770895237,0.20774607770895237,0.2,explore,realized_only,0.0,0.0,-0.055710743820804376,0.061877353780578535,0.030138008742587485,0.23022265553442717,25.0,1,2,3,-0.8962033397290852,98.30449999999999,0.8,0.9936386768447837,116,4.0,7.0,244.9656,370.9908,411.226,5,67633,https://osu.ppy.sh/b/1053842
4782042,Alya (CV: Uesaka Sumire),Kimagure Romantic (TV Size),Alya,NM,4.96581,0.20764101294755144,0.20764101294755144,0.25925925925925924,explore,realized_only,0.0,0.0,-0.004654028462286864,0.02017225161898262,0.4069722044865346,0.23735192724205725,43.0,1,2,2,0.15729852344818987,94.735,0.5714285714285714,0.8893805309734514,83,4.0,8.0,172.66268571428571,331.9768,361.333,7,11746,https://osu.ppy.sh/b/4782042
2983686,The Scrantones,The Office Theme (TV Size),That's What She Said,NM,5.08681,0.20740235875269258,0.20740235875269258,0.6,supported,realized_only,0.0,0.0,-0.017231346333883936,0.030423410182104038,0.05509469573276064,0.19164346592070317,52.0,3,5,7,0.7018900611612497,92.9041,0.43333333333333335,0.9802631578947368,29,4.3,8.5,119.29558333333333,166.8359,390.717,30,69327,https://osu.ppy.sh/b/2983686
1349765,Hotaru Murasaki,Re:TrymenT,Resonance,NM,5.20735,0.20482584032538947,0.20482584032538947,0.48717948717948717,explore,corroborated,0.0,0.0,0.00967905030648599,0.008227695733381939,-0.002556596285281107,0.14740764373119863,55.0,1,2,2,-0.38935225977968274,97.0476,0.6842105263157895,0.9960238568588469,92,4.0,8.3,149.89686315789473,185.6636,205.737,19,52470,https://osu.ppy.sh/b/1349765
1911768,MOB CHOIR feat. sajou no hana,99.9 (TV Size),Overload,NM,5.1972,0.20106776304891402,0.22418131386829562,0.5121951219512195,supported,formula_only,0.0770451693979387,0.02311355081938161,0.028441811317480033,-0.005450238819140472,0.02706219440533455,0.1529655778041771,54.0,1,1,3,0.2595440797078239,95.00420000000001,0.5714285714285714,0.860036832412523,89,4.1,8.3,147.36124761904762,186.374,426.066,21,87723,https://osu.ppy.sh/b/1911768
1474946,Nogizaka46,Yubi Bouenkyou ~Anime-ban~,~Extra~,NM,5.10338,0.1973088641291429,0.1973088641291429,0.9676375404530745,high_conf,corroborated,0.0,0.0,0.006148917267658611,0.010471794028035669,-0.2976661711076688,0.17284636343220214,55.0,47,92,145,-0.21558496198378618,97.8726,0.46153846153846156,0.9217758985200846,85,4.2,8.0,230.0262316053512,461.044,519.57,598,1453347,https://osu.ppy.sh/b/1474946
1481618,Sadohara Kaori,Day to Story (TV Size),Insane,NM,5.00165,0.1956867458456831,0.1956867458456831,0.25925925925925924,explore,corroborated,0.0,0.0,0.014753321008414946,0.003307032160541546,-0.16369422381943682,0.16422800069070173,51.0,1,1,2,-0.21126412411683476,96.9469,0.5714285714285714,0.989406779661017,87,4.0,8.0,114.88181428571428,133.3254,142.578,7,39528,https://osu.ppy.sh/b/1481618
1843593,Will Stetson,Snow Halation (feat. BeasttrollMC),Nevo's Extra,NM,5.29495,0.1942337589156677,0.1942337589156677,0.9069767441860465,high_conf,corroborated,0.0,0.0,0.008702418313741682,0.008125102818441853,-0.36811952061875397,0.1798251136620124,51.0,17,35,48,-0.08981680137021181,96.8064,0.49743589743589745,0.9826923076923076,106,4.0,9.3,271.7042287179487,467.81,600.935,195,264609,https://osu.ppy.sh/b/1843593
877335,KANA-BOON,Silhouette,Yiyo's Insane,NM,4.98231,0.1912709153258184,0.1912709153258184,0.9635701275045537,high_conf,realized_only,0.0,0.0,-0.02272897852354,0.03354218939689116,0.5178328752915566,0.18798911805523888,45.0,51,120,174,0.4677822771886444,95.9024,0.40831758034026466,0.7368421052631579,87,4.0,8.0,108.14658355387523,152.387,483.118,529,1300375,https://osu.ppy.sh/b/877335
1397544,Machico,Million Smile,Grin,NM,5.14041,0.18991921527503514,0.18991921527503514,0.7435897435897436,supported,corroborated,0.0,0.0,0.013058110607062462,0.0042012929366482925,-0.17652991921634456,0.15102842451787069,59.5,1,4,12,-0.5129462277027927,97.60245,0.6551724137931034,0.9965753424657534,95,4.0,8.2,187.19609827586208,458.90420000000006,543.037,58,151335,https://osu.ppy.sh/b/1397544
1175254,Ayaka Ohashi,Wagamama MIRROR HEART,Doormat's Insane,NM,5.05573,0.18966853540031964,0.18966853540031964,0.5348837209302325,supported,corroborated,0.0,0.0,0.0006035169583761078,0.014351205056742426,-0.0050314853205468465,0.16723089883142112,59.0,2,4,5,0.03882503206222011,96.98679999999999,0.5217391304347826,0.7445544554455445,89,4.0,8.0,179.23692608695654,428.10820000000007,458.819,23,105436,https://osu.ppy.sh/b/1175254
2853012,nonoc,Believe in you (TV Size),Hooni's Expert,NM,4.86121,0.18774645445344423,0.18774645445344423,0.7297297297297297,supported,corroborated,0.0,0.0,0.003616838952359121,0.011726985008153152,0.12339647084912912,0.17918160769605732,55.5,3,12,19,0.7391620772942018,94.28675000000001,0.46296296296296297,0.6628895184135977,74,3.6,8.4,121.82832407407406,283.6636000000002,404.667,54,203585,https://osu.ppy.sh/b/2853012
2283638,MIMI feat. Hatsune Miku,Ai no Sukima (Rock Cover),diuS' Insane,NM,5.39547,0.1871733250537394,0.1871733250537394,0.2,explore,corroborated,0.0,0.0,0.013305752326505525,0.003765692146207633,-0.16794893947112138,0.1859469851273179,41.0,1,1,2,1.7498337398694856,90.4077,0.2,0.6556169429097606,85,4.4,8.0,116.83246,167.6732,167.88,5,59778,https://osu.ppy.sh/b/2283638
1556336,ONE OK ROCK,Bombs away,Sotarks' Detonation,NM,5.05357,0.18601645733191846,0.21587849601573547,0.9581589958158996,high_conf,formula_only,0.09954012894605671,0.02986203868381701,0.02927961788851572,-0.006840063973259583,-0.7111654498404996,0.15587158035642534,57.0,17,49,101,0.3080088841755896,94.8914,0.4650655021834061,0.9624277456647399,73,4.0,9.0,191.68524126637556,403.167,503.582,458,2072385,https://osu.ppy.sh/b/1556336
1809440,Eldzhey,360,Sayonara,NM,5.13235,0.1855325078218482,0.1855325078218482,0.5348837209302325,supported,realized_only,0.0,0.0,-0.005208989636821823,0.018746566787777547,-0.07304311376586148,0.1834334562693095,72.0,4,4,6,-0.03314797727947325,95.62960000000001,0.5652173913043478,0.9967948717948718,62,3.6,9.0,142.09509130434782,189.5444,487.147,23,91521,https://osu.ppy.sh/b/1809440
1988748,MIMI feat. Hatsune Miku,Ai no Sukima,Extra,NM,4.99326,0.18355432300899074,0.18355432300899074,0.9819494584837545,high_conf,corroborated,0.0,0.0,0.007877236620856456,0.00789140205775384,0.3269616795460042,0.19662041978939138,45.0,146,259,384,-0.06902400835602385,97.0711,0.4788602941176471,0.9596541786743515,66,3.8,8.5,140.21648170955882,195.94420000000002,460.604,1088,2648187,https://osu.ppy.sh/b/1988748
2624904,Kola Kid,press start,Expert,NM,5.2452,0.18213283695157031,0.18213283695157031,0.8666666666666667,high_conf,realized_only,0.0,0.0,-0.015933416801407585,0.027215896045219075,0.33025807973097115,0.18148706828659772,45.5,13,26,33,-0.5440160451151946,97.992,0.7153846153846154,1.0,40,3.7,9.0,217.61160307692307,442.7531,509.58,130,157473,https://osu.ppy.sh/b/2624904
1477261,Eleharmonica remixed by kors k,Der Wald (kors k Remix),Jace's Insane,NM,5.11145,0.17847375277475921,0.19190778169335465,0.5,supported,formula_only,0.04478009639531815,0.013434028918595445,0.023170828729515175,-0.003888399031789022,-0.24850519442831046,0.1954244590839565,50.0,3,4,6,-0.6798331288106364,97.77865,0.75,0.9957219251336898,118,3.7,8.0,269.780155,522.3201,545.463,20,143991,https://osu.ppy.sh/b/1477261
2512373,Aimer,SPARK-AGAIN (TV Size),Reform's Expert,NM,5.13118,0.17728816488539373,0.17728816488539373,0.8148148148148148,high_conf,corroborated,0.0,0.0,0.012302992202459905,0.003744515160620381,-0.030742754814549716,0.1656753578553235,64.5,4,12,24,-0.233068571957609,96.05144999999999,0.6818181818181818,0.9960079840319361,87,3.5,9.0,247.70342045454544,443.4067,508.977,88,128709,https://osu.ppy.sh/b/2512373
1231936,Antiserum & Mayhem,Cry Baby,Extra,NM,5.25729,0.17709985885798132,0.17709985885798132,0.3333333333333333,explore,realized_only,0.0,0.0,-0.0013408500770051932,0.014870944503669636,-0.2443398536189997,0.14162364937891897,55.0,0,1,1,-0.5700386673466891,98.26085,0.7,0.9983108108108109,87,3.0,9.0,160.02956,191.22310000000002,196.057,10,80901,https://osu.ppy.sh/b/1231936
796721,SPYAIR,I'M A BELIEVER,Extra,NM,5.31717,0.17288826149162706,0.17288826149162706,0.9509803921568627,high_conf,realized_only,0.0,0.0,-0.0670735612720034,0.06819454823834428,0.7263889782109781,0.220774128781162,39.0,64,116,156,-0.4175143822987971,98.90870000000001,0.5257731958762887,0.9011627906976745,89,4.2,8.0,164.25753608247422,193.986,536.726,388,498837,https://osu.ppy.sh/b/796721
2761068,3 Nen E Gumi Utatan,Bye Bye YESTERDAY (TV Size),Infraction,NM,5.31586,0.1719074313261945,0.1719074313261945,0.8305084745762712,high_conf,realized_only,0.0,0.0,-0.009579206614576513,0.021157631522449177,0.35414766556991467,0.17574496197096914,49.5,6,17,29,-0.3103716626104268,98.31970000000001,0.5,0.8794964028776978,91,4.0,8.5,217.9381081632653,455.141,545.625,98,100285,https://osu.ppy.sh/b/2761068
2598921,Ikimonogakari,Netsujou no Spectrum (TV Size),Tsumi,NM,5.3169,0.17174829431978753,0.271125241780683,0.3103448275862069,explore,formula_only,0.3312564915363182,0.09937694746089545,0.04484973685877199,-0.014860446815290583,-0.23207985573441806,0.1630640174431931,64.0,1,1,3,2.266056211955333,88.2834,0.2222222222222222,0.4177215189873418,88,4.0,9.0,121.16362222222223,195.34060000000005,417.199,9,44239,https://osu.ppy.sh/b/2598921
5137253,Hikari no Naka ni,Blue Youth,Tachi's Expert,NM,5.07845,0.17083676653901747,0.21423152465015202,0.2857142857142857,explore,formula_only,0.14464919370378185,0.04339475811113455,0.031903003523785244,-0.009122456782809067,0.6147189867063686,0.17629518406618552,55.5,1,1,2,0.9392476212479234,96.89670000000001,0.125,0.41708542713567837,105,3.8,8.6,112.2839375,154.22349999999997,179.028,8,10410,https://osu.ppy.sh/b/5137253
2152330,HoneyWorks feat. sana,Ima Suki ni Naru.,Emotions,NM,5.16127,0.16960435124810896,0.4798395731206771,0.4444444444444444,explore,formula_only,1.0341174062418939,0.31023522187256813,0.08015712971942938,-0.025957033641962744,-0.10259461089946227,0.1272941028736934,70.0,0,0,1,0.04632747713281375,95.3455,0.5625,0.9948275862068966,106,4.0,9.0,146.67464999999999,181.685,461.988,16,73278,https://osu.ppy.sh/b/2152330
3317508,Ogura Yui,Honey Come!! (TV Size),Expert,NM,5.38386,0.16758534537673578,0.29520232606048724,0.4444444444444444,explore,formula_only,0.4253899356125049,0.12761698068375146,0.05008406870336361,-0.01708893418898573,0.22982086986227532,0.13814412036823748,67.0,1,1,2,0.4840799116143666,93.84495,0.5,0.9418819188191883,88,4.0,8.8,150.2127875,221.1135,239.025,16,24035,https://osu.ppy.sh/b/3317508
4477646,Masatoshi Ono,departure! (TV Size),Journey,NM,5.06281,0.16460965339946865,0.16460965339946865,0.2,explore,corroborated,0.0,0.0,0.011561167885646133,0.0032728470805553156,0.24390974922550973,0.1705269964732642,46.0,0,1,2,2.185376791906267,88.5311,0.2,0.43884892086330934,76,4.2,8.4,129.84196,256.67604000000006,381.067,5,20076,https://osu.ppy.sh/b/4477646
1908514,HOME MADE KAZOKU,Thank You!! (TV Size),Extra,NM,5.02949,0.16279304868045935,0.16279304868045935,0.375,explore,corroborated,0.0,0.0,0.008593296542632486,0.005542215291960876,0.13861562495048102,0.16034492552672439,53.5,0,1,4,0.9454778132249995,93.839,0.3333333333333333,0.6885026737967914,59,4.0,8.0,140.8466,371.1144000000001,417.871,12,62433,https://osu.ppy.sh/b/1908514
1792026,Hyper Potions,Time Trials,Insane,NM,4.9471,0.16207372518243865,0.16207372518243865,0.42857142857142855,explore,realized_only,0.0,0.0,-0.019979053157984365,0.028815088053984285,-0.07282851247321968,0.14634088602489534,50.0,0,0,3,-0.3456230189244976,97.813,0.5333333333333333,0.9897959183673469,71,3.8,8.0,149.58462,257.03639999999996,329.585,15,74826,https://osu.ppy.sh/b/1792026
2512374,Aimer,SPARK-AGAIN (TV Size),Smoke's Extra,NM,5.20096,0.16188961676755892,0.20581010638692612,0.6153846153846154,supported,formula_only,0.14640163206455736,0.04392048961936721,0.03135833641059542,-0.009393344981174822,0.347158154187815,0.15982467311625176,52.0,1,4,9,0.8953892873504584,93.56245000000001,0.375,0.6680497925311204,87,3.8,9.0,150.3639125,387.33630000000005,489.49,32,71676,https://osu.ppy.sh/b/2512374
4776779,Linkin Park,The Emptiness Machine (Cut Ver.),Sytho's Extra,NM,5.34092,0.16171329217893052,0.32306397543546,0.7183098591549296,supported,formula_only,0.5378356108550983,0.1613506832565295,0.05580326846147158,-0.019391762635834135,0.9431580824025201,0.16000945335134534,56.0,2,6,15,0.9242231956190794,95.59339999999999,0.0784313725490196,0.7083926031294452,116,3.8,9.0,161.93652745098038,407.632,517.119,51,40751,https://osu.ppy.sh/b/4776779
2468864,nano,"No pain, No game (TV Size)",PikA's Expert,NM,5.08682,0.16138658905381897,0.16138658905381897,0.8449612403100775,high_conf,corroborated,0.0,0.0,0.010524987897280588,0.0038451441908135325,-0.004594026218820604,0.15585880209993985,60.0,5,12,22,-0.017756826135079645,96.14580000000001,0.5504587155963303,0.9900199600798403,85,3.6,9.0,159.87823211009174,308.69960000000003,447.711,109,261180,https://osu.ppy.sh/b/2468864
4796020,Hechizeros Band x Koji Kondo,El Sonidito x Athletic Theme (DitzyFlama Mashup),Ram's ANOTHER,NM,4.81056,0.15860148062618648,0.15860148062618648,0.9397590361445783,high_conf,corroborated,0.0,0.0,0.01326362038623845,0.0013719083375641136,0.8289516895117016,0.17885530739403027,54.5,31,61,90,0.07242581855484952,95.8656,0.532051282051282,0.979381443298969,31,3.6,9.0,202.63752403846155,362.0117000000001,605.98,312,402873,https://osu.ppy.sh/b/4796020
4974907,HO-KAGO TEA TIME,Fuwa Fuwa Time (TV Size),Sotarks' Expert,NM,5.11692,0.15823961773526576,0.15823961773526576,0.42857142857142855,explore,corroborated,0.0,0.0,0.0005334391993088716,0.01173743389452759,0.5205598579667647,0.16672798222581658,61.0,1,2,4,0.2456214368661217,95.81960000000001,0.3333333333333333,0.9054373522458629,72,3.8,9.0,236.73111333333333,465.6348,490.356,15,18136,https://osu.ppy.sh/b/4974907
2586028,SID,Uso (TV Size),Sealed,NM,4.9725,0.1564000810421777,0.19355992705690994,0.2,explore,formula_only,0.12386615338244078,0.03715984601473223,0.02907666859014927,-0.00857107654693306,0.2529340433787483,0.13926462033436754,69.0,0,0,1,2.0475107643150485,88.9348,0.2,0.6468172484599589,88,4.0,8.5,85.3883,106.9538,110.125,5,11395,https://osu.ppy.sh/b/2586028
2004346,MY FIRST STORY,Missing You,MiracleE's Expert,NM,5.11909,0.15573947352068362,0.15573947352068362,0.5121951219512195,supported,realized_only,0.0,0.0,-0.02261645467878215,0.03043063919242063,0.18630746222739777,0.18232753708397625,60.0,2,3,5,-0.20657857258442414,96.9171,0.5714285714285714,0.990234375,82,3.7,8.5,133.8872095238095,164.016,176.386,21,78930,https://osu.ppy.sh/b/2004346
2468862,nano,"No pain, No game (TV Size)",Kuki's Extra,NM,5.3175,0.15565284796692225,0.23940749958121305,0.868421052631579,high_conf,formula_only,0.27918217204763607,0.08375465161429081,0.04038428092508526,-0.013909217449384852,0.23841317128079445,0.14987561040899292,65.5,2,14,28,0.107154567483458,97.1212,0.4393939393939394,0.8350202429149798,84,4.0,9.1,191.61075757575756,388.10460000000023,523.937,132,194949,https://osu.ppy.sh/b/2468862
1026729,3 Nen E Gumi Utatan (Nagisa & Kayano & Karuma & Isogai & Maehara),Bye Bye YESTERDAY,Taeyang's Good Good Time,NM,5.39446,0.15288773543563944,0.15288773543563944,0.9822064056939501,high_conf,realized_only,0.0,0.0,-0.017005220675777234,0.02560579100576002,0.40120379023528946,0.2149749044698272,41.0,169,293,424,-0.48690418386631934,98.6595,0.5335144927536232,0.9964093357271095,91,4.0,8.5,227.9591857789855,449.35570000000007,595.442,1104,1279315,https://osu.ppy.sh/b/1026729
1576936,Panda Eyes,Euphoria,Mir's Extra,NM,5.3898,0.15040115153381511,0.23954630005117492,0.25925925925925924,explore,formula_only,0.29715049505786606,0.08914514851735982,0.04115528807958014,-0.014527075089994531,-0.03229674363297413,0.17290226202915995,93.0,1,1,2,0.33520066007919114,96.9631,0.42857142857142855,0.6060606060606061,100,4.2,8.7,189.6675857142857,343.83900000000006,517.233,7,28287,https://osu.ppy.sh/b/1576936
1736729,Ci Mei Gui,Wu Xuan Lan,Extra,NM,5.33783,0.14945700443434312,0.14945700443434312,0.6610169491525424,supported,realized_only,0.0,0.0,-0.00316593735935658,0.014012186495940467,-0.028524923828729638,0.18665259504802692,51.0,5,8,13,-0.4098981215540586,97.9675,0.5641025641025641,0.8574144486692015,92,4.2,8.0,284.5356307692308,537.1282,560.033,39,63252,https://osu.ppy.sh/b/1736729
1181042,Delta Heavy,Ghost,Comeback,NM,4.91217,0.1493409893107398,0.16580729891507692,0.3103448275862069,explore,formula_only,0.05488769868112372,0.016466309604337113,0.02187509781235112,-0.005048384071926364,-0.2502107030011436,0.17859077469673215,40.0,1,2,3,0.6552012275766078,95.8159,0.3333333333333333,0.572429906542056,65,4.5,8.7,131.1108,191.62660000000005,378.641,9,96408,https://osu.ppy.sh/b/1181042
1891389,Nothing But Thieves,Painkiller,Pure Love,NM,4.95944,0.14878638669734012,0.24455380062977056,0.5121951219512195,supported,formula_only,0.3192247131081015,0.09576741393243045,0.0424256223978985,-0.015138946434047522,-0.026491145697013115,0.13907144064659618,62.0,0,2,4,-0.21074052535728469,98.0342,0.42857142857142855,0.9748653500897666,94,3.8,8.5,161.24609523809525,235.542,500.721,21,53073,https://osu.ppy.sh/b/1891389
1829658,Yasuno Kiyono,Rocket Beat (TV Size),Secure!,NM,5.11421,0.1480666002759627,0.1480666002759627,0.2857142857142857,explore,realized_only,0.0,0.0,-0.02258554831140097,0.029753316390963937,-0.16346358168414715,0.15301230916037684,49.5,0,1,2,-0.3163039792579289,97.74635,0.5,0.9748283752860412,85,4.0,8.5,136.5165,165.5529,171.715,8,34236,https://osu.ppy.sh/b/1829658
3351141,Porno Graffitti,Hitori no Yoru (TV Size),Bozo,NM,5.25904,0.14799756073733206,0.18835387302123516,0.4444444444444444,explore,formula_only,0.13452104094634362,0.04035631228390309,0.029336677902500996,-0.0092258556652466,0.06702230968577264,0.1297543702159843,71.5,0,0,1,-0.24879808126326897,97.68,0.625,0.7804276315789473,104,4.0,8.7,233.2814375,534.5645,572.501,16,17060,https://osu.ppy.sh/b/3351141
1621041,Rita,Alicemagic (TV Size),Memories,NM,5.09067,0.14729677295781093,0.18786268643747245,0.3103448275862069,explore,formula_only,0.13521971159887175,0.04056591347966152,0.02934212779567978,-0.00927205011540255,-0.06203111242148217,0.12970371739142053,69.0,0,0,0,-0.39259645060013465,97.34089999999999,0.5555555555555556,0.9788135593220338,84,3.7,8.0,172.73925555555556,232.63720000000006,483.138,9,28647,https://osu.ppy.sh/b/1621041
3939244,ONIMAI SISTERS,Himegoto*Crisisters (TV Size),GlazeE's Insane,NM,5.00692,0.14635643626488581,0.14635643626488581,0.2,explore,realized_only,0.0,0.0,-0.015210320636817284,0.023584895561816244,0.31648380421016165,0.1519471583698672,56.0,0,1,1,-0.6254622013635384,97.38900000000001,0.8,0.9932885906040269,87,4.0,8.0,125.22496000000001,151.138,165.028,5,19561,https://osu.ppy.sh/b/3939244
1346000,CHiCO with HoneyWorks,Wolf,pkhg's Insane,NM,4.84777,0.14634008359495754,0.14634008359495754,0.3103448275862069,explore,realized_only,0.0,0.0,-0.03861599696566532,0.04269807531353101,-0.12452326339537437,0.1507884607017327,48.0,0,1,1,-0.5478863618123943,98.3377,0.5555555555555556,0.9922178988326849,87,4.0,7.0,120.1057111111111,173.3408,205.056,9,38254,https://osu.ppy.sh/b/1346000
2223144,Turbo,PADORU / PADORU,Anzei's Another,NM,4.80657,0.14623964345566143,0.14623964345566143,0.9619047619047619,high_conf,realized_only,0.0,0.0,-0.008383328136405853,0.017999611964881534,-0.23762910996436692,0.19207516671918112,45.0,55,110,160,-0.07929271875618894,96.2121,0.596039603960396,0.9888888888888889,31,4.0,8.0,152.59470376237624,338.2674,447.144,505,1542762,https://osu.ppy.sh/b/2223144
1026628,Iori Nomizu,miele paradiso,StarR's Insane,NM,5.05048,0.14465273596048744,0.14465273596048744,0.25925925925925924,explore,realized_only,0.0,0.0,-0.003157290128351411,0.013596831632206045,-0.2727509805814774,0.1590222253466497,59.0,0,2,2,-0.41261975993834626,97.5738,0.7142857142857143,0.9419642857142857,88,4.0,8.5,159.75161428571428,253.85200000000003,364.429,7,50996,https://osu.ppy.sh/b/1026628
3158964,Steve Aoki,New Blood (Koven Remix) (Cut Ver.),Extra,NM,5.27369,0.14418494652595815,0.14418494652595815,0.5454545454545454,supported,realized_only,0.0,0.0,-0.046151362360279675,0.048668780424203986,0.2320136987878891,0.2661684492739192,32.5,6,7,12,0.39692240688766905,95.53784999999999,0.5,0.7108843537414966,91,4.0,8.7,116.79176666666666,187.0079,196.553,24,48339,https://osu.ppy.sh/b/3158964
2176002,nano feat. MY FIRST STORY,SAVIOR OF SONG (TV Size),MNYUI'S EXTRA,NM,5.27357,0.14351368582451746,0.14351368582451746,0.3548387096774194,explore,corroborated,0.0,0.0,0.005238739661479143,0.006643295005874348,-0.10049015838124133,0.16727655129063077,55.0,1,1,3,-0.7729255519674844,98.3229,0.6363636363636364,0.98559670781893,85,3.8,8.6,262.3902181818182,515.657,554.625,11,24219,https://osu.ppy.sh/b/2176002
423545,nao,Miracle!Portable*Mission,Insane,NM,5.21688,0.14226432005053427,0.14226432005053427,0.25925925925925924,explore,realized_only,0.0,0.0,-0.0027985426817445924,0.013100874932083655,0.16821507044944445,0.17785174910934232,46.0,1,2,2,0.5458407749382794,94.6926,0.42857142857142855,0.7693761814744802,89,4.0,8.0,157.51777142857142,288.62240000000014,489.152,7,48562,https://osu.ppy.sh/b/423545
2997067,Swimy,Acchi Muite (TV Size),Nevo's Expert,NM,5.20219,0.14015966250830247,0.20636212020011935,0.3103448275862069,explore,formula_only,0.22067485897272293,0.06620245769181687,0.03531055384627967,-0.012574064895995897,0.20848454244862577,0.13549931401008472,80.0,0,0,2,1.2801844060670189,94.4762,0.1111111111111111,0.5682730923694779,87,4.0,8.2,115.43534444444445,145.3604,166.046,9,16732,https://osu.ppy.sh/b/2997067
1962267,IAHN,Pink Love (feat. Lency),Keitaro's Insane,NM,4.88856,0.14003629283333024,0.14003629283333024,0.23076923076923078,explore,realized_only,0.0,0.0,-0.0037861056062937336,0.013718031935878769,0.5400903128648878,0.1614456375847578,40.5,0,1,3,0.5941731587836185,95.7349,0.3333333333333333,0.6479779411764706,115,4.5,8.5,143.89066666666665,287.019,404.965,6,10287,https://osu.ppy.sh/b/1962267
3326416,noctchill,Itsudatte Bokura wa (Cut Ver.),Expert,NM,5.19812,0.13856089060427346,0.13856089060427346,0.4117647058823529,explore,corroborated,0.0,0.0,0.008662551069656247,0.003426276439164608,0.3553138538705629,0.13953246364220315,71.0,0,1,3,-0.18260637055703974,97.28165,0.5714285714285714,0.9182156133828996,90,4.0,8.6,183.05010714285714,384.7658000000003,493.966,14,13784,https://osu.ppy.sh/b/3326416
2062073,Iguchi Yuka,Hey World (TV Size),Kowari's Adventure,NM,5.31878,0.13791716551643463,0.13791716551643463,0.5238095238095238,supported,realized_only,0.0,0.0,-0.004452759497724175,0.014082369045136378,-0.1711257067365628,0.15701998168014555,67.0,1,3,5,-0.3161700517918572,96.88175,0.6363636363636364,0.9967741935483871,85,4.2,9.2,243.14707727272727,468.04720000000003,470.905,22,39276,https://osu.ppy.sh/b/2062073
1986003,UNISON SQUARE GARDEN,"Catch up, latency (TV Size)",A r M i N's Extra,NM,5.33911,0.13783437242577584,0.13783437242577584,0.3939393939393939,explore,realized_only,0.0,0.0,-0.03103975722657809,0.035787972475317835,0.08165410926890165,0.1884937902853879,38.0,2,4,5,-0.40173603112709777,96.9841,0.6923076923076923,0.9965753424657534,89,3.8,8.5,162.94854615384614,208.0462,396.812,13,24111,https://osu.ppy.sh/b/1986003
2469254,Thaehan,Doki-Doki,Another,NM,5.28571,0.13624501038107703,0.14574697042341356,0.4117647058823529,explore,formula_only,0.03167320014112178,0.009501960042336534,0.017952446474065468,-0.003549732884097224,0.059147916962243016,0.14679052368426487,67.0,0,1,3,-0.3085672056889424,96.42455000000001,0.6428571428571429,0.9735062006764374,102,4.0,8.0,196.8117714285714,462.9366000000004,617.425,14,85497,https://osu.ppy.sh/b/2469254
4766947,USAO,Knight Rider,archie's Another,NM,5.28202,0.13555167639463014,0.13555167639463014,0.25925925925925924,explore,realized_only,0.0,0.0,-0.0005075503923172419,0.01065942724113385,0.40462957057792287,0.1365714179319178,56.0,0,0,1,0.3751274766495484,97.1299,0.42857142857142855,0.614010989010989,113,3.6,8.0,138.59821428571428,187.156,187.237,7,16111,https://osu.ppy.sh/b/4766947
1400195,TSUNKU,Shugyou no Thema,A r M i N's Mastery of Mind and Body,NM,5.26018,0.13487586192688902,0.13487586192688902,0.5121951219512195,supported,realized_only,0.0,0.0,-0.024827060892408062,0.030462857649048256,-0.1016271267364728,0.1610573322657984,41.0,0,3,3,-0.6564665996535527,98.7654,0.7142857142857143,1.0,40,5.0,8.5,214.45742857142855,330.397,461.096,21,59139,https://osu.ppy.sh/b/1400195
2651414,glaive,astrid,insane,NM,4.96824,0.13398057057049484,0.13398057057049484,0.5555555555555556,supported,realized_only,0.0,0.0,-0.075786681386158,0.0720036502173104,0.1878976386984351,0.25968495370943184,27.0,6,10,14,-0.3454895654781609,96.2441,0.76,0.9927884615384616,72,3.6,7.5,174.943632,358.0166,404.004,25,161121,https://osu.ppy.sh/b/2651414
1014371,Yoshino Nanjo,Kimi o Sagashi ni,Extra,NM,5.05183,0.1336612072530333,0.1336612072530333,0.2,explore,realized_only,0.0,0.0,-0.0070929201615958,0.01587679820362463,-0.22776662218241955,0.17106941265300485,46.0,1,1,1,-0.40530626666512376,95.9957,0.8,0.9953596287703016,87,4.0,8.2,223.22493999999998,393.4116,422.604,5,34390,https://osu.ppy.sh/b/1014371
2480928,Suzuki Konomi,Realize (TV Size),Xandit's Another,NM,5.05208,0.13328478079022785,0.13328478079022785,0.3333333333333333,explore,realized_only,0.0,0.0,-0.001953431109747248,0.011647572565359199,-0.2951525449941845,0.19073418368945064,61.5,2,3,4,0.15816579607763548,94.02945,0.7,0.9915413533834586,90,3.8,9.0,115.48080999999999,156.2078,188.021,10,123120,https://osu.ppy.sh/b/2480928
1067859,Tamura Yukari,MERRY MERRY MERRY MENU... Ne!,Kencho's Extra,NM,5.04045,0.13225117660585378,0.13225117660585378,0.6296296296296297,supported,realized_only,0.0,0.0,-0.014816071255052079,0.022064184318659412,-0.038532214553120656,0.15402344671985058,50.5,0,4,9,-0.4938533449731928,98.38885,0.5882352941176471,0.972885032537961,78,4.1,8.1,183.3642411764706,424.3557,441.291,34,120063,https://osu.ppy.sh/b/1067859
676923,A.SAKA,Nanatsu Issenzakura,fanzhen's Another,NM,5.33631,0.12990608009849797,0.12990608009849797,0.6296296296296297,supported,realized_only,0.0,0.0,-0.0007203518795264579,0.010353420902910752,0.21925501951536824,0.1849054841175424,56.0,3,7,10,-0.4214261717689122,98.911,0.4411764705882353,0.9479166666666667,103,4.0,7.0,196.46374411764705,305.66229999999996,520.888,34,88891,https://osu.ppy.sh/b/676923
1991177,supercell,Hero,Onlybiscuit's Extra,NM,5.19694,0.12912022673514756,0.14290575429804298,0.801980198019802,high_conf,formula_only,0.04595175854298473,0.013785527562895418,0.019204991413799014,-0.00481410311263252,-0.043281504228838905,0.15508986233639524,62.0,4,8,17,-0.10434063208940203,96.8254,0.5308641975308642,0.909853249475891,88,3.8,8.5,286.7096481481482,468.591,519.199,81,116838,https://osu.ppy.sh/b/1991177
4606545,Yoshida Yasei,Override,SUISEI's Insane,NM,5.26997,0.12876719211118734,0.18648797492646738,0.2,explore,formula_only,0.1924026093842668,0.057720782815280036,0.03245217059805574,-0.011928740105515078,0.32682136756439323,0.14633759853425327,83.0,0,1,1,2.147582862754494,91.1493,0.0,0.3046875,118,3.5,8.0,75.9393,106.98948,126.563,5,24829,https://osu.ppy.sh/b/4606545
234535,Memme,Plasma Gun,Another,NM,4.92288,0.12810212533877757,0.1610248014133705,0.4594594594594595,explore,formula_only,0.10974225358197645,0.032922676074592934,0.025711293345470246,-0.00858770901081977,-0.6373478353003588,0.14497386248582914,64.0,0,2,4,-0.21268826121521378,97.0803,0.7058823529411765,0.9973333333333333,55,4.0,8.0,216.5281,414.68940000000003,425.399,17,132090,https://osu.ppy.sh/b/234535
969651,Nanamori-chu*Gorakubu,Acchu~ma Seishun!,Insane,NM,4.8738,0.12598187560307533,0.12598187560307533,0.8058252427184466,high_conf,corroborated,0.0,0.0,0.011239788594975673,0.0002525063272643246,-0.5206515990869289,0.1440027472157047,71.0,2,8,12,-0.378352642881305,98.26089999999999,0.5301204819277109,0.9896907216494846,89,4.0,8.3,186.25939397590363,382.8068,443.87,83,421164,https://osu.ppy.sh/b/969651
1820920,ClariS,SHIORI (TV Size),Alphabet's Extra,NM,5.19319,0.12585624496437217,0.12585624496437217,0.2,explore,realized_only,0.0,0.0,-0.023229372978678726,0.028391547375659645,-0.26391626309641025,0.2002009325268012,52.0,1,2,2,-0.7157198478784779,98.4598,0.8,0.9978165938864629,88,3.9,8.6,149.53542,172.9336,179.252,5,36270,https://osu.ppy.sh/b/1820920
2004289,Three,Kuuchuu Bunkai,Reform's Expert,NM,5.13604,0.12480836649491237,0.12480836649491237,0.23076923076923078,explore,corroborated,0.0,0.0,0.007811404600211358,0.0029526123474118843,-0.009099491977314626,0.18142368720887225,51.0,1,2,2,-0.18916234637834958,96.7262,0.6666666666666666,0.9890776699029127,60,3.0,8.2,173.35428333333334,276.4365,381.821,6,26126,https://osu.ppy.sh/b/2004289
4742122,TRUE,Frozen (TV Size),Elfaria,NM,5.25112,0.12306137126119032,0.12306137126119032,0.23076923076923078,explore,corroborated,0.0,0.0,0.0009722828845788439,0.008389406545185045,0.13465555663131862,0.19329342587699594,46.5,1,1,2,0.48410489158068953,96.45510000000002,0.16666666666666666,0.8114035087719298,78,3.8,8.8,169.95081666666667,290.1165,385.572,6,15261,https://osu.ppy.sh/b/4742122
3322016,"Wake Up, May'n!",One In A Billion (TV Size),Expert,NM,5.19168,0.12199753110042641,0.17600702305051408,0.3548387096774194,explore,formula_only,0.18003163983362555,0.05400949195008766,0.031042817705495038,-0.011668501114155615,0.011606597095030568,0.14188423375736228,65.0,0,1,2,-0.09109756549051115,97.1972,0.5454545454545454,0.9016736401673641,87,4.0,8.8,144.28871818181818,190.044,196.485,11,38393,https://osu.ppy.sh/b/3322016
2530752,Mrs. GREEN APPLE,Ao to Natsu,Expert,NM,5.08763,0.1216503779970095,0.14156778315208002,0.8387096774193549,high_conf,formula_only,0.06639135051690173,0.019917405155070518,0.020970700547180858,-0.006369802010440998,0.6667605286617597,0.15812701546647517,58.0,7,13,22,0.3286060415951453,96.36925,0.4230769230769231,0.7110726643598616,96,3.8,8.6,171.9467144230769,420.35790000000003,510.646,104,194604,https://osu.ppy.sh/b/2530752
783867,Culprate,Yin,Kyshiro's Insane,NM,5.26828,0.12088276926126819,0.12088276926126819,0.23076923076923078,explore,corroborated,0.0,0.0,0.007382686085303833,0.0029691125554738304,0.36205264656814157,0.168989292145467,37.5,0,1,3,0.9721551678293191,93.2367,0.3333333333333333,0.7644736842105264,91,4.0,8.5,120.79785,193.2885,223.503,6,24253,https://osu.ppy.sh/b/783867
4781763,Alya (CV: Uesaka Sumire),Kimagure Romantic (TV Size),Insane,NM,4.82558,0.11884074798581686,0.11884074798581686,0.4594594594594595,explore,corroborated,0.0,0.0,0.010357930593659817,0.00036579582807347646,0.4623245205357141,0.1533761627377889,49.0,0,2,3,0.1407979681714689,96.5753,0.4117647058823529,0.892271662763466,86,4.0,8.0,151.89200588235295,302.3206,397.741,17,21446,https://osu.ppy.sh/b/4781763
5438071,Erika,I Don't Know (Nightcore & Cut Ver.),craxtz's Expert,NM,4.99519,0.11881097338438326,0.15037055813779587,0.8850574712643678,high_conf,formula_only,0.10519861584470873,0.03155958475341262,0.024615799768667974,-0.008598514823163183,1.3130109228407107,0.17660820864491933,52.0,12,26,46,0.31707744410817135,96.6667,0.35064935064935066,0.825136612021858,33,3.4,9.0,224.57346038961037,402.011,463.822,154,110474,https://osu.ppy.sh/b/5438071
282166,LeaF,MEPHISTO,Another,NM,5.18328,0.11839904326902115,0.11839904326902115,0.5238095238095238,supported,realized_only,0.0,0.0,-0.009263988331492135,0.016352768990858194,-0.2702136671022633,0.17058860224693514,53.5,2,3,3,-0.6567894630361385,97.69925,0.7272727272727273,0.9940179461615155,114,4.0,7.0,266.9883227272727,484.3328,519.23,22,220260,https://osu.ppy.sh/b/282166
2226486,Turbo,PADORU / PADORU,Dorsalplum's Extra,NM,5.24027,0.11820262014002064,0.11820262014002064,0.9473684210526315,high_conf,realized_only,0.0,0.0,-0.004064639733441379,0.012089955892524273,-0.04808724581285917,0.1765164122280337,49.0,34,75,105,-0.21423876078085097,97.151,0.575,0.9884393063583815,31,4.0,8.7,193.96250138888888,422.1143,489.499,360,581895,https://osu.ppy.sh/b/2226486
1930099,IU,Nae Kkumeun Patissiere (TV Size),kotachi's Extra,NM,5.12964,0.11671956626269357,0.11671956626269357,0.48717948717948717,explore,corroborated,0.0,0.0,0.008644614731671345,0.001584729325938018,0.1937509326619396,0.16018445025988712,41.0,1,3,6,0.21980039937157886,94.8045,0.5263157894736842,0.9478260869565217,87,4.0,8.8,160.32489473684208,390.98659999999995,428.175,19,18918,https://osu.ppy.sh/b/1930099
2172157,Rib,Kisaragi Attention,Kagerou,NM,5.31824,0.11648524915034932,0.11648524915034932,0.48717948717948717,explore,realized_only,0.0,0.0,-0.0015588864477164288,0.009897646224492896,0.23752622795280104,0.20377106371393833,63.0,4,7,7,-0.2861496619115963,97.14789999999999,0.5789473684210527,0.9944444444444445,88,4.2,8.8,146.24765789473685,186.09179999999998,220.529,19,35487,https://osu.ppy.sh/b/2172157
2245771,Turbo,PADORU / PADORU,Expert,NM,5.13397,0.1153404877006765,0.11904381616139101,0.8675496688741722,high_conf,formula_only,0.01234442820238172,0.0037033284607145157,0.013141267464762383,-0.0018899969039895149,0.03458253243946665,0.1856048337623386,52.0,10,23,40,0.16020848688590386,95.2381,0.5725190839694656,0.9831460674157303,31,4.2,8.2,125.31424503816793,168.559,374.043,131,277398,https://osu.ppy.sh/b/2245771
4952868,LUM!X feat. Pia Maria,Halo (Nightcore & Cut Ver.),Halo,NM,4.98336,0.11521200307733918,0.11521200307733918,0.8461538461538461,high_conf,corroborated,0.0,0.0,0.00986994815756317,0.00045592286997776614,1.149989379207881,0.1476290106229962,58.5,1,9,18,-0.29168458495721744,97.91835,0.509090909090909,0.9608108108108109,75,4.0,9.0,241.7023872727273,425.91940000000005,465.804,110,92676,https://osu.ppy.sh/b/4952868
345578,ZAQ,VOICE (TV Size),Fycho's Insane,NM,5.34974,0.11391043588949218,0.11391043588949218,0.5833333333333334,supported,realized_only,0.0,0.0,-0.03414278927994325,0.03628891971088016,-0.29235063275163287,0.1897681497095119,42.5,4,6,8,0.11102318610570996,97.08335,0.4642857142857143,0.7692307692307692,87,4.0,8.0,175.41595,375.65180000000004,516.878,28,89434,https://osu.ppy.sh/b/345578
1431005,LONG SHOT PARTY,distance (NARUTO Ver.),Insane,NM,5.00006,0.11210175402623265,0.11210175402623265,0.7435897435897436,supported,corroborated,0.0,0.0,0.005212636900055005,0.003995054605013041,0.24742582132684957,0.1631819329472552,51.5,3,7,10,0.30913088290681057,96.336,0.3793103448275862,0.8535714285714286,88,4.0,8.0,109.19540172413794,158.7722,191.664,58,181926,https://osu.ppy.sh/b/1431005
4921269,Yorushika,Haru (TV Size),Laurier's Insane,NM,4.98112,0.11115071868870974,0.11115071868870974,0.3939393939393939,explore,realized_only,0.0,0.0,-0.02191222081983795,0.02606612087070513,0.6616528681710447,0.17267395128312193,56.0,1,3,4,0.287302072796461,97.0903,0.3076923076923077,0.8423236514522822,84,4.0,8.0,139.67263076923078,288.4762000000001,348.559,13,11417,https://osu.ppy.sh/b/4921269
2098783,Digital Sexy,Til Death (Nightcore Mix),Expert,NM,5.04708,0.10792229832685821,0.28525807317848917,0.8675496688741722,high_conf,formula_only,0.5911192495054366,0.17733577485163096,0.054732183609887,-0.02172999849381363,0.18616860820143133,0.15046481501059794,61.0,5,11,24,0.27335240730185634,96.6346,0.46564885496183206,0.6535947712418301,110,3.8,8.7,217.01237633587786,448.754,512.598,131,325098,https://osu.ppy.sh/b/2098783
1532375,GTA feat. Sam Bruno,Red Lips (Mendus Remix),deadpon3's Another,NM,5.32971,0.10709222295795931,0.10709222295795931,0.8412698412698413,high_conf,realized_only,0.0,0.0,-0.01577055228557407,0.02070552912546532,-0.005750909917827749,0.1880566104746239,54.0,12,22,36,0.6500322744167777,96.3889,0.33962264150943394,0.5575221238938053,80,4.0,8.1,126.9620075471698,184.012,204.875,106,300411,https://osu.ppy.sh/b/1532375
2239490,sweet ARMS,Trust in you (TV Size),Hazu's Expert,NM,5.07558,0.1052533207349366,0.1052533207349366,0.3333333333333333,explore,realized_only,0.0,0.0,-0.035882747669777615,0.03697415186597333,0.3122856096985319,0.17846635883555648,40.0,1,2,3,-0.6528291100138283,97.4099,0.8,1.0,83,4.3,8.3,133.62087,163.9823,164.3,10,27123,https://osu.ppy.sh/b/2239490
2452645,saradisk,083 - nekomimi,Insane,NM,5.23872,0.1052059999377073,0.1052059999377073,0.6551724137931034,supported,corroborated,0.0,0.0,0.0014751635282129298,0.006461275100797463,-0.22106714269858938,0.17071554822672763,52.5,1,4,9,-0.45808827180807543,97.9718,0.631578947368421,0.997131931166348,69,4.0,7.5,279.1936421052631,517.829,552.184,38,99494,https://osu.ppy.sh/b/2452645
2340215,*namirin & ChouCho,Yasashisa no Riyuu,Expert,NM,4.97015,0.10355831396518936,0.2688474232604917,0.3103448275862069,explore,formula_only,0.5509636976510078,0.16528910929530236,0.05234695193315912,-0.021176732724247124,-0.18361942285242913,0.13008108025929363,64.0,0,0,1,0.7379620437575785,95.63390000000001,0.3333333333333333,0.6400709219858156,102,4.0,8.7,106.20775555555556,159.85500000000002,184.419,9,59850,https://osu.ppy.sh/b/2340215
1520956,Drop,Granat,Insane,NM,5.01612,0.10240735561311737,0.10240735561311737,0.9033816425120773,high_conf,corroborated,0.0,0.0,0.006267063488287828,0.002310059597103205,0.08982358391944557,0.19199024062095235,47.0,21,48,62,-0.09335376650680019,96.124,0.6149732620320856,0.9956521739130435,42,4.5,8.0,147.6741310160428,305.2896000000002,419.934,187,365175,https://osu.ppy.sh/b/1520956
1610994,Icon For Hire,Make a Move (Speed Up Ver.),Nevo's Expert,NM,5.07749,0.09607818866885362,0.1366958697694232,0.9551569506726457,high_conf,formula_only,0.13539227033523193,0.040617681100569576,0.025662165878212954,-0.010615193916175868,-0.1013772701708898,0.1675753813907111,55.0,26,57,102,0.3291454641362278,95.0276,0.460093896713615,0.9442231075697212,38,3.6,9.0,141.83742676056337,209.94650000000001,481.776,426,1056222,https://osu.ppy.sh/b/1610994
2167382,Oomori Seiko,JUSTadICE (TV Size),MiracleE's Extra,NM,5.35853,0.09426640875094952,0.09426640875094952,0.3939393939393939,explore,corroborated,0.0,0.0,0.007315714206607666,0.0007618023333198325,0.041065503300941594,0.1486167416766026,86.0,0,2,4,-0.11419514082603624,97.5207,0.5384615384615384,0.8497109826589595,88,3.8,9.0,173.04786923076924,211.71880000000002,383.49,13,35757,https://osu.ppy.sh/b/2167382
3802472,Mazare & RUNN,Where Do We Go (Cut Ver.),Log Off Now's Extra,NM,5.34167,0.09422418326126593,0.10845897267788104,0.4117647058823529,explore,formula_only,0.047449298055383726,0.014234789416615117,0.016717948291397524,-0.00571050062879422,-0.02379540741657884,0.13177770346179304,67.5,0,1,1,-0.23246153832524147,98.12315000000001,0.5,0.9539473684210527,107,3.8,8.5,270.5202857142857,489.04570000000007,548.44,14,10596,https://osu.ppy.sh/b/3802472
1795723,League of Legends,"RISE (ft. The Glitch Mob, Mako, and The Word Alive)",Red's Extra,NM,5.30489,0.09408265084863324,0.09408265084863324,0.803921568627451,high_conf,corroborated,0.0,0.0,0.006705195212697754,0.0012447743683272477,0.22853141223140752,0.18289533879670145,46.0,6,12,16,1.0897112829283924,93.73465,0.3170731707317073,0.6119133574007221,120,3.7,8.6,122.85176463414633,198.6527,522.252,82,181647,https://osu.ppy.sh/b/1795723
2195533,Tomatsu Haruka,Resolution (TV Size),Reform's Expert,NM,5.29305,0.09142980041512652,0.09142980041512652,0.4444444444444444,explore,corroborated,0.0,0.0,0.0048259822142545815,0.0025540059468073884,-0.07756603290303925,0.16414829434267927,57.5,1,3,5,0.8488278901551367,95.4039,0.3125,0.5533333333333333,88,3.8,8.7,125.34256875,179.553,247.663,16,72477,https://osu.ppy.sh/b/2195533
3810504,ClariS,Connect (TV Size),Expert,NM,5.00366,0.08809536704078419,0.08809536704078419,0.23076923076923078,explore,realized_only,0.0,0.0,-0.0005042200575078558,0.006623611032328154,-0.09227775913563112,0.1432227988580921,52.0,0,0,1,-0.5538680673179807,97.2406,0.8333333333333334,0.9988839285714286,89,4.2,8.6,124.7657,150.07049999999998,150.67,6,13858,https://osu.ppy.sh/b/3810504
805798,Kano,Dear Brave,Meg's Insane,NM,5.05447,0.08769318547165911,0.08769318547165911,0.7183098591549296,supported,realized_only,0.0,0.0,-0.018849438480969392,0.021571307954853056,-0.36883589236323533,0.1546146078542615,51.0,2,4,11,-0.3688470767559525,97.9688,0.5882352941176471,0.9932735426008968,85,4.0,8.0,172.07947450980393,285.754,473.299,51,195192,https://osu.ppy.sh/b/805798
1675839,Will Stetson,Despacito ft. R3 Music Box,Monstrata's Slow Expert,NM,5.31259,0.08765761581223411,0.24460924666223255,0.6296296296296297,supported,formula_only,0.5231721028333282,0.15695163084999844,0.04978416255243373,-0.02114368798115556,-0.427306928188302,0.17392411303089084,49.5,1,3,8,0.7421897105385882,93.81190000000001,0.4117647058823529,0.8326612903225807,45,3.0,8.8,140.2700205882353,192.973,489.154,34,179775,https://osu.ppy.sh/b/1675839
1562377,XX:me,Manatsu no Setsuna (TV Size),Summer,NM,5.11039,0.08732034920266293,0.08732034920266293,0.23076923076923078,explore,realized_only,0.0,0.0,-0.0020900266016793,0.007852816642831452,0.023473297052649653,0.19738527807824913,20.5,0,3,4,0.5178081139178728,94.06954999999999,0.5,0.8979591836734694,84,4.3,8.5,108.43373333333334,147.1015,164.036,6,30177,https://osu.ppy.sh/b/1562377
4715373,Mitsukiyo,Unwelcome School,Gorou's Insane,NM,4.97213,0.08692060804847837,0.08692060804847837,0.5454545454545454,supported,realized_only,0.0,0.0,-0.004878260847707818,0.010095894539665385,0.843562859924303,0.1628844643906348,45.0,2,3,6,0.9757470953383017,95.91555,0.25,0.4183955739972337,115,4.0,7.0,102.66325416666666,135.4406,391.349,24,49829,https://osu.ppy.sh/b/4715373
1472912,Aqours,MY Mai*TONIGHT,newton's Insane,NM,4.88205,0.08662261006204466,0.08662261006204466,0.375,explore,realized_only,0.0,0.0,-0.006696545305559293,0.01155549620887319,-0.2973536903753301,0.17087104460357483,58.0,1,1,2,0.48768482791126744,95.72645,0.4166666666666667,0.7037444933920705,92,4.0,8.0,97.06979166666667,124.7459,134.486,12,107532,https://osu.ppy.sh/b/1472912
2467122,BiSH,Futari Nara (TV Size),Aakki & Onlybiscuit's Expert,NM,5.27754,0.08654364260712091,0.08654364260712091,0.375,explore,realized_only,0.0,0.0,-0.006490706041322984,0.0113806836393183,0.3286556745725109,0.13744842567334237,74.5,0,1,2,-0.5269198232482182,98.9341,0.5833333333333334,0.9698443579766537,83,3.8,8.7,154.50199166666667,194.659,212.401,12,25398,https://osu.ppy.sh/b/2467122
1956919,THE ORAL CIGARETTES,ReI,Kowari's Extra,NM,5.29983,0.08652711178425002,0.08652711178425002,0.3333333333333333,explore,corroborated,0.0,0.0,0.0033285848505942746,0.0033602189611746346,-0.300455349877838,0.14092148081464445,55.0,0,1,1,-0.6669216174425239,97.87140000000001,0.8,0.9962406015037594,83,4.0,8.6,200.35790000000003,250.5002999999999,504.879,10,65583,https://osu.ppy.sh/b/1956919
1709627,Lenny code fiction,Make my story (TV Size),Altimate,NM,5.23796,0.08473753528489197,0.08738456843761884,0.3548387096774194,explore,formula_only,0.0088234438424229,0.0026470331527268702,0.009759715695770523,-0.001818981694474654,-0.23191791200155312,0.16763665995226212,51.0,1,1,2,1.9782046963354691,89.4085,0.2727272727272727,0.39497041420118345,89,4.0,8.0,152.3285090909091,430.301,521.931,11,45495,https://osu.ppy.sh/b/1709627
2069748,SPYAIR,I'M A BELIEVER (TV Size),Expert,NM,5.28351,0.08401624022176121,0.08401624022176121,0.6226415094339622,supported,realized_only,0.0,0.0,-0.018734851578343273,0.02116524207882721,-0.2170981157061087,0.15230534263752252,50.0,1,3,6,-0.4002813918237805,97.9688,0.5757575757575758,0.9961315280464217,89,3.8,9.0,189.82881515151516,366.5448000000001,455.899,33,95796,https://osu.ppy.sh/b/2069748
1837326,Nanamori-chu * Goraku-bu,Yuriyurarararayuruyuri Daijiken (TV Size),Expert,NM,5.04167,0.08163286554216387,0.2234302588735057,0.4117647058823529,explore,formula_only,0.4726579777711395,0.14179739333134184,0.04665121750742597,-0.020385031145495038,-0.07128665983916088,0.15119546615580842,83.0,1,1,2,1.0304082334891256,94.18594999999999,0.2857142857142857,0.5805084745762712,87,3.7,8.5,119.14860714285714,154.3711,338.016,14,58905,https://osu.ppy.sh/b/1837326
4790335,Set It Off,Partners In Crime (Cut Ver.),browar's Expert,NM,5.11779,0.07766112671874759,0.09393911211854185,0.47368421052631576,explore,formula_only,0.05425995133264754,0.016277985399794262,0.01637705849276317,-0.006666085336169013,0.7680470205091625,0.15416744429483198,45.5,0,1,5,0.07666532247587067,97.75175,0.4444444444444444,0.6851851851851852,95,4.0,9.0,173.5035777777778,418.2558,518.01,18,20417,https://osu.ppy.sh/b/4790335
5416315,renforshort,hate the way you love me (nightcore & cut ver.),imperfect,NM,5.3004,0.07630439722825166,0.14606229509766133,0.5,supported,formula_only,0.23252632623136557,0.06975789786940967,0.03170652655535445,-0.014755394715044343,0.8393382805509277,0.1658654479599276,75.0,2,3,3,0.8751382088404904,96.33670000000001,0.15,0.6282420749279539,57,3.8,9.0,134.99812,180.9918,322.307,20,21221,https://osu.ppy.sh/b/5416315
2044220,Matrix & Futurebound,Fire (feat. Max Marshall),Slips' Extra,NM,4.98216,0.07507045545891164,0.07507045545891164,0.2,explore,corroborated,0.0,0.0,0.0009894474311575065,0.004296858659091212,-0.23544206733493295,0.17398109621863894,52.0,0,1,2,-0.33822539334414303,97.2637,0.6,0.9975,87,4.0,8.7,177.8336,330.1738,431.495,5,37476,https://osu.ppy.sh/b/2044220
995835,Silent Siren,Hachigatsu no Yoru,Insane,NM,4.99047,0.07436099052993977,0.07436099052993977,0.75,supported,realized_only,0.0,0.0,-0.04117312853455121,0.03866921561409327,-0.24111492284728808,0.22494669858757937,51.0,9,17,20,-0.5366117507787048,98.06135,0.6333333333333333,0.9968602825745683,102,4.0,8.0,168.14261,342.1167000000001,476.505,60,315786,https://osu.ppy.sh/b/995835
2172108,Sati Akura,Chikatto Chika Chika,Deca's Another,NM,5.32926,0.06815784208699491,0.09568119235721394,0.5238095238095238,supported,formula_only,0.09174450090073011,0.027523350270219033,0.01980721226094033,-0.009319316385227145,0.13988860313559742,0.16058349751534629,51.0,1,3,4,1.2664669502857344,92.84565,0.22727272727272727,0.7128953771289537,88,4.0,8.0,113.06860454545455,147.1957,194.66,22,56430,https://osu.ppy.sh/b/2172108
1785664,Kajiura Yuki,"run, run, runaway",Insane,NM,5.27729,0.06811105883854493,0.06811105883854493,0.2857142857142857,explore,realized_only,0.0,0.0,-0.028112769563623692,0.027472139373499002,-0.050178127596695384,0.18253318346864958,48.5,1,2,3,-0.6969431593417796,97.64009999999999,0.75,0.9952471482889734,92,5.0,8.0,164.278725,238.92269999999996,343.005,8,19503,https://osu.ppy.sh/b/1785664
1980174,Yamamoto Mineko,Rinne,Expert,NM,5.1121,0.06694568619506916,0.06694568619506916,0.47368421052631576,explore,realized_only,0.0,0.0,-0.005919556657947611,0.009248705182452957,0.1867064218519958,0.14089844634458232,60.5,0,1,2,-0.39301186054840415,98.39739999999999,0.3888888888888889,0.8499079189686924,102,4.0,8.5,249.93914444444442,488.0683,494.286,18,41589,https://osu.ppy.sh/b/1980174
3245946,Tomita Miyu,Broken Sky (TV Size),Insane,NM,4.85741,0.06668473730583335,0.06668473730583335,0.23076923076923078,explore,realized_only,0.0,0.0,-0.045651548359947614,0.04167420920454394,0.044159799642978635,0.18591810455755,53.5,1,1,1,-0.8695385937447279,98.03784999999999,0.8333333333333334,0.9980657640232108,89,4.0,8.0,152.55206666666666,260.4255,388.429,6,11558,https://osu.ppy.sh/b/3245946
2193896,Ahomushi,Koko wa Doko (TV Size),Expert,NM,4.8562,0.06663036190331012,0.06663036190331012,0.48717948717948717,explore,realized_only,0.0,0.0,-0.03260700597557703,0.03101658202088685,-0.19607137299070704,0.15774740363676473,63.0,1,2,5,-0.4269408838616193,96.8798,0.631578947368421,0.9970326409495549,58,4.0,8.3,199.76772631578947,373.3316,384.477,19,77697,https://osu.ppy.sh/b/2193896
1720903,Simple Plan,You Suck At Love (Speed Up Ver.),Rolniczy's Expert,NM,5.16877,0.06634232735392542,0.10115475216353448,0.855072463768116,high_conf,formula_only,0.11604141603203018,0.034812424809609055,0.021975058666153277,-0.010624545136465746,-0.38091915660734815,0.1517668469913701,61.5,5,11,16,0.10095204874072489,96.6088,0.4491525423728814,0.8976470588235295,75,3.6,8.6,186.48673644067796,448.3015,510.627,118,495369,https://osu.ppy.sh/b/1720903
4489701,bilbordy,v nol',neplow's expert,NM,5.34213,0.06612971815784816,0.19854012453263428,0.2857142857142857,explore,formula_only,0.44136802124928715,0.13241040637478613,0.04388042557975254,-0.02023752517475498,0.37784430771303634,0.14106218360306566,54.5,0,0,0,-0.26315664505466674,96.5059,0.625,0.9827089337175792,106,4.0,8.8,154.20475,195.9829,202.054,8,14796,https://osu.ppy.sh/b/4489701
1106276,Hata Motohiro,Toumei Datta Sekai,Bijuu,NM,5.03259,0.06524924379055422,0.08585131979072302,0.7777777777777778,supported,formula_only,0.06867358666722938,0.020602076000168813,0.017206002632376427,-0.008030398819140564,0.018334690095966787,0.15355340776368834,60.5,3,10,15,0.23142060617313506,95.59625,0.4714285714285714,0.869120654396728,84,4.0,8.0,193.04815285714284,457.5588,493.106,70,255746,https://osu.ppy.sh/b/1106276
969549,Tamura Yukari,W:Wonder tale,za's Anti-Love,NM,5.26951,0.06468823522612765,0.06468823522612765,0.48717948717948717,explore,realized_only,0.0,0.0,-0.03665736024756209,0.03415930735519778,-0.08687108581442597,0.16617702935053782,54.0,1,4,6,-0.481829995917627,97.9516,0.5789473684210527,0.9961089494163424,86,4.0,8.5,152.04544736842104,196.0098,199.016,19,73236,https://osu.ppy.sh/b/969549
4765584,Hoshi Syoko (CV: Matsuda Satsumi),Zettai Tokken Shuchou Shimasu! Hoshi Syoko Solo Remix (Cut Ver.),Collab Expert!,NM,5.33893,0.06274729746314078,0.0681513886783324,0.5238095238095238,supported,formula_only,0.018013637383972037,0.005404091215191611,0.009978459576064497,-0.003632162607324279,0.6858182451511751,0.1848075310826058,59.0,1,4,5,0.42124542392228814,96.2808,0.36363636363636365,0.6848290598290598,80,3.8,9.0,247.2109818181818,412.5827,507.562,22,31971,https://osu.ppy.sh/b/4765584
3671629,Serena (CV: Makiguchi Mayuki),Dori Dori (TV Size),Happiness,NM,5.25957,0.0614997760151398,0.08349079763188641,0.2,explore,formula_only,0.07330340538915539,0.021991021616746615,0.017466655310160693,-0.008443874505379608,0.01885187352345712,0.13625478570719857,64.0,0,0,0,0.46301599447828873,95.8071,0.4,0.7069351230425056,79,4.2,8.8,182.9992,293.31860000000006,357.963,5,10872,https://osu.ppy.sh/b/3671629
792832,nano,Bull's eye,Insane,NM,5.38098,0.05976707241797119,0.05976707241797119,0.23076923076923078,explore,realized_only,0.0,0.0,-0.05632418459689917,0.049802264332132494,0.1357779086814826,0.24877977760884104,18.0,1,4,4,-0.9179673140512427,96.753,1.0,0.9970703125,86,4.0,8.0,213.46116666666668,357.69550000000004,549.354,6,37967,https://osu.ppy.sh/b/792832
293573,Tsukasa ft. 3L,Space Accelerator,Lunatic,NM,5.09254,0.05915148315817807,0.05915148315817807,0.375,explore,corroborated,0.0,0.0,0.001868433120494701,0.0022261415925209542,-0.20995183111157023,0.1544924735857702,60.0,1,1,3,-0.701600637924884,97.89295,0.5833333333333334,0.9961715160796325,109,4.0,8.0,267.8990166666667,460.1315,486.512,12,101621,https://osu.ppy.sh/b/293573
3398802,YUKA NAGASE,Kawaige Nai na,Isn't she cute?,NM,5.16958,0.058818794233420596,0.21421393963644247,0.25925925925925924,explore,formula_only,0.517983818010073,0.15539514540302188,0.04756198818822866,-0.021912077788162176,-0.05132025361220169,0.16411015050897393,80.0,1,1,1,1.4572684744709525,90.63600000000001,0.42857142857142855,0.58656330749354,65,3.8,8.4,102.38802857142858,157.3788,164.145,7,27721,https://osu.ppy.sh/b/3398802
2997367,Swimy,Acchi Muite (TV Size),A r M i N x torriru's Extra,NM,5.15108,0.0575303920252709,0.0575303920252709,0.3548387096774194,explore,realized_only,0.0,0.0,-0.004227673618537767,0.007066842345244011,0.27054663336119295,0.16202462552364705,43.0,1,1,1,-0.19745561412381268,98.2347,0.45454545454545453,0.8439425051334702,87,3.8,8.5,234.60169090909088,454.126,492.575,11,22984,https://osu.ppy.sh/b/2997367
2993635,Rice Shower (CV: Iwami Manaka),Umapyoi Densetsu (Game Ver.),Hatsune Miku's GII (Insane),NM,5.27402,0.05739237205156403,0.05739237205156403,0.2,explore,realized_only,0.0,0.0,-0.006353876396098275,0.008791505577156503,0.09210513384176269,0.23742799200693065,69.0,2,2,2,0.6350584633102826,95.2381,0.4,0.3346774193548387,110,4.0,8.0,184.0039,382.08220000000006,543.801,5,15705,https://osu.ppy.sh/b/2993635
2088521,Latina (CV: Takao Kanon),I'm with you (TV Size),Extra,NM,5.35346,0.055257445343374914,0.055257445343374914,0.3333333333333333,explore,realized_only,0.0,0.0,-0.00958168914413096,0.011246105792583137,-0.13892104319950865,0.16364408437078948,44.5,0,2,3,0.020050352559635325,96.66665,0.5,0.893574297188755,88,4.0,8.5,145.4767,191.7498,200.838,10,33804,https://osu.ppy.sh/b/2088521
3095036,MindaRyn,Like Flames (TV Size),A r M i N & Vaporfly's Extra,NM,5.20025,0.055086537763750304,0.28822179693336064,0.4117647058823529,explore,formula_only,0.7771175305653678,0.23313525916961034,0.06022342748409684,-0.0259626253614898,0.09279948407998467,0.1290988248586812,59.0,0,0,0,-0.15758590127327063,97.29865,0.5,0.9559633027522936,86,3.8,8.8,165.5771,193.9189,505.059,14,40757,https://osu.ppy.sh/b/3095036
975025,Bianka AKA Kralya,Poshli vy v zhopu!,Insane,NM,4.83551,0.05436191125992858,0.14261822873605892,0.375,explore,formula_only,0.2941877249204345,0.08825631747613034,0.03436871229037403,-0.017222201114147004,-0.21873387754587406,0.1530125960052097,71.5,1,1,2,0.31725373049313754,94.97755000000001,0.5,0.8958333333333334,79,4.6,8.4,132.47383333333335,246.69580000000005,367.285,12,46573,https://osu.ppy.sh/b/975025
1404466,Reol,MONSTER,AKITOSHI'S EXPERT,NM,5.37904,0.05387375345323775,0.05727180685265189,0.8901098901098901,high_conf,formula_only,0.011326844664713797,0.003398053399414139,0.007921502452453806,-0.002876926409350087,-0.08799250021401492,0.1662957945312425,53.0,9,21,39,0.6230907469615604,95.78905,0.30864197530864196,0.6908713692946058,96,3.8,8.3,205.8605037037037,464.4877,536.929,162,290835,https://osu.ppy.sh/b/1404466
1412578,Poppin'Party,Tokimeki Experience! (TV Size),Kibbleru's Expert,NM,5.22921,0.05373839312934076,0.09712556440086834,0.23076923076923078,explore,formula_only,0.14462390423842525,0.04338717127152757,0.023626734773799854,-0.012315831677132348,-0.2345085945697163,0.126810100338119,66.0,0,0,0,1.6574207233471243,91.73705,0.16666666666666666,0.5697445972495089,88,4.0,8.5,115.27548333333334,182.01850000000002,216.467,6,48231,https://osu.ppy.sh/b/1412578
1670139,KANA-BOON,Nai Mono Nedari,After School,NM,5.12201,0.05318099592357564,0.05318099592357564,0.797979797979798,supported,realized_only,0.0,0.0,-0.010573170351558728,0.011879344625680684,-0.11085826518681433,0.1907762371396897,50.0,8,12,18,0.4488521267895249,95.6635,0.3670886075949367,0.8558951965065502,83,4.5,8.0,124.6103569620253,166.7422,408.991,79,284301,https://osu.ppy.sh/b/1670139
2600870,DISH//,FLAME (TV Size),Reform's Expert,NM,5.07844,0.0525819758262555,0.17239324017252464,0.7101449275362319,supported,formula_only,0.3993708811542305,0.11981126434626914,0.04060830504440258,-0.019787407741389346,-0.011122704414536323,0.14163777112470136,71.0,1,4,8,-0.38494336257673933,97.4093,0.6122448979591837,0.9931972789115646,89,3.0,9.0,232.45971020408163,441.771,471.603,49,93033,https://osu.ppy.sh/b/2600870
3419793,Vaundy,Hadaka no Yuusha (TV Size),Little Guy,NM,5.03339,0.05196338518468552,0.11849784874459252,0.5,supported,formula_only,0.22178154519969,0.066534463559907,0.029372526265494067,-0.015191878326000453,0.37542679320955874,0.14018557707253437,64.0,0,1,3,1.213504360125285,92.1687,0.3,0.7277904328018223,77,4.0,8.5,140.63469500000002,402.9297,445.852,20,70568,https://osu.ppy.sh/b/3419793
1746432,Kageyama Hironobu,Battle of Omega (GAME OP size),Expert,NM,5.2494,0.05103828362499728,0.05699399819429883,0.3548387096774194,explore,formula_only,0.01985238189767183,0.0059557145693015495,0.009511823090340531,-0.004199293464709167,0.2642429346445935,0.19125922024384776,75.0,2,2,2,-0.31005869925678053,97.4427,0.5454545454545454,0.9926605504587156,90,4.0,8.0,135.6508727272727,179.026,253.347,11,21960,https://osu.ppy.sh/b/1746432
1675844,Will Stetson,Despacito ft. R3 Music Box,Slowly,NM,5.36567,0.05052156582810133,0.285729018848001,0.946949602122016,high_conf,formula_only,0.7840248433996656,0.23520745301989968,0.0602385419890512,-0.026186818732034878,-0.3904403285990346,0.16239379755727468,53.0,19,46,73,0.22817462779503062,95.1134,0.5126050420168067,0.975,46,4.2,9.4,173.92305714285715,274.4218000000001,698.898,357,716301,https://osu.ppy.sh/b/1675844
2004342,"Chito (CV: Minase Inori), Yuuri (CV: Kubo Yurika)",More One Night (Assertive Hardcore Bootleg) (Short Ver.),Extra,NM,5.22772,0.050459567391907593,0.10249162455411523,0.7560975609756098,supported,formula_only,0.17344019054069212,0.052032057162207636,0.025718816216675974,-0.013568321831187195,-0.39137117813621397,0.16856889608100206,60.0,3,9,21,-0.047839220917590304,96.0961,0.5483870967741935,0.9940476190476191,64,4.0,8.5,202.1076306451613,487.4277,573.253,62,358236,https://osu.ppy.sh/b/2004342
638017,sakuzyo,Imprinting,scanter's Another,HD,5.28277,0.05023388196986948,0.05966687438256846,0.3103448275862069,explore,formula_only,0.031443308042329934,0.00943299241269898,0.01142711860176571,-0.0055362904287211915,0.016353012565572256,0.13880403274422454,71.0,0,0,2,-0.11459259840546746,98.455,0.4444444444444444,0.8927294398092968,112,4.2,8.0,262.17977777777776,476.9714,618.229,9,64293,https://osu.ppy.sh/b/638017
1822453,Nijigasaki Academy School Idol Club,TOKIMEKI Runners,P4n's Expert,NM,5.01362,0.0502117743108296,0.0502117743108296,0.42857142857142855,explore,realized_only,0.0,0.0,-0.027512402275285723,0.025460662127558063,0.3548939197486323,0.16506443318150466,41.0,0,3,4,-0.4801050593342469,97.4359,0.6666666666666666,0.9958071278825996,85,3.8,8.0,157.47884666666667,316.6637999999999,413.451,15,29061,https://osu.ppy.sh/b/1822453
856430,CINDERELLA PROJECT,M@GIC*,hvick225's Ins@ne,NM,5.00682,0.050111176595621164,0.050111176595621164,0.4117647058823529,explore,realized_only,0.0,0.0,-0.007804156973150593,0.009357101510795475,0.010817052634249244,0.1608733879544348,52.0,1,2,3,-0.1659720108407788,97.69735,0.5,0.7282127031019203,116,4.0,8.0,205.2436142857143,431.39060000000006,442.967,14,50856,https://osu.ppy.sh/b/856430
1176117,LABYRINTHS,Yumeji Labyrinth,Insane,NM,4.91337,0.04995986750543964,0.1068955162752609,0.5,supported,formula_only,0.1897854958994042,0.056935648769821254,0.026927089325799507,-0.014180808008372887,0.11565274609669987,0.16257658529658475,64.5,2,3,5,0.39471764488662725,93.7276,0.55,0.9812992125984252,86,4.0,8.0,116.69738,152.6181000000002,356.762,20,91288,https://osu.ppy.sh/b/1176117
1123758,Renard + Adraen,Physicality,Insane,NM,4.80964,0.048211467279587895,0.053092968982413676,0.5121951219512195,supported,formula_only,0.016271672342752605,0.004881501702825781,0.008616399144249947,-0.0037995638827030657,-0.34557231818615636,0.13853816194056845,62.0,0,1,4,-0.618606329856169,97.1014,0.8571428571428571,1.0,76,4.0,7.5,263.69956190476194,411.488,495.09,21,105295,https://osu.ppy.sh/b/1123758
2742956,Parry Gripp,I Wanna Guinea Pig For Christmas,A r M i N's Extra,NM,5.26147,0.04804360721153358,0.04804360721153358,0.8773006134969326,high_conf,realized_only,0.0,0.0,-0.004645098736257793,0.006601499540288367,0.6117975270824871,0.17614699084128455,50.0,11,23,42,-0.1571445594840532,96.31490000000001,0.6363636363636364,0.996742671009772,54,3.8,9.0,172.09367832167834,281.75059999999985,488.883,143,191602,https://osu.ppy.sh/b/2742956
3421649,Ichigaya Arisa (CV: Itou Ayasa),Su-Suki Nanka Janai!,Chomama,NM,5.21685,0.04748519059218977,0.04748519059218977,0.4444444444444444,explore,corroborated,0.0,0.0,0.0018176121849553745,0.0012761799322092149,0.09423257082053797,0.2060076980032237,61.5,2,4,4,-0.3594682296009999,97.3134,0.625,0.9965596330275229,83,4.0,8.5,299.41865625,481.895,509.107,16,12045,https://osu.ppy.sh/b/3421649
4230096,Ohashi Ayaka,"Please, please! (TV Size)",Expert,NM,4.93483,0.04633631274837513,0.04633631274837513,0.23076923076923078,explore,realized_only,0.0,0.0,-0.029049826146379062,0.02638686271165138,0.24465822157621742,0.15757636495920355,55.0,0,1,1,-0.41719007144218834,97.70115000000001,0.6666666666666666,0.9936170212765958,86,4.0,8.0,119.0228,139.95299999999997,145.569,6,11949,https://osu.ppy.sh/b/4230096
3921928,Kucchi (DARKSIDE APPROACH),Yakumo >>JOINT STRUGGLE (2019 Update),Lunatic,NM,4.96839,0.04525363731174205,0.06294312722894123,0.3103448275862069,explore,formula_only,0.058964966390663925,0.017689489917199177,0.014802702196393298,-0.008014573620238443,0.2702854646358976,0.12432585878399041,79.0,0,0,1,-1.113390166416132,98.6264,0.8888888888888888,0.9987834549878345,114,4.0,8.0,257.5163555555556,484.1402,501.481,9,23960,https://osu.ppy.sh/b/3921928
4686482,bo en,My Time,semaphore's Another,NM,5.04239,0.04367815829926683,0.04367815829926683,0.2857142857142857,explore,realized_only,0.0,0.0,-0.012976730119331857,0.013034641913757476,0.4966136455394401,0.1914340801113344,53.5,1,2,3,2.2351211890452243,87.7437,0.0,0.8059936908517351,72,4.0,7.0,118.1737875,207.95889999999997,322.117,8,15803,https://osu.ppy.sh/b/4686482
1512177,Aoshima Moka (CV: Mimori Suzuko),kibo refrain,Expert,NM,5.30001,0.043286094013847407,0.06900653224485107,0.8742138364779874,high_conf,formula_only,0.08573479410334554,0.025720438231003662,0.017612604507798724,-0.009794017944331197,-0.7810686823070655,0.15783737117196342,53.0,5,16,30,0.6319702290083782,92.7152,0.5179856115107914,0.9790575916230366,30,3.8,9.0,142.4511309352518,195.0678,487.337,139,522027,https://osu.ppy.sh/b/1512177
1183266,"Tomita Miyu, Onishi Saori, Ohzora Naomi, Hanazawa Kana",Hallelujah*Essaim,Karen's Insane,NM,5.30334,0.041307978001952836,0.04145921392949427,0.42857142857142855,explore,formula_only,0.0005041197584714311,0.00015123592754142932,0.003147761166905156,-0.00032222506167456713,-0.039663584280745894,0.18327344620703553,56.0,2,2,3,0.6949754882584052,95.4674,0.4,0.6073752711496746,89,4.0,8.0,123.45873333333334,192.877,206.95,15,70181,https://osu.ppy.sh/b/1183266
2047628,KISIDA KYODAN & THE AKEBOSI ROCKETS,ANCIENT FLOWER,AIRIN'S LUNATIC,NM,4.81397,0.040772205647117005,0.040772205647117005,0.2857142857142857,explore,realized_only,0.0,0.0,-0.013892507769574928,0.013535560672552363,-0.006143877349901829,0.140148838958013,54.5,0,0,1,-0.36493087639991967,96.8828,0.75,0.965818759936407,98,3.8,8.0,221.54965,392.77509999999995,498.823,8,49689,https://osu.ppy.sh/b/2047628
3175727,Takayan,Shut up,Insane,NM,5.07955,0.03968307093523574,0.03968307093523574,0.23076923076923078,explore,realized_only,0.0,0.0,-0.02529448010485784,0.022754578556635277,0.1857860734453444,0.1711898601574875,42.0,0,1,1,1.0988233178594173,95.87965,0.16666666666666666,0.5325704225352113,108,3.0,8.3,167.60933333333332,302.707,344.787,6,15335,https://osu.ppy.sh/b/3175727
813051,WHITE ASH,Insight (TV size),Gotcha!,NM,5.14908,0.03903562913151121,0.03903562913151121,0.23076923076923078,explore,realized_only,0.0,0.0,-0.04036869506658456,0.03501012167919444,0.21554300296615536,0.187476910713974,39.5,1,2,2,-0.7578614459483551,97.92745,0.8333333333333334,0.9941520467836258,86,4.0,8.0,141.24081666666666,186.7125,193.393,6,33194,https://osu.ppy.sh/b/813051
795988,Horie Yui,Asymmetry,Flourite's Kiss,NM,5.36214,0.03837213285044381,0.04086507947344419,0.8076923076923077,high_conf,formula_only,0.008309822076667953,0.002492946623000386,0.006066235906272166,-0.0027561306391868136,-0.8558785750570643,0.14484368854059385,65.0,4,8,13,-0.49429402057010574,97.99340000000001,0.6309523809523809,0.997867803837953,87,4.3,8.5,192.51310476190477,231.65610000000007,565.983,84,322749,https://osu.ppy.sh/b/795988
1872246,UNISON SQUARE GARDEN,Sakura no Ato (all quartets lead to the?) (TV Size),Glaceon's Insane,NM,5.28194,0.03801061089531588,0.03801061089531588,0.2,explore,realized_only,0.0,0.0,-0.013730758233355135,0.013168770265420833,0.13519984455344966,0.1443871143900877,36.0,0,0,0,0.3250822086565832,97.0715,0.6,0.9981132075471698,88,4.0,8.2,207.89880000000002,339.13640000000004,447.552,5,11259,https://osu.ppy.sh/b/1872246
1765854,40mP feat. yuikonnu,Ame to Asphalt,Yukiyo's Insane,NM,4.83701,0.03536388235814386,0.03536388235814386,0.3333333333333333,explore,corroborated,0.0,0.0,0.002076747849046966,3.4418207808282336e-05,-0.12182761381190788,0.1362490547540388,60.0,0,0,1,-0.772689949610429,98.8285,0.7,0.9981884057971014,110,4.0,7.6,233.06387,459.3842,459.692,10,57798,https://osu.ppy.sh/b/1765854
4820866,"25-ji, Nightcord de. x KAITO",BAKENOHANA,Insane,NM,4.93651,0.03471577581908052,0.048693773333992385,0.5918367346938775,supported,formula_only,0.0465933250497062,0.01397799751491186,0.012609551228631725,-0.007434494475697396,0.8740063553997922,0.1626207789215757,61.0,1,2,7,0.731946092489889,95.107,0.3103448275862069,0.703125,114,4.0,8.0,139.06804482758622,283.1368,505.866,29,69054,https://osu.ppy.sh/b/4820866
1644700,Loos,Koi Yomi Zakura,Insane,NM,4.89994,0.034686137059653684,0.03894468955604482,0.23076923076923078,explore,formula_only,0.014195174987970457,0.004258552496391137,0.007289294887042433,-0.0039181639092156825,-0.060479411803074035,0.12837294595754528,64.0,0,0,0,1.2388897579021363,94.9495,0.16666666666666666,0.4585062240663901,92,2.8,8.0,95.52093333333333,153.33800000000002,164.781,6,24309,https://osu.ppy.sh/b/1644700
1779729,Shadren,Neuro Cute Thing,Insane,NM,5.1015,0.03088584021107088,0.11803272934589701,0.3103448275862069,explore,formula_only,0.29048963044942044,0.08714688913482613,0.03264479640044334,-0.0179037514051344,0.05372782017740262,0.13721026078845402,71.0,0,1,1,0.44254913709362825,97.5976,0.2222222222222222,0.6955307262569832,119,3.5,8.7,125.40227777777778,186.5052,191.87,9,94185,https://osu.ppy.sh/b/1779729
4908210,Station Earth,Cold Green Eyes feat. Roos Denayer (Nightcore & Cut Ver.),Kyuukai's Expert,NM,5.18157,0.03061540951124675,0.3357788121493122,0.48717948717948717,explore,formula_only,1.017211342126885,0.30516340263806546,0.06946054341391832,-0.029464588941171252,0.8482822308198539,0.1489616970592771,69.0,1,1,2,0.45528453727338775,96.4286,0.3684210526315789,0.6631853785900783,74,3.3,8.7,194.3128105263158,387.4246,423.849,19,18540,https://osu.ppy.sh/b/4908210
679753,UVERworld,Boku no Kotoba dewa nai Kore wa Bokutachi no Kotoba,Extra,NM,5.28527,0.030142530246528965,0.06723515502141478,0.4117647058823529,explore,formula_only,0.12364208258295271,0.03709262477488581,0.020381315667901197,-0.012205665544419137,-0.03442118692201774,0.12506003737423804,78.5,0,0,1,-0.09172677068462304,97.7089,0.42857142857142855,0.8980769230769231,89,4.0,8.2,162.291,219.65000000000003,266.471,14,41606,https://osu.ppy.sh/b/679753
3410654,Spira Spica,Sansan Days (TV Size),Kuki's Extra,NM,5.10809,0.029298620234106343,0.03561284487305037,0.908256880733945,high_conf,formula_only,0.021047415463146764,0.006314224638944029,0.008352792485545192,-0.00506984230562057,0.4351053633963329,0.1612795198369562,59.5,11,30,44,-0.03645176169420704,97.3974,0.42424242424242425,0.8518518518518519,88,3.8,8.6,223.22846616161615,448.5353,509.523,198,322630,https://osu.ppy.sh/b/3410654
855948,Unknown Artist,Cory White House de Chou Taihen!,Extra,NM,5.09898,0.02905754206801031,0.02905754206801031,0.6666666666666666,supported,realized_only,0.0,0.0,-0.04045405845720347,0.03423184251991885,-0.15281898742936348,0.17023023800649092,50.5,1,7,14,-0.8143927646471154,98.63250000000001,0.8,0.996551724137931,49,4.0,8.0,204.7195425,423.7051,473.706,40,83115,https://osu.ppy.sh/b/855948
2518845,Bowling For Soup,Today is Gonna be a Great Day (TV Size),Kuki's Extra,NM,5.16115,0.028908725257462367,0.04556256118547479,0.968944099378882,high_conf,formula_only,0.05551278642670807,0.016653835928012423,0.013392396966061624,-0.008339923796817262,0.1131950143639337,0.16553350627933888,54.0,36,90,162,0.08728464875955955,95.2941,0.5657051282051282,0.9875,39,3.8,9.1,262.5401754807693,441.03900000000004,542.692,624,629940,https://osu.ppy.sh/b/2518845
1390927,Remo Prototype[CV: Hanamori Yumiri],Sendan Life,Loli's Extra,NM,5.38178,0.028247597437431937,0.028247597437431937,0.2857142857142857,explore,realized_only,0.0,0.0,-0.03548937273629593,0.03010852969860444,-0.31258219606527177,0.20193591300247068,55.5,2,3,3,-0.04807297342609252,98.1076,0.375,0.877906976744186,73,4.0,8.7,164.7365375,215.6404,276.574,8,77166,https://osu.ppy.sh/b/1390927
1088204,TRUSTRICK,Recall THE END (Anime ED Version),SHSL:Hope,NM,5.38079,0.026685479283610147,0.026685479283610147,0.25925925925925924,explore,realized_only,0.0,0.0,-0.04127653184795753,0.034701935941791294,-0.12930622455566748,0.19369695367363637,45.0,1,2,2,-0.01845662718549631,97.2376,0.42857142857142855,0.9235294117647059,88,4.5,8.0,129.32455714285715,175.346,178.103,7,25121,https://osu.ppy.sh/b/1088204
1217097,HO-KAGO TEA TIME,Tenshi ni Fureta yo! (Asterisk DnB Remix),Memories,NM,5.30985,0.025841855970663175,0.025841855970663175,0.5555555555555556,supported,realized_only,0.0,0.0,-0.0013746699693736476,0.002043832508583825,-0.13790328099235982,0.1555058200205489,64.0,1,4,6,-0.48358112017927346,96.729,0.8,0.9983388704318937,99,4.0,8.8,166.27838400000002,212.82100000000003,325.633,25,96853,https://osu.ppy.sh/b/1217097
2641658,Maeda Jun x yanaginagi,Kimi to Iu Shinwa (TV Size),Willow,NM,5.2795,0.024975316132487095,0.024975316132487095,0.3333333333333333,explore,realized_only,0.0,0.0,-0.005716115196385716,0.005515690545808162,0.2312315864527903,0.16758551502443583,44.0,1,2,3,0.5610351995815351,94.2615,0.5,0.7744897959183674,85,4.0,8.5,116.93234,161.7909,170.484,10,30201,https://osu.ppy.sh/b/2641658
2271240,CHiCO with HoneyWorks,Heart no Shuchou,Extra,NM,5.0485,0.023141360586660952,0.023141360586660952,0.3548387096774194,explore,realized_only,0.0,0.0,-0.003512629356733311,0.003560323778228797,0.040361261932016286,0.13824142628268887,57.0,0,0,1,-0.513078263603925,98.16470000000001,0.6363636363636364,0.9978991596638656,82,3.6,8.0,180.99693636363637,345.948,434.092,11,30933,https://osu.ppy.sh/b/2271240
315798,nano feat. MY FIRST STORY,SAVIOR OF SONG (TV Size),Insane,NM,5.23797,0.02190254996846347,0.02190254996846347,0.25925925925925924,explore,realized_only,0.0,0.0,-0.054218946284553995,0.04486505834016993,-0.21672935438976668,0.2954261682537332,26.0,1,2,4,-0.44208198290248935,97.1347,0.7142857142857143,0.9979757085020243,83,4.0,8.0,139.26494285714287,195.8402,215.102,7,76180,https://osu.ppy.sh/b/315798
1250271,tomatomerde,Brave Shine,Reflection,NM,5.36634,0.021431462646564012,0.021431462646564012,0.6078431372549019,supported,realized_only,0.0,0.0,-0.0013910145548423417,0.0016823612197903303,0.01052602396833247,0.16755867104311464,56.0,4,6,7,0.12116760301970296,97.0332,0.45161290322580644,0.7944444444444444,94,4.2,8.7,176.0716741935484,233.139,572.935,31,110468,https://osu.ppy.sh/b/1250271
3652698,Alakrity,Mighty Morphin Power Rangers,rpoj's Expert,NM,5.30203,0.021405197109286192,0.13063085879483108,0.47368421052631576,explore,formula_only,0.3640855389518163,0.10922566168554489,0.03656449068343399,-0.020034166116950906,-0.019228057568785022,0.17577239881632678,53.0,2,3,3,-0.04694657557886017,95.49485,0.6111111111111112,0.9408502772643254,73,4.0,8.5,294.6926555555556,490.2653,520.521,18,71435,https://osu.ppy.sh/b/3652698
5176228,MIMI,Mizuoto to Curtain (Cut Ver.),Rain,NM,5.09743,0.020638536696843623,0.3323359669798064,0.25925925925925924,explore,formula_only,1.0389914342765425,0.31169743028296276,0.06973155496344428,-0.02997850606605816,0.4864088630621823,0.13880924746980303,68.0,0,1,1,0.7913309066950035,95.7402,0.42857142857142855,0.43155452436194897,83,4.2,8.5,113.90624285714286,166.6476,184.629,7,15132,https://osu.ppy.sh/b/5176228
766938,Marie,Clover Day's,Anzu,NM,5.29717,0.019277317204320105,0.019277317204320105,0.7938144329896907,supported,realized_only,0.0,0.0,-0.025239457262059985,0.020975450952406764,0.09487019786021444,0.17190038802405272,63.0,5,11,20,-0.7348280390382256,98.6079,0.7402597402597403,0.9984472049689441,113,4.0,8.3,219.38985064935068,481.07500000000016,740.975,77,204275,https://osu.ppy.sh/b/766938
1204252,Manami Numakura,Climber's High!,Kibb's Extra,NM,5.29889,0.017225815471800132,0.017225815471800132,0.6875,supported,realized_only,0.0,0.0,-0.03719100467668076,0.030561499723464766,-0.1292471830112351,0.17936238836629761,58.5,7,10,13,-0.6395944178608123,98.00179999999999,0.75,1.0,86,4.0,8.0,160.35688863636364,191.585,319.787,44,133937,https://osu.ppy.sh/b/1204252
984498,ClariS,border -TV MIX-,Tsukumogami,NM,4.88416,0.014598931213648636,0.014598931213648636,0.4117647058823529,explore,realized_only,0.0,0.0,-0.03998839628255715,0.03262278131605505,-0.25061314534454454,0.16239604194176163,47.5,0,3,4,-0.46791597224335435,97.79875000000001,0.5714285714285714,0.9944196428571428,76,4.0,8.0,201.9241857142857,415.2164,425.404,14,65046,https://osu.ppy.sh/b/984498
953394,Shiena Nishizawa,Meaning,Tears,NM,5.05191,0.013852034468787022,0.013852034468787022,0.9648506151142355,high_conf,realized_only,0.0,0.0,-0.05471794794584238,0.04458839816179413,-0.2972834955071306,0.2001617552630718,46.0,68,134,192,-0.6563090501083361,97.87519999999999,0.7777777777777778,1.0,62,4.0,8.0,198.4992646630237,420.034,605.681,549,1164504,https://osu.ppy.sh/b/953394
1018149,Bossfight,Sonder,Contemplation,NM,5.06838,0.010769684773403454,0.19839075839150788,0.2857142857142857,explore,formula_only,0.6254035787270148,0.18762107361810443,0.04993817298711534,-0.025197362380385085,0.13243757918786692,0.13602389815920946,54.0,0,0,0,0.8314698817331528,93.63204999999999,0.375,0.7876712328767124,101,4.0,8.3,111.91905,189.0262,197.009,8,26739,https://osu.ppy.sh/b/1018149
2078957,3 Nen E Gumi Utatan (Nagisa & Kayano & Karuma & Isogai & Maehara),QUESTION (TV Size),Blitzifyyy's Insane?,NM,4.87308,0.010625173136745603,0.010625173136745603,0.574468085106383,supported,realized_only,0.0,0.0,-0.04447176126875303,0.03594647170657342,0.3540235066560923,0.20762337901150626,46.0,4,5,9,-0.08476074090569526,97.2468,0.48148148148148145,0.982421875,88,4.2,8.5,117.90178148148149,160.86679999999998,367.267,27,90441,https://osu.ppy.sh/b/2078957
4865489,Groove Coverage,Poison (Nightcore & Cut Ver.),Ren's Expert,NM,4.93737,0.010620394790425064,0.1764693528400455,0.6721311475409836,supported,formula_only,0.5528298601654015,0.16584895804962044,0.04625089309690763,-0.02404909503946484,0.5861213950835039,0.13550022523037217,62.0,0,2,3,-0.23012086473317375,97.7064,0.5365853658536586,0.8910256410256411,58,3.6,9.0,253.11088048780488,422.897,466.895,41,51241,https://osu.ppy.sh/b/4865489
401126,Tamura Yukari,MERRY MERRY MERRY MENU... Ne!,Gloria's Extra,NM,5.30213,0.009303449309755019,0.009303449309755019,0.42857142857142855,explore,realized_only,0.0,0.0,-0.02925324981465488,0.023405736402797497,-0.2889808263957211,0.16072973018975112,43.0,0,0,6,-0.3724337719191646,97.8585,0.6,0.9904580152671756,82,4.0,8.0,146.43738,179.5488,184.342,15,63413,https://osu.ppy.sh/b/401126
2017742,Linked Horizon,Shoukei to Shikabane no Michi (TV Size),Insane,NM,4.94264,0.008222535816740428,0.2154419990664882,0.5238095238095238,supported,formula_only,0.6907315441658259,0.20721946324974777,0.05297938289049154,-0.02623190094461643,0.1722218489314124,0.15034651066098717,64.5,1,2,6,0.6895062598340713,93.89914999999999,0.4090909090909091,0.7640845070422535,85,4.0,8.0,119.23162727272728,151.8087,453.983,22,74934,https://osu.ppy.sh/b/2017742
2419371,Cornelius Link,Astronomia (Medieval Style),My Funeral,NM,4.82405,0.0073018372006208865,0.3210515884871086,0.6,supported,formula_only,1.0458325042882923,0.3137497512864877,0.06912382108756471,-0.03044119992186136,-0.30857084003339985,0.17291531059986395,48.0,1,7,8,2.70161703097639,84.57715,0.3,0.5452127659574468,45,4.2,9.4,136.19049666666666,364.87100000000004,587.966,30,219852,https://osu.ppy.sh/b/2419371
2534736,Rocket Sister,Blackout (Cut Ver.),Kerupt's Expert,NM,5.30913,0.005273321970609646,0.005273321970609646,0.3548387096774194,explore,realized_only,0.0,0.0,-0.0196613648192588,0.015229888537076065,0.10213956393728288,0.17981004263169617,34.0,1,2,4,-0.24021881809642506,95.774,0.7272727272727273,0.9963898916967509,92,4.0,8.5,141.29352727272726,178.474,189.771,11,33742,https://osu.ppy.sh/b/2534736
2467941,LiSA,crossing field (TV Size),Aincrad,NM,5.22004,0.004486675589097478,0.02284860173214147,0.574468085106383,supported,formula_only,0.0612064204768133,0.01836192614304399,0.012694812401312622,-0.009700588079244137,-0.3425091107940126,0.13952730639413688,65.0,0,0,5,0.9468434493334167,93.88889999999999,0.2222222222222222,0.8053435114503816,83,4.0,8.8,170.99040740740742,452.9634000000001,522.351,27,134865,https://osu.ppy.sh/b/2467941
1194953,solfa feat.nao,"Love Love Sensation short ver,",Happy Wedding,NM,5.0254,0.004229698227127911,0.009174652009442341,0.2,explore,formula_only,0.016483179274381435,0.0049449537823144304,0.00607651551041047,-0.005457751285613389,-0.18947586986987677,0.15440065376453746,52.0,0,1,1,0.2912747753542514,93.9249,0.6,0.9963833634719711,99,4.0,8.5,100.9851,131.66500000000002,144.687,5,49754,https://osu.ppy.sh/b/1194953
821071,Last Note. feat.mirin,Fake out,alacat's Another,HR,5.04844,0.0024789746165898574,0.0024789746165898574,0.3103448275862069,explore,realized_only,0.0,0.0,-0.042807990264200055,0.033895421633646595,-0.005738962682759468,0.17748111852864243,28.0,1,2,5,-0.8374987724299934,97.55669999999999,0.8888888888888888,0.9968847352024922,98,4.0,8.0,202.66322222222223,279.3034,425.421,9,72918,https://osu.ppy.sh/b/821071
3839432,Eve,Kaikai Kitan (TV Size),Gresiu's Another,NM,5.07288,0.0023258399180092204,0.0023258399180092204,0.3333333333333333,explore,realized_only,0.0,0.0,-0.05320044789961127,0.042369551762087496,0.1721257912156714,0.17221514865830972,48.0,1,3,3,0.5730009793997287,95.65315000000001,0.4,0.6698473282442748,82,3.8,8.0,104.05533,151.7284,162.487,10,23690,https://osu.ppy.sh/b/3839432
1658695,ONE OK ROCK,Cry out,Expert,NM,5.02467,0.001683023012742424,0.03580661425652121,0.8876404494382022,high_conf,formula_only,0.11374530414592927,0.034123591243778784,0.01785757236148327,-0.0128155847494656,-0.10620385421928251,0.15849191502177154,56.0,7,18,37,-0.06293923995819382,97.27994999999999,0.4810126582278481,0.8684782608695651,89,4.0,8.6,222.38360632911392,429.3572000000001,490.417,158,356319,https://osu.ppy.sh/b/1658695
2295086,Fox Stevenson,Take You Down,Expert,NM,5.11213,0.0015665484534157581,0.005046606531712711,0.5652173913043478,supported,formula_only,0.011600193594323176,0.0034800580782969525,0.004852961648166028,-0.004809342949075451,-0.07079028701150493,0.1611931804903531,59.0,2,3,4,0.40489765544634165,96.62989999999999,0.4230769230769231,0.6162790697674418,89,3.8,8.8,157.67209615384616,321.185,416.376,26,62244,https://osu.ppy.sh/b/2295086
2163089,Ito Kanako,Fates Fall -Kibou no Kage- (Ending Version),Star Guardian,NM,5.11806,0.00025640559250966755,0.00025640559250966755,0.42857142857142855,explore,realized_only,0.0,0.0,-0.010437916991956704,0.007271067259754326,-0.0781893169227065,0.17592406378090789,55.0,1,5,5,-0.4116645001449772,97.0696,0.6666666666666666,0.9951100244498777,83,4.2,9.0,165.64294666666666,291.05659999999995,438.789,15,44487,https://osu.ppy.sh/b/2163089
1601400,Rita,Winter Diamond,Night Sky,NM,5.30357,-0.00010483761868998465,-0.00010483761868998465,0.375,explore,realized_only,0.0,0.0,-0.015007345887301739,0.01097205418287674,0.035561260410966224,0.14754416622218197,63.5,0,2,2,-0.45211950917031174,97.58965,0.6666666666666666,0.996742671009772,94,4.5,8.2,185.7732,311.8639,371.472,12,45009,https://osu.ppy.sh/b/1601400
1341957,ASIAN KUNG-FU GENERATION,Haruka Kanata,Kage Bunshin,NM,4.88843,-0.000193909357830771,0.09318673578445555,0.47368421052631576,explore,formula_only,0.3112688171409544,0.09338064514228632,0.032057654274977136,-0.019535801940843665,-0.3011073887291085,0.19592914474968726,68.5,2,3,4,1.4653585078639217,91.8218,0.2777777777777778,0.608499095840868,87,4.0,8.0,75.34894444444444,96.75519000000001,106.701,18,152046,https://osu.ppy.sh/b/1341957
1694030,Ito Kanako,Uncontrollable (TV Size),Expert,NM,5.0612,-0.0007880312484462894,0.019632307902657714,0.23076923076923078,explore,formula_only,0.06806779717034668,0.020420339151104003,0.013192934342166087,-0.01038072447761553,-0.018705310817346336,0.1430222973805189,62.0,0,1,1,-0.45751989440703555,97.48445000000001,0.6666666666666666,1.0,89,3.8,8.5,133.669,166.074,184.576,6,43578,https://osu.ppy.sh/b/1694030
2064556,JIN feat. LiSA,Headphone Actor,Kalibe's Insane,NM,4.84907,-0.001485678251344602,-0.001485678251344602,0.23076923076923078,explore,realized_only,0.0,0.0,-0.09565949268042227,0.0767203946455205,-0.10869993053113447,0.1744098701404421,35.5,0,1,3,-0.2831268975773473,97.9263,0.5,0.8190546528803545,115,3.8,7.5,104.95603333333334,141.848,167.872,6,58257,https://osu.ppy.sh/b/2064556
2748487,Nakanoke no Itsutsugo,Gotoubun no Katachi (TV Size),Yasai's Nino,NM,4.80141,-0.002476925642040731,-0.002476925642040731,0.2857142857142857,explore,realized_only,0.0,0.0,-0.006518391526930916,0.0038378391236775587,0.05407411018465681,0.15165342579128252,46.5,0,0,2,1.5053721472011738,91.99895000000001,0.25,0.5862068965517241,87,4.0,8.0,73.8944625,109.28023999999999,143.529,8,37852,https://osu.ppy.sh/b/2748487
5576831,Good Kid,Rift (Cut Ver.),Mimari's Extra,NM,5.22809,-0.005733564638216226,-0.005733564638216226,0.6226415094339622,supported,realized_only,0.0,0.0,-0.035297254184927615,0.02706372861676091,1.2230703511640642,0.18318395432708007,34.0,2,9,15,0.22968228293897708,97.9261,0.24242424242424243,0.793939393939394,60,3.8,8.5,259.1400787878788,428.4554,485.818,33,11885,https://osu.ppy.sh/b/5576831
1717837,Crush 40,I Am... All Of Me (Game Ver.),Penguiness' Insane,NM,4.83648,-0.006148700190614198,-0.006148700190614198,0.2857142857142857,explore,realized_only,0.0,0.0,-0.0491180702819336,0.03831540886478121,0.32405812184671906,0.18575896821763832,31.5,0,2,4,-0.1974016649528288,97.862,0.5,0.8784277879341865,100,3.5,7.0,124.4899375,200.18599999999998,353.647,8,29706,https://osu.ppy.sh/b/1717837
1242786,Eisyo-kobu,Oriental Blossom,EmingK's Insane,NM,5.16759,-0.00703047483291569,-0.00703047483291569,0.2,explore,realized_only,0.0,0.0,-0.016017675939530573,0.011208575713794822,0.08898941379790394,0.16327743771661288,75.0,1,1,1,0.08857866567966953,98.2492,0.4,0.6405835543766578,110,4.5,7.0,127.46576,190.4656,218.796,5,48897,https://osu.ppy.sh/b/1242786
1810372,the peggies,Kimi no Sei (TV Size),Onlybiscuit's Extra,NM,5.20641,-0.007322156181770664,0.02292346680279095,0.8888888888888888,high_conf,formula_only,0.10081874328187204,0.030245622984561613,0.01617776754877357,-0.012538629159176787,0.4286710437865504,0.1588083458594593,57.5,6,20,37,1.1862734253375335,92.47550000000001,0.3125,0.7106854838709677,88,4.0,8.7,135.352581875,303.1429,487.193,160,450063,https://osu.ppy.sh/b/1810372
4444857,NACHERRY,My dream girls (TV Size),Lust,NM,5.30169,-0.008560731721708681,0.20550842598579228,0.3103448275862069,explore,formula_only,0.7135638590250032,0.21406915770750096,0.05299662172827382,-0.027090188592194323,0.023271471027789446,0.14910461620345564,60.0,0,2,2,0.6212865257731508,95.5145,0.2222222222222222,0.855072463768116,85,4.0,8.8,163.49694444444447,255.52240000000006,470.2,9,16286,https://osu.ppy.sh/b/4444857
798856,seiya-murai feat.ALT,Sumidagawa Karenka,z1085684963's Another,NM,4.83686,-0.008883242089587906,-0.008883242089587906,0.2,explore,realized_only,0.0,0.0,-0.021726407978429903,0.015713232453927,0.06467132424830971,0.19089731112769712,62.0,1,2,2,0.5007206198334869,96.6009,0.2,0.5635528330781011,107,4.0,7.5,98.5758,128.6118,134.255,5,47203,https://osu.ppy.sh/b/798856
3864459,Raon,BE the HERO (TV Size),Insane,NM,4.9144,-0.009013620068363759,-0.009013620068363759,0.2,explore,realized_only,0.0,0.0,-0.024760149025991773,0.018179698832165643,-0.017351736330661935,0.13561185032009915,52.0,0,0,0,-0.9479547144834128,98.5549,0.8,0.9901185770750988,85,3.8,8.0,181.60898,303.3704,406.698,5,16576,https://osu.ppy.sh/b/3864459
953106,CHiCO with HoneyWorks,Historia,Nara's Extra,NM,5.33085,-0.009913751998398376,-0.009913751998398376,0.4444444444444444,explore,realized_only,0.0,0.0,-0.016207992145379678,0.01111896343092718,-0.25465385528673495,0.14162989522250286,52.5,0,0,2,-0.5781934475226933,97.7713,0.75,0.9956331877729258,76,4.0,8.0,169.15529375,253.298,264.267,16,78011,https://osu.ppy.sh/b/953106
3180950,Various Artists,Umapyoi Densetsu (TV Size),lu^3's GI (Insane),NM,4.95305,-0.010896092273126531,-0.010896092273126531,0.4117647058823529,explore,realized_only,0.0,0.0,-0.013296706122981937,0.008657936767194011,0.16971696268686837,0.14616412668282316,45.0,0,0,3,0.4272670641286219,94.93090000000001,0.42857142857142855,0.8283582089552239,98,4.0,8.0,160.2490857142857,383.88590000000005,444.06,14,77021,https://osu.ppy.sh/b/3180950
2633220,ClariS,Kimi no Shiranai Monogatari (Cut Ver.),Starry Skies,NM,5.10894,-0.01336879209038025,0.10512406170331429,0.3333333333333333,explore,formula_only,0.39497617931231516,0.11849285379369454,0.036234152190816105,-0.02193209758765833,0.05051105825835207,0.1493130954417113,60.5,0,2,2,1.327347902554425,92.531,0.2,0.7119266055045872,111,4.2,9.2,96.62236,129.2746,142.861,10,32325,https://osu.ppy.sh/b/2633220
2599793,halca,Toki toshite Violence (TV Size),Lost's Insane,NM,4.87948,-0.014030990810118854,-0.014030990810118854,0.23076923076923078,explore,realized_only,0.0,0.0,-0.02843402465199315,0.020753616627955156,0.20531716547291357,0.15669915163735698,58.0,0,1,1,0.602592794119676,95.60325,0.3333333333333333,0.7279909706546275,76,3.6,7.8,94.57125,117.8075,128.543,6,12841,https://osu.ppy.sh/b/2599793
4025628,Feint,We Won't Be Alone (feat. Laura Brehm) (Cut Ver.),MajK00's Extra,NM,5.24958,-0.0165675780170609,0.02560063172061902,0.2857142857142857,explore,formula_only,0.14056069912559974,0.04216820973767992,0.019168652959272385,-0.01475365701995504,0.29647799565688493,0.13702606768789544,70.5,0,0,1,0.10280293319709626,96.2585,0.5,0.9232758620689655,113,3.8,9.0,130.5566125,176.2473,177.585,8,19321,https://osu.ppy.sh/b/4025628
1229675,Hiromi Sato,Jiyuu no Hane,NK's Extra,NM,5.23657,-0.016609361858785643,-0.016609361858785643,0.6825396825396826,supported,realized_only,0.0,0.0,-0.04346523875674569,0.03280994158876645,0.42456700050616186,0.169816647587528,55.0,4,6,9,-0.5048905736705716,99.2,0.4883720930232558,0.9911032028469751,106,4.0,8.0,185.2354488372093,228.3578000000002,462.655,43,100557,https://osu.ppy.sh/b/1229675
531100,Uchida Aya & Kubo Yurika,"Kokuhaku Biyori, desu!",Insane,NM,5.09451,-0.01807234423691914,-0.01807234423691914,0.2857142857142857,explore,realized_only,0.0,0.0,-0.007917816038253799,0.0036553146406115697,-0.33563264388498953,0.1311930188079348,68.0,0,0,0,-0.37011567922372,96.80625,0.625,0.994106090373281,91,4.0,8.0,262.17886250000004,468.2988,476.906,8,58064,https://osu.ppy.sh/b/531100
952620,NIGHTMARE,the WORLD  ~TV Size~,Kencho's Extra,NM,5.26498,-0.01815090698659773,-0.011343434351392248,0.8709677419354839,high_conf,formula_only,0.02269157545068494,0.006807472635205481,0.006230741041059702,-0.007327440778382431,0.1742067065852652,0.16460340766803297,64.0,8,25,35,0.2638091001389982,96.4248,0.45925925925925926,0.7663551401869159,77,4.0,8.5,148.00762592592594,196.62920000000003,504.87,135,314953,https://osu.ppy.sh/b/952620
968739,Diana Garnet,Spinning World (Anime Ver.),Sotarks' Insane,NM,4.87925,-0.0191685133495344,-0.0191685133495344,0.8963730569948186,high_conf,realized_only,0.0,0.0,-0.08351307926673392,0.06529807409778447,-0.2113332416193829,0.2042306810326555,44.0,30,48,65,-0.7112987316835937,98.6152,0.6820809248554913,0.9978902953586498,88,3.2,7.2,178.62823121387285,387.2746000000001,435.109,173,463353,https://osu.ppy.sh/b/968739
1093507,RADWIMPS,Zen Zen Zense (movie ver.),Haruto's Insane,NM,5.02266,-0.02043003785117789,0.11431457240329218,0.8591549295774648,high_conf,formula_only,0.4491487008482336,0.13474461025447007,0.03883134674835314,-0.023272072654972956,0.11396160782229343,0.15716882483846745,57.0,6,13,29,0.9374201442629367,95.5414,0.29508196721311475,0.46480938416422285,106,3.9,8.2,106.43436147540983,160.514,203.434,122,651297,https://osu.ppy.sh/b/1093507
1033154,9mm Parabellum Bullet,Inferno,Agonizing Insane,NM,4.89019,-0.021862956713858545,-0.021862956713858545,0.9672131147540983,high_conf,realized_only,0.0,0.0,-0.023632432192368623,0.0161667264431923,-0.6025457824674278,0.1889680098287997,47.0,64,140,197,0.16171777997874615,94.3662,0.6288135593220339,0.9981884057971014,88,3.7,8.5,142.81841152542373,342.23230000000007,477.142,590,4323671,https://osu.ppy.sh/b/1033154
1745849,SoraMafuUraSaka,role-playing game,R-P-G,NM,5.33933,-0.023568082651061067,-0.00706243465563948,0.3939393939393939,explore,formula_only,0.05501882665140529,0.016505647995421587,0.01055092464613656,-0.01049175576432831,-0.25276499979480094,0.1648736308217533,62.0,0,4,5,0.5732182213795955,95.95139999999999,0.38461538461538464,0.6411411411411412,100,3.6,8.0,150.51787692307693,209.37500000000003,447.8,13,88614,https://osu.ppy.sh/b/1745849
2346603,Three feat. Kagamine Len,Ego Rock,Extra,NM,5.33238,-0.02411921927937355,-0.02411921927937355,0.42857142857142855,explore,realized_only,0.0,0.0,-0.024197723732915795,0.016436630083160864,-0.08261246307168389,0.18783662055168546,68.0,2,4,5,0.06030352408403754,95.8637,0.5333333333333333,0.8791469194312796,60,4.0,8.5,222.29632,449.4992,588.002,15,40360,https://osu.ppy.sh/b/2346603
2222861,Turbo,PADORU / PADORU,FuJu's Expert,NM,5.01482,-0.02457561480623184,-0.005493813086937277,0.9236641221374046,high_conf,formula_only,0.06360600573098188,0.019081801719294564,0.011497057421584316,-0.011131118158147242,0.09225478372673528,0.17476810625721953,47.5,15,43,65,0.13457677155091619,95.5556,0.5330578512396694,0.9731182795698925,31,4.0,8.3,155.61029380165292,366.16420000000005,448.122,242,557766,https://osu.ppy.sh/b/2222861
5476241,The Killers,Mr. Brightside (Nightcore & Cut Ver.),buddon's Expert,NM,5.17486,-0.024712009004605587,0.05935696020866266,0.6296296296296297,supported,formula_only,0.2802298973775608,0.08406896921326824,0.028684410311865617,-0.01965603473144334,1.1015965199554385,0.1541412225885965,66.5,2,4,7,0.7691307873417048,95.80709999999999,0.20588235294117646,0.7067415730337079,80,3.4,8.8,252.83726176470586,432.8512,489.334,34,10902,https://osu.ppy.sh/b/5476241
1529839,HoneyWorks,Miraizu feat.Aida Miou (CV: Toyosaki Aki),Venix's Extra,NM,5.39729,-0.025323745826888948,0.013336589223716028,0.47368421052631576,explore,formula_only,0.12886778350201658,0.038660335050604976,0.017731746208504144,-0.014622452571787894,-0.150350720797993,0.1448978192110403,57.0,0,1,5,0.07752858967363722,96.14144999999999,0.5,0.894431554524362,76,4.0,9.0,197.98300555555556,396.6774,506.801,18,67284,https://osu.ppy.sh/b/1529839
1397951,ClariS,SHIORI -TV size mix-,Habi's Extra,NM,5.16064,-0.025456441491980203,-0.025456441491980203,0.6428571428571429,supported,realized_only,0.0,0.0,-0.022613927234950995,0.015029556305048455,-0.1168813571215174,0.15507251600783467,62.5,2,4,8,-0.2540816504096664,98.2619,0.4444444444444444,0.9288747346072187,88,4.3,8.0,168.60750555555558,284.2755,482.027,36,100899,https://osu.ppy.sh/b/1397951
4124614,QUARTET*RE-BOOT!,FUN FUN RE-BOOT,"Angels, Demons, Chaotic Lovestory and... Me?!",NM,5.17646,-0.02704868741559479,0.0028755303255314224,0.2,explore,formula_only,0.0997473924704207,0.029924217741126212,0.015057975518430397,-0.01332791867356069,0.18961218505812957,0.11362580372821825,80.0,0,0,0,-0.35550641572661823,99.16669999999999,0.4,0.9929742388758782,85,4.0,8.8,199.8155,375.8612,498.746,5,14404,https://osu.ppy.sh/b/4124614
2059940,Pastel*Palettes,Harumodoki,iljaaz's Insane,NM,4.84307,-0.029438860154887878,0.0010113533293314991,0.23076923076923078,explore,formula_only,0.1015007116140646,0.030450213484219377,0.015102207860190434,-0.013522469573605036,0.02657564458376268,0.13322758600424087,75.5,0,0,1,1.3701499425473955,90.72285,0.3333333333333333,0.6545643153526971,91,4.0,8.0,117.18493333333333,228.59755,359.201,6,46512,https://osu.ppy.sh/b/2059940
3410653,Spira Spica,Sansan Days (TV Size),Shizuku Cosplay,NM,5.38419,-0.029455358240694424,-0.029455358240694424,0.9552572706935123,high_conf,realized_only,0.0,0.0,-0.02167745077956818,0.013924920054379737,0.23848583232302667,0.1843493698269508,47.0,43,88,129,-0.2103792874929858,97.5385,0.468384074941452,0.9580712788259959,88,4.0,9.0,312.7088531615925,510.7576,579.199,427,392544,https://osu.ppy.sh/b/3410653
1954260,Fujiwara Chika (CV: Kohara Konomi),Chikatto Chika Chika (TV Size),Swell's Extra,NM,5.0601,-0.030961278083233196,-0.030961278083233196,0.25925925925925924,explore,neither,0.0,0.0,-0.00021427540748548794,-0.003731260443229932,-0.14968657816287997,0.14043407693452983,62.0,0,0,1,1.4864252037843013,91.4324,0.2857142857142857,0.6386554621848739,88,4.0,8.0,101.72592857142857,139.3146,149.178,7,40788,https://osu.ppy.sh/b/1954260
1608897,Komiya Mao,(can you) understand me?,toybot's expert?,NM,4.9642,-0.032597280781544155,-0.027777271725417774,0.8809523809523809,high_conf,formula_only,0.01606669685375461,0.004820009056126383,0.004447751707335582,-0.007267975149509101,-0.0834828789562934,0.16493533829003554,56.5,9,19,33,0.2714931151237203,96.7949,0.35135135135135137,0.8436073059360731,84,4.0,8.0,112.91209864864865,155.721,331.205,148,619848,https://osu.ppy.sh/b/1608897
3674206,"HoneyWorks feat. Narumi Sena x Narumi Mona (CV: Amamiya Sora, Natsukawa Shiina)",Yume Fanfare (TV Size),Lovely Insane,NM,4.83075,-0.032684411998089025,-0.032684411998089025,0.25925925925925924,explore,realized_only,0.0,0.0,-0.039724509961867785,0.02838887806323207,0.16107443335285682,0.16699353550395915,44.0,0,2,2,-0.7918831405736019,98.7261,0.7142857142857143,0.9979550102249489,83,4.0,8.0,123.54911428571428,153.4314,157.446,7,11375,https://osu.ppy.sh/b/3674206
2757590,Nakanoke no Itsutsugo,Gotoubun no Katachi (TV Size),Alex's Extra: Yotsuba,NM,4.83591,-0.03281364758648586,0.10807709531521975,0.6428571428571429,supported,formula_only,0.4696358096723521,0.1408907429017056,0.03920105461496596,-0.024104094581906405,0.4893694990543125,0.1727601430953347,46.0,3,6,7,1.8865975916301583,89.76825,0.19444444444444445,0.5759911894273128,87,4.5,8.0,104.76449166666666,246.325,432.925,36,160652,https://osu.ppy.sh/b/2757590
3695350,Scenarioart,Sayonara Moon Town (TV Size),Jougan,NM,5.0052,-0.03486251144122617,-0.03336000480603125,0.3548387096774194,explore,formula_only,0.005008355450649743,0.001502506635194923,0.0018046231704479257,-0.005583878809204178,0.05033350449606261,0.19012263221152412,57.0,1,1,3,-0.1897942587374518,97.61189999999999,0.45454545454545453,0.9524752475247524,85,3.8,8.8,122.52539999999999,157.024,167.354,11,30026,https://osu.ppy.sh/b/3695350
840253,Feint,Stray,Insane,NM,4.93673,-0.03546096401699547,-0.03546096401699547,0.4117647058823529,explore,realized_only,0.0,0.0,-0.015466363937524012,0.008342160837754601,0.21003997969581895,0.16538914684029574,45.5,1,2,4,-0.6435935926393755,98.1151,0.6428571428571429,0.9955056179775281,70,4.3,7.5,207.73888571428571,435.55670000000003,458.47,14,39708,https://osu.ppy.sh/b/840253
659450,Rameses B,Timeless ft. Veela,Stella,NM,5.12257,-0.036142089756133575,-0.036142089756133575,0.6226415094339622,supported,neither,0.0,0.0,-0.004336215449044676,-0.0008053147448825026,0.07941667420695835,0.15273441306469945,59.0,2,5,7,-0.7983084744275748,97.8758,0.696969696969697,0.9981818181818182,90,4.0,8.0,262.3434454545454,472.852,516.833,33,76461,https://osu.ppy.sh/b/659450
1024212,Hioka Natsumi & Yasumoto Hiroki feat.Kumaide-mura no Minasan,KUMAMIKO DANCING,wkyik's Insane,NM,5.23837,-0.03617198589830756,-0.03617198589830756,0.574468085106383,supported,realized_only,0.0,0.0,-0.03429451539023089,0.023658004764975364,-0.38745666276999224,0.16091735377958752,56.0,0,5,9,-0.47013749312654524,98.381,0.48148148148148145,0.9834905660377359,88,4.0,7.0,265.8179518518519,477.5574000000001,511.826,27,91295,https://osu.ppy.sh/b/1024212
937019,Kohinata Miho (CV: Tsuda Minami),Naked Romance,FreeSongs' Insane,NM,5.04645,-0.03920977441313039,-0.03786749690859682,0.2,explore,formula_only,0.004474258348445203,0.001342277504533561,0.0015607671158106937,-0.005767801692803101,-0.11298784102905099,0.14253137639118493,53.0,0,0,0,-0.08389055706730142,97.1698,0.6,0.7613104524180967,120,4.0,8.0,162.31664,279.2878,366.621,5,29811,https://osu.ppy.sh/b/937019
1989332,Getter Jaani,Rockefeller Street (Nightcore Mix),Fiery's Extra,NM,5.38863,-0.04137280558075232,0.18701557913836842,0.7222222222222222,supported,formula_only,0.7612946157304025,0.22838838471912074,0.05317340117297302,-0.028806181132325852,0.14869259813314212,0.1597501743390835,56.5,2,8,15,0.6144347349638977,94.77550000000001,0.40384615384615385,0.7657563025210083,89,3.2,9.0,217.37183076923077,500.5922,552.715,52,84150,https://osu.ppy.sh/b/1989332
859207,Feint,Stray,Fort's Wondering,NM,5.0933,-0.041475452461809545,0.017040113245681388,0.5121951219512195,supported,formula_only,0.19505188569163645,0.05851556570749093,0.022027618643145844,-0.017815990541726376,-0.22282732990965162,0.13949931962211254,63.0,0,1,3,-0.36016455066717473,97.5309,0.6190476190476191,0.9978070175438597,75,4.0,8.0,186.81909523809523,436.907,503.91,21,75673,https://osu.ppy.sh/b/859207
2205127,Abe Mao,Believe in yourself (TV Size),Extra,NM,5.30301,-0.041891273766685666,-0.041891273766685666,0.23076923076923078,explore,realized_only,0.0,0.0,-0.03490588280481821,0.023671230094778083,-0.1881084101113824,0.1714670079681687,57.5,1,1,2,-0.26082657797027325,98.0361,0.5,0.9113082039911309,83,4.2,8.0,145.10383333333334,163.6685,166.443,6,26253,https://osu.ppy.sh/b/2205127
933143,i.o,Hanikamu Kimi ni Koi Suru Watashi,Meg's Extra,NM,5.37735,-0.04414597973281109,-0.04414597973281109,0.5348837209302325,supported,realized_only,0.0,0.0,-0.06755642955355609,0.05014413372468733,0.14910295866214437,0.18264866052533602,39.0,2,6,8,-0.7079778613317991,98.8065,0.6956521739130435,0.9964850615114236,96,4.0,8.0,164.90884347826088,198.9836,287.477,23,73470,https://osu.ppy.sh/b/933143
2012301,Trial & Error,"DAI*TAN SENSATION feat. Nanahira, Mii, Aitsuki Nakuru (Short Ver.)",Sh1n1's Insane,NM,4.90808,-0.04419679488621718,-0.016800909666722208,0.6153846153846154,supported,formula_only,0.09131961739831657,0.02739588521949497,0.01343561494829646,-0.013675206833799068,0.548465841502541,0.17793378342671828,46.5,1,6,10,0.8503541443007564,94.04085,0.375,0.6858037578288101,88,4.0,8.0,93.377953125,133.12980000000002,194.913,32,79947,https://osu.ppy.sh/b/2012301
3902098,Eve,Last Dance (Cut Ver.),Expert,NM,5.08897,-0.04476305156196972,0.08437219185565187,0.4117647058823529,explore,formula_only,0.430450811392072,0.1291352434176216,0.03637407526246137,-0.0238099749773251,0.3835808996035287,0.14691353015896622,69.5,1,1,1,0.5971046159015946,95.61195000000001,0.5,0.52068345323741,95,4.0,8.5,131.01044285714286,188.18440000000004,377.155,14,21830,https://osu.ppy.sh/b/3902098
1462836,Hanazawa Kana,Marathon,apple's Expert,NM,5.29734,-0.04646197746730121,-0.04646197746730121,0.5833333333333334,supported,neither,0.0,0.0,-0.0011651897028642257,-0.004272017245161679,-0.02246721233305768,0.17816234667568645,79.5,5,5,6,-0.131146937652663,98.0112,0.4642857142857143,0.6612685560053981,108,4.0,8.0,294.5140214285714,515.6625,586.06,28,70164,https://osu.ppy.sh/b/1462836
1262435,RADWIMPS,Yume Tourou,NeoSL's Insane,NM,4.85091,-0.04706391413108234,-0.04706391413108234,0.7058823529411765,supported,neither,0.0,0.0,-0.004105008948519576,-0.0019223290396535534,0.3596174071089856,0.16092214490409998,63.0,2,9,14,0.6030900684833331,94.7868,0.3958333333333333,0.7811447811447811,101,4.0,8.3,96.51835833333332,145.4829,172.335,48,231472,https://osu.ppy.sh/b/1262435
1820110,ONE OK ROCK,Clock Strikes,Onlybiscuit's Extra,NM,5.39085,-0.049474299853381476,0.27866901542630074,0.42857142857142855,explore,formula_only,1.093811050932274,0.3281433152796822,0.06741282005877493,-0.03264578986715929,0.03438640112834074,0.12927771763358495,76.0,0,0,2,0.4268960952033355,96.0784,0.3333333333333333,0.8617710583153347,73,4.0,9.0,167.71011333333334,206.3854,471.887,15,40788,https://osu.ppy.sh/b/1820110
1433283,Konohana-tei Nakai no Kai,"Haru Urara, Kimi to Sakihokoru",Extra,NM,5.34668,-0.0499993784542857,-0.0499993784542857,0.5454545454545454,supported,neither,0.0,0.0,-0.0028305478599371884,-0.0032126071212229095,-0.14717347524244812,0.13833411656259523,70.0,1,1,3,-0.716467740857139,98.75835,0.7083333333333334,0.997872340425532,87,4.0,8.5,173.195375,204.469,224.075,24,60687,https://osu.ppy.sh/b/1433283
2657783,ARForest,Qesia,Insane,NM,5.23845,-0.05039723613791916,-0.05039723613791916,0.3548387096774194,explore,realized_only,0.0,0.0,-0.009080143868941152,0.0018573998296115817,0.4757816501659013,0.15422292732195927,58.0,1,2,2,-0.411434660654655,98.3699,0.5454545454545454,0.9945504087193461,112,3.6,8.0,195.44546363636363,510.087,531.546,11,21354,https://osu.ppy.sh/b/2657783
2017638,Himeragi Yukina (CV: Taneda Risa),Scarlet Flower,Reform's Expert,NM,5.3542,-0.051883700989679954,-0.051883700989679954,0.5121951219512195,supported,realized_only,0.0,0.0,-0.032711070769620224,0.02102959541299184,0.01022022521700931,0.16275165242287715,52.0,2,2,4,-0.6544297727761879,98.1818,0.7619047619047619,0.9931224209078404,120,3.8,8.5,191.48183333333333,247.313,492.538,21,56196,https://osu.ppy.sh/b/2017638
5486273,Lonely God,Marlboro Nights,You Said You Would,NM,4.94737,-0.053022269526015714,-0.04225140159666092,0.6551724137931034,supported,formula_only,0.03590289309784932,0.010770867929354794,0.006886448984730365,-0.010489661666199633,0.9960676768032879,0.17891311339916693,47.5,4,6,13,0.502503855849511,96.43090000000001,0.3684210526315789,0.6491935483870968,49,4.0,8.6,194.05478684210527,359.9386,425.096,38,31796,https://osu.ppy.sh/b/5486273
623835,sakuzyo,Imprinting,lfj's Insane,NM,4.98204,-0.053872977649693135,0.020828119445920223,0.5348837209302325,supported,formula_only,0.24900365698537788,0.07470109709561336,0.025073199917003734,-0.019981281175044323,-0.10971625993003456,0.1452050314193132,60.0,1,1,2,-0.22467635305166564,98.3425,0.391304347826087,0.8857142857142857,112,4.0,7.5,211.1736391304348,415.49559999999997,479.179,23,87859,https://osu.ppy.sh/b/623835
2631589,Iguchi Yuka,over and over (TV Size),Expert,NM,5.31286,-0.05456142155586821,0.027456511017258267,0.3103448275862069,explore,formula_only,0.27339310857708826,0.08201793257312648,0.026608992575457083,-0.020672190574067634,-0.16783784165460813,0.16638906582745847,79.0,1,1,2,0.11064561995142859,95.1062,0.5555555555555556,0.9979919678714859,86,3.8,9.0,234.1709888888889,505.3946,519.581,9,36115,https://osu.ppy.sh/b/2631589
1875421,sana x HoneyWorks,Terekakushi Shishunki,First Love,NM,4.99245,-0.05528172645109927,0.07892788811400853,0.3548387096774194,explore,formula_only,0.4473653818836927,0.1342096145651078,0.036691243339639176,-0.024531681353650504,0.11123488538935078,0.15160748381454245,76.0,0,2,3,0.6734947783161206,91.8892,0.5454545454545454,0.9937629937629938,83,3.8,8.7,129.49651818181817,161.074,383.328,11,39708,https://osu.ppy.sh/b/1875421
1840739,Yasuno Kiyono,Rocket Beat (TV Size),Agatsu's Insane,NM,4.85007,-0.057806011991393194,-0.057806011991393194,0.3548387096774194,explore,realized_only,0.0,0.0,-0.020374514881681988,0.010451465973165657,0.14053859533000115,0.1506133967635295,61.0,0,1,3,-0.3669200893645319,96.0407,0.7272727272727273,0.9977011494252873,85,4.0,8.0,199.34418181818182,400.438,409.134,11,28143,https://osu.ppy.sh/b/1840739
1310801,Rameses B,We Are One (feat. Veela),Harmony,NM,5.27566,-0.05797442109385653,-0.05797442109385653,0.2857142857142857,explore,realized_only,0.0,0.0,-0.03669761330562121,0.02376763787488222,-0.2271278921385561,0.17473888783875643,45.0,1,1,1,-0.007528369834802387,96.9893,0.5,0.8970276008492569,90,5.0,8.2,180.5330625,282.37669999999997,457.047,8,41798,https://osu.ppy.sh/b/1310801
1027702,3 Nen E Gumi Utatan (Nagisa & Kayano & Karuma & Isogai & Maehara),Bye Bye YESTERDAY,Nhawak's Extra,NM,5.26573,-0.058892256853377206,-0.058892256853377206,0.7142857142857143,supported,neither,0.0,0.0,-0.00380368524469773,-0.0031736464007554623,-0.08854689660482357,0.14983624179827829,56.0,2,7,10,0.17698739482101397,98.0315,0.34,0.700750469043152,91,4.0,8.0,137.9504,188.05930000000004,216.221,50,153156,https://osu.ppy.sh/b/1027702
2238522,"BEMANI Sound Team ""DJ TOTTO feat. MarL""",Seiza ga Koi Shita Shunkan o.,Insane,NM,4.96696,-0.05936477930412004,-0.05936477930412004,0.7101449275362319,supported,realized_only,0.0,0.0,-0.024855902348811437,0.01397878050472924,0.008778190908959985,0.1674284324380501,55.0,3,7,12,-0.5045985219049973,97.782,0.6122448979591837,0.9975155279503105,119,3.6,8.0,261.5880448979592,432.2146,493.697,49,126801,https://osu.ppy.sh/b/2238522
3700140,ClariS,ALIVE (TV Size),Purpose,NM,5.30839,-0.060076428868599985,-0.060076428868599985,0.5121951219512195,supported,realized_only,0.0,0.0,-0.037697008807350926,0.024405167937309007,-0.10299813237124193,0.18463755110501645,45.0,2,5,6,1.0715091959901202,93.7835,0.38095238095238093,0.5487528344671202,84,4.0,8.8,114.37932380952381,174.871,208.357,21,110524,https://osu.ppy.sh/b/3700140
4578043,S3RL,Pika Girl (Nightcore & Cut Ver.),Reform's Extra,NM,5.38533,-0.06168508185300069,-0.06168508185300069,0.884393063583815,high_conf,neither,0.0,0.0,-0.001509609833083965,-0.0052844843609025464,0.67223079999113,0.1651264004590676,63.0,10,23,33,0.02508304333706384,98.0769,0.38562091503267976,0.7590618336886994,82,3.8,9.0,304.96670392156864,508.94780000000003,545.495,153,144818,https://osu.ppy.sh/b/4578043
2283281,CHiCO with HoneyWorks,Kessen Spirit (TV Size),Kowari's Expert,NM,5.35312,-0.06246155323042529,-0.06246155323042529,0.6363636363636364,supported,realized_only,0.0,0.0,-0.009880169031982194,0.00148545987125661,-0.1849621456827527,0.15216194058510965,58.0,0,6,8,-0.15615148330115053,96.6159,0.5714285714285714,0.9944852941176471,85,4.0,8.5,172.12321714285716,221.72580000000002,559.048,35,86625,https://osu.ppy.sh/b/2283281
5123528,Artemas,i like the way you kiss me (DETHVEDA Frenchcore Edit),wafwest's Expert,NM,5.21538,-0.0645413076955321,0.17644579597227522,0.5238095238095238,supported,formula_only,0.8032903455593577,0.24098710366780732,0.05367288735633969,-0.03011237135758542,0.614735933586179,0.1475388697462748,56.0,0,2,5,0.3466318279720224,97.18665000000001,0.4090909090909091,0.5676923076923077,96,3.0,8.8,208.92665,436.4683,471.269,22,31050,https://osu.ppy.sh/b/5123528
1750460,Itowokashi,Kanadeai,Onlybiscuit's Expert,NM,5.35531,-0.0647888222766101,-0.0647888222766101,0.4594594594594595,explore,realized_only,0.0,0.0,-0.018142469564248843,0.008035197906471737,0.0645917116131046,0.14596239451727522,53.0,0,2,3,-0.3508563215178716,97.8244,0.5294117647058824,0.9598603839441536,97,3.8,8.2,160.25353529411765,190.9046,203.772,17,46701,https://osu.ppy.sh/b/1750460
4872458,Set It Off,Parasite (Cut Ver.),ErfaniUs' Insane,NM,4.99506,-0.06649843306377429,0.3221321338162277,0.3103448275862069,explore,formula_only,1.29543522293334,0.38863056688000197,0.0746910378467627,-0.03489591388877144,0.7291145049228019,0.13980622332263423,58.0,0,0,2,1.5582277065445682,93.4353,0.1111111111111111,0.4053672316384181,106,3.8,8.3,139.62722222222223,368.3222,416.679,9,11435,https://osu.ppy.sh/b/4872458
780865,Mami Kawada,JOINT -TV Size-,P A N's Insane,NM,5.18885,-0.06706724529591883,-0.06706724529591883,0.4117647058823529,explore,realized_only,0.0,0.0,-0.015460831831567838,0.005651568503958016,-0.05047629643404647,0.17645245826562403,55.0,1,2,3,0.15403025887252422,97.225,0.35714285714285715,0.7932405566600398,84,4.0,8.0,130.68495714285714,185.10660000000001,208.583,14,58436,https://osu.ppy.sh/b/780865
2201876,ViViD,HIKARI (TV Size),Extra,NM,5.11022,-0.0676984457559088,-0.0676984457559088,0.972972972972973,high_conf,realized_only,0.0,0.0,-0.028078911695226597,0.015902655185738204,0.5949570182302263,0.18381378564351875,50.0,75,147,223,-0.5027457304467265,98.59440000000001,0.5388888888888889,0.9796296296296296,87,3.6,8.5,225.41426097222222,446.673,541.791,720,1082934,https://osu.ppy.sh/b/2201876
325260,Kicco,Hoshi no Youni Naritai,Insane,NM,4.8855,-0.0698481330606156,-0.0698481330606156,0.3333333333333333,explore,realized_only,0.0,0.0,-0.025218595990153206,0.0133840466086712,-0.04316634207580865,0.19925768508053943,65.5,2,3,3,-1.119571823057635,99.022,0.6,1.0,95,4.0,7.0,252.79149999999998,440.94469999999995,445.199,10,46298,https://osu.ppy.sh/b/325260
1929564,Kawada Mami,No buts! (TV Size),Extra,NM,5.26046,-0.07154745266378532,-0.07154745266378532,0.5121951219512195,supported,realized_only,0.0,0.0,-0.025813264071158352,0.013725273062732753,0.16437834038307353,0.1601140150383157,62.0,1,4,5,-0.12121653736152306,97.98249999999999,0.5238095238095238,0.7753164556962026,90,2.6,8.4,169.2099523809524,217.736,496.475,21,48807,https://osu.ppy.sh/b/1929564
1112627,Aqours,Kimeta yo Hand in Hand,Kalibe's Insane,NM,4.84532,-0.0749643060220404,-0.0749643060220404,0.2857142857142857,explore,realized_only,0.0,0.0,-0.04879685339001666,0.03220475648936009,0.19353675982792756,0.17655918412485816,44.0,0,3,3,-0.32035360468941065,97.65129999999999,0.5,0.7604895104895104,97,4.0,7.5,158.47145,374.3971,383.418,8,54143,https://osu.ppy.sh/b/1112627
2298120,TWICE,PIT-A-PAT,Rosiie's Extra,NM,5.1264,-0.07594641253161752,-0.07594641253161752,0.3939393939393939,explore,neither,0.0,0.0,-0.0009275507545622157,-0.0069718367599937905,0.18667562979209698,0.1385725601150513,62.0,0,1,1,-0.2684559994478769,97.7247,0.6923076923076923,0.5919661733615222,74,3.6,8.4,277.97816153846156,474.3678,493.255,13,18510,https://osu.ppy.sh/b/2298120
813113,seiya-murai feat.ALT,Sumidagawa Karenka,Mei's Extreme,NM,5.34105,-0.07681526030444796,-0.0585173166251661,0.47368421052631576,explore,formula_only,0.06099314559760624,0.01829794367928187,0.009015993381968504,-0.013611149896886757,0.20058713807049947,0.16862757125327305,48.5,1,3,4,-0.06221241735221065,97.7824,0.3888888888888889,0.8578947368421053,107,4.0,8.0,190.76278333333332,329.33320000000015,551.693,18,51872,https://osu.ppy.sh/b/813113
3289030,Maeshima Mayu,ANSWER (TV Size),TORRIRU'S INSANE FT. KUKI,NM,4.89017,-0.0771661632526437,-0.0771661632526437,0.5121951219512195,supported,realized_only,0.0,0.0,-0.05098301712557444,0.0338029915016412,0.13320802432700193,0.19614234207171086,40.0,2,4,8,0.1492417432139201,96.6457,0.47619047619047616,0.8201581027667985,86,3.6,8.4,181.3253238095238,345.987,424.582,21,48788,https://osu.ppy.sh/b/3289030
1917098,Fujiwara Chika (CV: Kohara Konomi),Chikatto Chika Chika (TV Size),Amity's Insane,NM,4.84256,-0.07833062082535452,0.07938020367783077,0.574468085106383,supported,formula_only,0.525702748343951,0.1577108245031853,0.039493630300147665,-0.026781849200057967,-0.8007781738043577,0.147146859044812,61.0,1,2,6,1.997333728402668,90.2174,0.1111111111111111,0.6021798365122616,88,4.0,8.0,68.46447407407408,97.68312000000002,133.166,27,288873,https://osu.ppy.sh/b/1917098
2105097,Swimy,Acchi Muite (TV Size),Aurora,NM,5.36468,-0.08164618200203314,-0.08164618200203314,0.5833333333333334,supported,realized_only,0.0,0.0,-0.01791234345606392,0.006414631706381754,-0.09060067152412284,0.16480624950877718,45.0,1,3,8,-0.30209981037014927,96.91640000000001,0.6428571428571429,0.9927234927234927,87,3.8,9.0,164.60134642857142,208.5418,526.94,28,52047,https://osu.ppy.sh/b/2105097
1754247,Itowokashi,Kanadeai,Haruto's Expert,NM,5.29301,-0.08363366036007058,-0.08363366036007058,0.5121951219512195,supported,neither,0.0,0.0,-0.009084369881749576,-0.0009637618549959565,0.2667237610967203,0.15310630530340547,58.0,0,4,6,0.1052100422630706,97.3958,0.38095238095238093,0.870201096892139,97,3.6,8.5,152.00340952380952,200.453,420.287,21,53460,https://osu.ppy.sh/b/1754247
1575621,Panda Eyes,Euphoria,Lasse's Insane,NM,5.03756,-0.08541305212695148,-0.08541305212695148,0.5555555555555556,supported,neither,0.0,0.0,-0.0016455954752895123,-0.007189962355081242,0.35427186343625405,0.17615890380048854,49.0,2,5,8,0.5448561844768458,96.732,0.32,0.5676567656765676,100,4.0,8.0,174.774332,435.182,507.948,25,69507,https://osu.ppy.sh/b/1575621
4104245,YOASOBI,Idol (TV Size),Super Star!,NM,5.17646,-0.08575078377847158,-0.08575078377847158,0.3333333333333333,explore,realized_only,0.0,0.0,-0.01660522930958172,0.004998327364866754,0.18380373454814367,0.1814313427092756,34.5,1,1,4,0.7517922175070563,95.5829,0.3,0.6407079646017699,88,4.2,8.0,105.31976999999999,160.02270000000001,166.581,10,50725,https://osu.ppy.sh/b/4104245
2299561,nano,Rock on.,Expert,NM,5.24079,-0.0864589699247724,-0.0864589699247724,0.5348837209302325,supported,realized_only,0.0,0.0,-0.015814136311412992,0.004292084791915751,-0.08175093596495803,0.18293829990054442,57.0,3,4,7,0.42798417972617037,95.2381,0.391304347826087,0.8815489749430524,92,3.8,8.4,140.14258695652174,160.55780000000001,506.796,23,74115,https://osu.ppy.sh/b/2299561
1896735,UVERworld,Touch off (TV Size),Premium Quality Extra,NM,5.28805,-0.08669005088018611,0.14724961814685944,0.5,supported,formula_only,0.7797988967568186,0.23393966902704555,0.05124913943667573,-0.03061423478005109,-0.27817560742537023,0.14913007844199364,60.0,0,1,7,0.7506127202035319,95.61404999999999,0.3,0.5889464594127807,88,4.2,8.7,125.608325,195.9471,228.523,20,116577,https://osu.ppy.sh/b/1896735
2404837,ONE OK ROCK,One by One,Kowali's Expert,NM,4.97646,-0.08704391848572685,-0.08704391848572685,0.9285714285714286,high_conf,neither,0.0,0.0,-0.008154392242562454,-0.002013063331576234,0.22694600326541714,0.15935937603491399,55.0,12,34,69,-0.28824138550577605,97.76995,0.5346153846153846,0.8792486583184258,100,3.8,8.5,230.06154538461539,425.864,468.467,260,436428,https://osu.ppy.sh/b/2404837
826968,Minamotoya feat. Kuroa*,Hana Kagerou,Hana,NM,5.25636,-0.08778764696249355,-0.08778764696249355,0.5,supported,realized_only,0.0,0.0,-0.030797746009686273,0.016415738780076655,-0.5220636532242234,0.17941170928654013,48.5,2,4,9,0.1833125418013285,97.26219999999999,0.35,0.8277616279069768,112,4.0,8.0,143.07406,175.42950000000002,482.678,20,171262,https://osu.ppy.sh/b/826968
797889,fhana,Wonder Stella,Moeka's Extra,NM,5.37735,-0.08798187234804125,-0.08798187234804125,0.8,high_conf,realized_only,0.0,0.0,-0.030263108265666215,0.015962613133030035,-0.0691564296854996,0.15197693747233237,63.5,3,9,17,-0.6792503719389006,98.9189,0.6625,0.9979838709677419,86,4.0,8.0,191.05429875,221.377,533.558,80,159982,https://osu.ppy.sh/b/797889
1786111,THE ORAL CIGARETTES,GET BACK,Reform's Expert,NM,5.389,-0.08853611004074599,-0.06914543511652262,0.939209726443769,high_conf,formula_only,0.06463558308074459,0.019390674924223375,0.008978688779671678,-0.01448392015290654,0.5876184088899217,0.16484009059030685,54.0,19,42,77,-0.06827179456595053,97.2154,0.5145631067961165,0.8782894736842105,98,3.5,8.7,215.7640265372168,473.7246,761.544,309,449748,https://osu.ppy.sh/b/1786111
1547955,TRUE,DREAM SOLISTER,Sound Out!,NM,5.0105,-0.08930257807900456,-0.08930257807900456,0.2857142857142857,explore,realized_only,0.0,0.0,-0.012135744970419604,0.0010464102402166515,-0.08245259987012316,0.1535456760395088,72.5,0,2,2,-0.4266601099455922,97.66865,0.625,0.9771784232365145,87,4.8,8.0,152.659225,213.13649999999998,330.509,8,20817,https://osu.ppy.sh/b/1547955
1541384,yuikonnu,Heart no Atoaji,Nevo's Insane,NM,5.07855,-0.09282593157436565,-0.0909325856831866,0.4594594594594595,explore,formula_only,0.006311152970596822,0.0018933458911790466,0.00126522187825958,-0.01003620174777413,-0.17633066432517688,0.14574075189373092,57.0,0,2,3,-0.13664429527106547,96.0905,0.5882352941176471,0.9873949579831933,76,3.8,8.5,163.60702352941175,386.13079999999997,407.143,17,72657,https://osu.ppy.sh/b/1541384
3151133,ClariS,Careless (TV Size),GodKei's Expert,NM,5.27628,-0.0933756844187357,-0.0933756844187357,0.2,explore,realized_only,0.0,0.0,-0.016783874095260692,0.004496214386610726,0.4101790056962274,0.16572812287961264,53.0,0,1,1,0.683358435065894,96.878,0.2,0.5714285714285714,82,4.2,8.0,123.52532000000001,150.60139999999998,151.903,5,16720,https://osu.ppy.sh/b/3151133
1854139,Will Stetson,Snow Halation (feat. BeasttrollMC),Doormat's Insane,NM,4.93127,-0.09485018671090453,0.13879914117465453,0.726027397260274,supported,formula_only,0.7788310929518636,0.23364932788555906,0.05071646148540389,-0.030897383661268464,0.04312059529936133,0.1478475301516379,63.0,1,6,11,0.6490871313673775,95.57679999999999,0.33962264150943394,0.6464088397790055,106,4.0,8.4,127.41443962264151,209.75540000000024,458.253,53,207522,https://osu.ppy.sh/b/1854139
1119328,Porter Robinson & Madeon,Shelter (happy30 Remix),Extreme,NM,5.25422,-0.09497251245587335,-0.0605529485665153,0.375,explore,formula_only,0.1147318796311935,0.034419563889358046,0.013334776356372965,-0.017311142905629698,0.20285453106439588,0.16121190482391717,56.0,1,2,2,0.18073583921878708,94.96334999999999,0.5833333333333334,0.8674377224199288,97,4.0,9.0,141.35854166666667,200.0523,247.053,12,54574,https://osu.ppy.sh/b/1119328
2480091,(K)NoW_NAME,KNOCK on the CORE (TV Size),Akitoshi's Expert,NM,5.33455,-0.09503731978783325,-0.09503731978783325,0.23076923076923078,explore,realized_only,0.0,0.0,-0.07804893632672266,0.054387960468461,0.15455962007011284,0.19720810024480181,27.0,0,2,4,0.3568633491512788,96.6169,0.3333333333333333,0.7233820459290188,82,4.0,8.5,121.20150000000001,159.1685,172.056,6,17253,https://osu.ppy.sh/b/2480091
766939,Marie,Clover Day's,hvick225's Insane,NM,4.95534,-0.09513827835937473,-0.09513827835937473,0.25925925925925924,explore,realized_only,0.0,0.0,-0.01866323285147784,0.005881223860843612,-0.09789541521780651,0.13872049147549206,73.0,0,1,1,-0.3609253976540036,98.3295,0.7142857142857143,0.9984894259818731,113,4.0,8.0,184.05514285714284,249.87180000000004,317.415,7,50738,https://osu.ppy.sh/b/766939
4449989,Azumi Takahashi feat. Lotus Juice,Full Moon Full Life -Opening Movie version-,Expert,NM,5.26601,-0.09564990605901814,-0.07707168342700321,0.3548387096774194,explore,formula_only,0.0619274087733831,0.01857822263201493,0.008457626066462854,-0.014732002963255759,0.592457226270039,0.171337054905384,46.0,1,1,2,1.669736352244971,92.7281,0.18181818181818182,0.39177101967799643,98,4.2,8.5,89.04907272727273,144.098,180.526,11,18723,https://osu.ppy.sh/b/4449989
2966753,MIMI,Lapis Lazuli (Cut Ver.),Collab Another,NM,4.89647,-0.09650913382622689,-0.09650913382622689,0.3548387096774194,explore,realized_only,0.0,0.0,-0.017117475133459008,0.004502356641102332,-0.04619381862429339,0.19380352172267,45.0,2,2,2,0.2799170546208987,95.00999999999999,0.45454545454545453,0.9902912621359223,55,4.0,8.0,102.45564545454545,150.175,158.499,11,48065,https://osu.ppy.sh/b/2966753
1849120,Okazaki Taiiku,Kimi no Bouken (TV Size),Reform's Extra,NM,5.08752,-0.09695157650782289,-0.09695157650782289,0.7674418604651163,supported,realized_only,0.0,0.0,-0.024748355719389215,0.010696619680910038,-0.1274297037440503,0.1623530517697126,54.0,3,13,18,-0.3597080156811152,97.7092,0.5757575757575758,0.9889705882352942,86,3.6,9.1,166.51735151515152,228.2285,435.628,66,282159,https://osu.ppy.sh/b/1849120
801054,Feint,Vagrant (feat. Veela),Noz's Insane,NM,5.00275,-0.10157690397741276,-0.10157690397741276,0.931740614334471,high_conf,realized_only,0.0,0.0,-0.0426417872543747,0.024916452576936483,-0.19562658996012466,0.19237467152491375,51.0,31,59,89,0.30249637938978796,96.2046,0.42857142857142855,0.8233830845771144,79,4.0,7.7,112.1412838827839,153.526,443.04,273,1155809,https://osu.ppy.sh/b/801054
1582624,Hoshino Gen,Koi,Collab,NM,4.8165,-0.1020042739896431,-0.08356643490198408,0.2,explore,formula_only,0.06145946362553008,0.018437839087659023,0.008202434570919312,-0.015075556760955235,-0.23742281611277036,0.13245893579393614,72.0,0,0,0,2.24728931068005,87.7854,0.2,0.5755208333333334,81,4.0,9.0,109.77514,218.5566,320.602,5,36099,https://osu.ppy.sh/b/1582624
2834097,Shikai Yue,Telecaster B-boy,Kyutify's Insane,NM,4.88983,-0.1026249277043663,-0.1026249277043663,0.2857142857142857,explore,realized_only,0.0,0.0,-0.025936191205936883,0.011184529588910565,0.23451437324739513,0.14443026638682677,56.0,0,0,1,0.13328084756299147,94.72125,0.625,0.990979381443299,60,3.8,8.0,91.1365125,120.77319999999999,139.319,8,13822,https://osu.ppy.sh/b/2834097
1530159,Tominaga Tommy Hiroaki,JoJo ~Sono Chi no Sadame~,Kono Dio Da,NM,5.29675,-0.10357240859070829,0.016913268030309014,0.23076923076923078,explore,formula_only,0.4016189220700577,0.1204856766210173,0.031555261273648806,-0.025607651750766645,-0.655807563901137,0.153249201406336,49.0,0,1,1,1.1659849626361796,90.64235,0.5,0.7484276729559748,86,4.0,8.4,220.31956666666667,494.232,557.854,6,149481,https://osu.ppy.sh/b/1530159
2882077,Kankaku Piero,Rakugaki Page (TV Size),Addy's Extra,NM,5.26768,-0.10448273563271379,-0.10448273563271379,0.2857142857142857,explore,realized_only,0.0,0.0,-0.022651508614302165,0.008344161425089938,0.1920694722031442,0.15786256858245667,63.0,0,1,3,-0.15793286264892464,96.02709999999999,0.625,0.9949392712550607,87,4.0,9.0,134.7613625,186.01039999999998,221.485,8,16016,https://osu.ppy.sh/b/2882077
4759427,"ANGUISH, POCHTISCHASTLIV & ily",Glaza (Sped Up Ver.),RENUMI'S ANOTHER,NM,5.2298,-0.10506284365563463,-0.05935239384444879,0.2,explore,formula_only,0.15236816603728615,0.04571044981118584,0.015888541005782457,-0.01929468044928563,0.1880843644712153,0.1305731254115628,80.0,0,0,0,1.5389548708739837,92.2261,0.2,0.5260960334029228,86,3.9,8.0,158.69856,349.8804,516.258,5,39052,https://osu.ppy.sh/b/4759427
2650216,Nijigasaki High School Idol Club,Nijiiro Passions! (TV Size),Tokimeki!,NM,5.30443,-0.10565069791651889,-0.10565069791651889,0.2857142857142857,explore,neither,0.0,0.0,-0.0022423652217279186,-0.008422507789682026,-0.04441787505159831,0.1503835647565871,50.0,0,1,1,0.151822812763088,97.89000000000001,0.375,0.7136105860113422,87,4.0,8.6,150.8628,173.2482,180.678,8,21063,https://osu.ppy.sh/b/2650216
1353243,"Wake Up, May'n!",One In A Billion,Extra,NM,5.25408,-0.10604119475548845,-0.10604119475548845,0.6428571428571429,supported,realized_only,0.0,0.0,-0.05384436240840869,0.033685790790891526,-0.013546297329644326,0.16373807512676855,48.5,3,5,11,-0.2952125104636972,97.62610000000001,0.5277777777777778,0.9816700610997964,87,4.0,8.0,178.10028888888888,423.2345,504.057,36,97875,https://osu.ppy.sh/b/1353243
1206113,fourfolium,Gugutto Work* (Short Ver.),Evanescent's Extra,NM,5.26865,-0.10692922612503436,-0.10692922612503436,0.375,explore,realized_only,0.0,0.0,-0.030399592250988906,0.014463825026298963,-0.01412721698908818,0.14103848242487885,73.5,1,1,2,-1.0672213264100592,99.1687,0.8333333333333334,0.9990636704119851,90,3.3,8.0,204.70855833333334,208.4891,537.767,12,22941,https://osu.ppy.sh/b/1206113
1377033,Machico,Million Smile,RepL4y's Insane,NM,4.97223,-0.10698812899811447,-0.10698812899811447,0.4117647058823529,explore,realized_only,0.0,0.0,-0.025597065948061,0.01053676956968513,-0.28758731889294287,0.1865707691109164,53.5,1,2,3,-0.017726892991019483,95.84375,0.5,0.9955197132616487,95,4.0,8.0,171.80919285714285,416.2000000000001,521.238,14,64017,https://osu.ppy.sh/b/1377033
1425316,Baby's breath,Habataki no Birthday,Dailycare's Extra,NM,5.23174,-0.10850237484413466,-0.06765472186850535,0.3103448275862069,explore,formula_only,0.13615884325209768,0.040847652975629305,0.014512697866187294,-0.01887665630366507,-0.22208388123068382,0.13021580333342636,85.0,0,0,2,-0.3930148211246707,97.69449999999999,0.6666666666666666,0.9959183673469387,87,4.0,8.0,259.5478888888889,474.3936,490.632,9,29313,https://osu.ppy.sh/b/1425316
548414,Kato*Fuku,You Gotta Love Me!,Insane,NM,4.99789,-0.10900018273128231,-0.10900018273128231,0.2,explore,realized_only,0.0,0.0,-0.027199734904094226,0.0116746160333346,0.00730115842269504,0.18455062020586582,73.0,1,1,1,-0.8169768876762826,98.43889999999999,0.6,0.9676113360323887,87,4.0,7.5,241.72892000000002,437.4266,474.539,5,19919,https://osu.ppy.sh/b/548414
2475900,ReoNa,Untitled world,Untitled,NM,5.11194,-0.10977159059820452,-0.10977159059820452,0.4594594594594595,explore,neither,0.0,0.0,-0.01007499753781107,-0.002376096185444331,0.05408276458107468,0.19475389356398254,63.0,2,3,4,0.08902577111243032,96.3364,0.5294117647058824,0.8782961460446247,88,3.9,9.0,139.06345882352943,165.39520000000002,496.158,17,74313,https://osu.ppy.sh/b/2475900
1972535,Fujiwara Chika (CV: Kohara Konomi),Chikatto Chika Chika (TV Size),Yugu's Extra,NM,4.91585,-0.11007323798320442,0.05371915965074309,0.6610169491525424,supported,formula_only,0.5459746587798251,0.1637923976339475,0.03874548199225646,-0.02835167925025578,-0.24341567966472358,0.1603042039990917,65.0,2,4,8,0.8853605343799162,94.6477,0.3333333333333333,0.6407185628742516,78,4.2,8.0,99.84561025641025,143.829,346.252,39,180207,https://osu.ppy.sh/b/1972535
1100082,Itagaki Soutarou,Mugenranbushou(Game size),Insane,NM,4.9449,-0.1105146556518258,-0.1105146556518258,0.23076923076923078,explore,realized_only,0.0,0.0,-0.03074639181527907,0.014442334299865293,-0.04469447473235293,0.16658503427845991,37.5,0,1,2,1.128477006491316,92.89515,0.16666666666666666,0.784,90,4.3,8.0,165.67238333333333,342.2065,406.214,6,58890,https://osu.ppy.sh/b/1100082
4681475,Shika-bu,Shikairo Days (TV Size),Doormat's Another,NM,4.95072,-0.11052563221282391,0.2648011477468709,0.48717948717948717,explore,formula_only,1.2510892665323161,0.3753267799596948,0.07001700164827296,-0.035951097964154806,0.4650078352914294,0.12929146648542328,74.0,0,1,1,0.6515816462338204,96.5128,0.3684210526315789,0.5196850393700787,87,4.0,8.8,121.5793052631579,166.45399999999995,372.385,19,51824,https://osu.ppy.sh/b/4681475
2782388,nayuta,Hoshi to Koisuru Concerto,cocona's Expert,NM,5.29988,-0.11109078749442881,-0.10483530574725154,0.23076923076923078,explore,formula_only,0.020851605823924226,0.006255481747177267,0.0032646943857614578,-0.012850627750298738,-0.00011702004817928622,0.13602171936249607,65.5,0,0,1,-0.06994132007905182,95.90645,0.6666666666666666,0.8999999999999999,79,4.0,8.5,134.87791666666666,167.027,176.223,6,14031,https://osu.ppy.sh/b/2782388
930498,CHiCO with HoneyWorks,Historia,Linada's Insane,NM,4.93457,-0.11165566636738239,-0.06160576725875358,0.6666666666666666,supported,formula_only,0.16683299702876267,0.0500498991086288,0.01667575560597587,-0.020129074130968143,-0.9467124826562903,0.16537115960775267,61.5,2,6,8,0.237874451100238,96.1132,0.525,0.7901907356948229,65,3.5,8.0,122.439335,151.83080000000004,432.844,40,301518,https://osu.ppy.sh/b/930498
333956,solfa feat. Chata,Miracle infinity,Laurier's Insane,NM,4.90706,-0.11363774715228625,-0.11363774715228625,0.3548387096774194,explore,neither,0.0,0.0,-0.0055893006139277075,-0.0063679697635909156,0.02799263022169205,0.14447504388819507,70.0,1,1,1,-0.3897353847864973,98.1803,0.45454545454545453,0.9901800327332242,99,4.0,8.0,147.6651909090909,158.731,466.361,11,43448,https://osu.ppy.sh/b/333956
136649,Hatsune Miku,Sabamiso!,Insane!,NM,5.10598,-0.11406765823019535,-0.11406765823019535,0.4594594594594595,explore,realized_only,0.0,0.0,-0.025480786783967133,0.009840151508206232,0.14860980873539223,0.15227803497953082,68.0,1,1,4,-0.42868759600656986,98.2387,0.5294117647058824,0.9987129987129987,120,4.0,8.0,194.67626470588237,410.0382,472.809,17,83104,https://osu.ppy.sh/b/136649
1005548,Chitose Sara,Merry Merry Go Round,Moly's Expert,NM,4.92905,-0.11430120786852878,-0.08643702603219997,0.574468085106383,supported,formula_only,0.09288060612109604,0.02786418183632881,0.010743325552150974,-0.017394569062423322,-0.17428604982698642,0.14594655850639346,71.0,1,4,5,-0.026320813359389378,97.2085,0.5555555555555556,0.8238434163701067,94,4.0,8.0,169.11496666666665,384.94780000000003,465.728,27,130388,https://osu.ppy.sh/b/1005548
4790336,Set It Off,Partners In Crime (Cut Ver.),Dead or Alive,NM,5.26411,-0.11572357760417964,0.008928475184823814,0.5652173913043478,supported,formula_only,0.41550684263001153,0.12465205278900346,0.031680443721328735,-0.026388475049744398,0.716777346758755,0.16560518268668228,74.0,1,2,3,0.29586138033711007,97.5,0.38461538461538464,0.5454545454545454,95,4.0,9.0,152.53886538461538,194.21800000000002,526.971,26,32974,https://osu.ppy.sh/b/4790336
4633101,Krewella,Say Goodbye (Nightcore & Cut Ver.),kowari's Expert,NM,5.11967,-0.11625457982204485,-0.09722642639361491,0.8620689655172413,high_conf,formula_only,0.06342717809476646,0.019028153428429936,0.007957740780204819,-0.016036624898239572,1.1964664723890794,0.16433470915867393,59.0,9,21,28,0.2276338432950446,97.1342,0.352,0.7879656160458453,64,3.8,9.2,224.3277664,447.04240000000004,510.535,125,122323,https://osu.ppy.sh/b/4633101
1860939,THE ORAL CIGARETTES,BLACK MEMORY,Reform's Expert,NM,4.86982,-0.1165578871595653,0.012078964790803948,0.7619047619047619,supported,formula_only,0.4287895065012309,0.12863685195036925,0.03235053935517147,-0.02666797210343555,-0.02684102316254833,0.14506859752161605,61.5,1,6,9,0.6980497178678617,95.15355,0.390625,0.6215722120658136,94,4.0,8.5,103.10174375,153.2412,387.047,64,380592,https://osu.ppy.sh/b/1860939
476544,Aoi Eir,IGNITE (TV Size),xChippy's Extra,NM,5.18805,-0.11735572174048423,-0.11735572174048423,0.6428571428571429,supported,neither,0.0,0.0,-0.004944918769533402,-0.00721018690810723,0.12847051690186456,0.16202130990245933,68.0,4,6,7,1.15042883848067,95.03515,0.16666666666666666,0.5378323108384457,87,4.0,8.0,109.55717222222222,137.68900000000002,383.76,36,146796,https://osu.ppy.sh/b/476544
3460108,TORIENA,Chewingood!!!,Tristan's Another,NM,4.91139,-0.11752031891501073,-0.11752031891501073,0.2,explore,realized_only,0.0,0.0,-0.023917062985048913,0.00826968885856809,0.1426565477301827,0.15017445951226618,71.0,0,1,1,-0.43395909954302875,98.4,0.8,0.9962216624685138,115,3.0,7.5,307.53499999999997,490.1568,540.776,5,15679,https://osu.ppy.sh/b/3460108
1898523,ASCA,RESISTER (TV Size),SMOKELIND's INSANE,NM,4.80858,-0.11798294254577509,-0.11798294254577509,0.7894736842105263,supported,neither,0.0,0.0,-0.003965464719057267,-0.008063376264170306,-0.035112138517541025,0.15111940454939965,57.0,2,7,15,0.4019880476490891,95.2245,0.44,0.8576998050682261,87,3.7,8.2,124.74126666666666,318.6604,416.783,75,363366,https://osu.ppy.sh/b/1898523
5079719,HoneyWorks feat. HaKoniwalily,"Shitsumon, Koitte Nandesho ka? (TV Size)",Not Classic Extra,NM,4.93514,-0.11865532678532068,-0.10508914681787733,0.3103448275862069,explore,formula_only,0.045220599891477815,0.013566179967443344,0.006017360746133495,-0.015120203629366722,0.26340161904582354,0.13970296619290107,53.0,0,0,0,0.5145192476033387,94.1402,0.4444444444444444,0.8862745098039215,87,3.4,8.8,127.81132222222222,204.97620000000006,383.617,9,48442,https://osu.ppy.sh/b/5079719
1535031,Alisa Takigawa,Sayonara no Yukue ~TV size~,Mata Au Hi Made!,NM,5.03503,-0.11914655696804256,-0.037795098751825545,0.23076923076923078,explore,formula_only,0.2711715273873901,0.08135145821621702,0.023245645845635682,-0.023470905219053928,0.04063510076866843,0.12922318126305332,66.5,0,0,0,-0.34501341099280225,97.52995,0.6666666666666666,1.0,87,4.5,9.0,180.95818333333332,273.70849999999996,361.643,6,29556,https://osu.ppy.sh/b/1535031
3148259,ClariS,Careless (TV Size),Yakusoku,NM,5.36497,-0.11939504192579803,-0.11051423172592113,0.23076923076923078,explore,formula_only,0.029602700666256306,0.008880810199876892,0.004220109842181569,-0.014113507161300042,0.285987552811129,0.12592600504246187,62.0,0,0,0,-0.33979536220405193,96.87254999999999,0.6666666666666666,0.9959183673469387,84,4.0,8.6,192.21516666666665,292.2265,416.126,6,21390,https://osu.ppy.sh/b/3148259
481882,Chihara Minori,Paradise Lost (TV Size),Insane,NM,4.84629,-0.12179349091625985,-0.12179349091625985,0.2857142857142857,explore,realized_only,0.0,0.0,-0.05045712617521012,0.02958084125437517,-0.23620478948411058,0.1751254635629824,44.5,0,2,3,-0.5624279149337436,98.25580000000001,0.625,0.9958762886597938,86,4.0,7.5,160.420325,296.21119999999996,398.89,8,60667,https://osu.ppy.sh/b/481882
4636546,Sasuke Haraguchi feat. Kasane Teto,Igaku,Insane,NM,4.97061,-0.12227853547757511,-0.12227853547757511,0.2,explore,neither,0.0,0.0,-0.004583454702561687,-0.007923749147791615,0.33624580342493754,0.15247497232328136,59.0,0,1,1,1.6199198468691822,92.19279999999999,0.2,0.5024691358024691,116,3.5,8.0,70.99388,97.0604,120.586,5,25912,https://osu.ppy.sh/b/4636546
1796307,The BABYSTARS,Hikari e (TV Size),Atsuro's Extra,NM,5.12946,-0.12366127384456099,-0.12366127384456099,0.2,explore,realized_only,0.0,0.0,-0.05555488137935613,0.03358525919313258,-0.005800753085993843,0.15740031769710391,34.0,0,1,1,0.018991294430688026,97.09360000000001,0.4,0.9528795811518325,106,3.5,8.0,119.93574000000001,153.148,159.88,5,14149,https://osu.ppy.sh/b/1796307
2532014,M2U,A Bella! (feat. Lucy),Insane,NM,4.97249,-0.12442750706238359,-0.12442750706238359,0.2857142857142857,explore,realized_only,0.0,0.0,-0.07661751363553203,0.050721230631021706,-0.053905067864147845,0.2138791699488072,34.5,2,2,4,-0.8501733691557146,97.7638,0.875,0.997037037037037,113,4.0,7.0,184.798025,403.3967,423.192,8,58208,https://osu.ppy.sh/b/2532014
1804850,Nogizaka46,Tsuki no Ookisa (TV Size),Extra,NM,5.14406,-0.12521935389808408,-0.12521935389808408,0.7619047619047619,supported,realized_only,0.0,0.0,-0.02003367797588112,0.004443962691424412,0.34836760597219335,0.1582780017555318,52.0,5,6,13,0.35123494339109923,96.8992,0.40625,0.6656249999999999,87,4.0,8.5,124.32170625,161.062,429.643,64,121824,https://osu.ppy.sh/b/1804850
3557726,Nijigasaki High School Idol Club,Colorful Dreams! Colorful Smiles! (TV Size),browiec's Expert!,NM,5.31911,-0.1254366159611197,-0.1254366159611197,0.375,explore,realized_only,0.0,0.0,-0.04587071265292106,0.025525670508477052,0.1355255264438971,0.15581128544440126,49.5,0,1,4,0.16249268056170801,96.57865000000001,0.4166666666666667,0.8329938900203666,85,3.8,8.8,167.56985,195.61090000000002,535.433,12,24710,https://osu.ppy.sh/b/3557726
1914326,UVERworld,Touch off (TV Size),Habi's High Quality Insane,NM,4.8596,-0.12624201421372752,-0.12624201421372752,0.48717948717948717,explore,neither,0.0,0.0,-0.012535724539985171,-0.001766256008940776,-0.06997941327688809,0.17587956579585584,64.0,3,3,5,0.7711210286615598,95.6745,0.3157894736842105,0.6048109965635738,88,4.0,8.0,99.07693684210527,144.9272,155.783,19,152631,https://osu.ppy.sh/b/1914326
2257833,Feint,Words (feat. Laura Brehm),Xayler's Insane,NM,5.08557,-0.12627547767611721,-0.12627547767611721,0.42857142857142855,explore,realized_only,0.0,0.0,-0.03894269652809233,0.019796519209959725,-0.005087707306689624,0.16841700151315525,50.0,1,2,2,0.10816856263133696,96.0163,0.4666666666666667,0.9356435643564357,112,3.8,8.2,134.28119333333333,152.9546,485.956,15,46395,https://osu.ppy.sh/b/2257833
1112194,CHiCO with HoneyWorks,Wolf,Sotarks' Expert,NM,5.26651,-0.12675606910958725,-0.12675606910958725,0.4594594594594595,explore,realized_only,0.0,0.0,-0.015888972065946895,0.0009285327959936175,-0.028426957864453,0.15143698864334496,72.0,1,1,3,-0.540673386561677,98.3815,0.5882352941176471,0.994263862332696,86,4.2,8.2,157.98612941176472,191.4258,199.848,17,40370,https://osu.ppy.sh/b/1112194
5246696,"LONOWN, riserayss",starly (slowed down & cut ver.),expert,NM,5.07814,-0.127480017789382,-0.127480017789382,0.8461538461538461,high_conf,realized_only,0.0,0.0,-0.02981013609061075,0.012235918941119705,1.2417410015885286,0.1890673639749603,44.5,12,24,36,0.4630012049311455,97.35,0.22727272727272727,0.6937984496124031,69,4.0,8.0,222.40337636363637,424.4191000000001,462.018,110,105960,https://osu.ppy.sh/b/5246696
1257001,Feint,Watch Me,vanucik's Sight,NM,5.03901,-0.12751901286416534,-0.12751901286416534,0.2,explore,realized_only,0.0,0.0,-0.08570766443132549,0.0578820950259006,-0.5235485745572528,0.17919664302337412,33.0,1,1,2,-0.9789761016040355,99.5511,0.8,1.0,80,4.0,8.0,231.5598,381.38960000000003,464.438,5,82394,https://osu.ppy.sh/b/1257001
2930330,"Sub Focus, Dimension",Desire (Cut Ver.),Kujinn's Expert,NM,4.90842,-0.12761110414260585,-0.12761110414260585,0.3333333333333333,explore,realized_only,0.0,0.0,-0.06149950173159542,0.03810433751438382,0.058426210790613824,0.20186993721876018,46.0,2,5,5,-1.1100031509133803,99.3421,0.8,0.9959432048681542,89,4.0,8.0,165.6755,207.05739999999992,427.57,10,18300,https://osu.ppy.sh/b/2930330
619513,kors k feat. Sunao Yoshikawa,7 Colors,Insane,NM,5.14959,-0.12815256419221488,-0.11535095529192704,0.23076923076923078,explore,formula_only,0.042672029667626094,0.012801608900287828,0.005511066630285449,-0.015578836082089187,0.05211636900526791,0.18252599708425135,64.5,1,2,2,-0.7142465283837944,97.70115,0.6666666666666666,0.9326465927099841,96,4.4,7.8,292.5387333333333,485.8135,488.787,6,28943,https://osu.ppy.sh/b/619513
394141,Mikami Shiori,Shiawase Gift,Akariiin!,NM,5.24801,-0.12832466417903518,-0.12832466417903518,0.7777777777777778,supported,realized_only,0.0,0.0,-0.03952289185113706,0.020096192685314485,-0.3546714033934885,0.17499715936984508,55.5,6,11,20,-0.6752049702211694,97.7174,0.7857142857142857,1.0,93,4.0,8.0,227.37821142857143,492.7316,535.359,70,183057,https://osu.ppy.sh/b/394141
1099437,Guilty Kiss,Strawberry Trapper,Kalibe's Insane,NM,5.02251,-0.12871944499007976,-0.12871944499007976,0.3103448275862069,explore,realized_only,0.0,0.0,-0.04418156387346711,0.02386721103468077,-0.05954241887546797,0.16248167346716183,45.0,0,1,3,-0.2521700244245759,98.1905,0.4444444444444444,0.9923371647509579,88,4.0,8.0,119.72561111111112,153.31320000000002,162.842,9,68724,https://osu.ppy.sh/b/1099437
1437594,Aqours,Mirai no Bokura wa Shitteru yo,Sunshine,NM,5.14047,-0.12887998621912966,-0.12887998621912966,0.3548387096774194,explore,realized_only,0.0,0.0,-0.04788585234696261,0.026878725810377056,-0.0641229931236757,0.22375408455972157,48.0,2,4,4,0.32096130396116496,95.0528,0.45454545454545453,0.9007936507936508,86,4.2,8.5,113.50092727272727,163.273,181.942,11,59049,https://osu.ppy.sh/b/1437594
1556692,Jennifer Karr,My Life As A Teenage Robot,gary00737's Extra,NM,5.01339,-0.13038006158194995,-0.13038006158194995,0.3103448275862069,explore,neither,0.0,0.0,-0.004409933287856079,-0.008753969763274477,-0.2345980530948211,0.15655872895455392,46.0,0,1,2,0.07489679026822323,93.75,0.7777777777777778,0.990909090909091,32,4.0,8.5,141.4193,187.06820000000005,439.113,9,36675,https://osu.ppy.sh/b/1556692
1869935,Aiurabu,Kani*Do-Luck! (TV Size),Extra!,NM,5.33662,-0.13089042331991857,-0.13089042331991857,0.954337899543379,high_conf,neither,0.0,0.0,-0.014002681631169423,-0.000963292401106465,-0.14201824233523597,0.17070552986047685,56.0,33,62,99,-0.10434906277381649,96.96485,0.5119617224880383,0.974934036939314,59,3.8,8.7,182.36434497607655,317.12140000000034,568.58,418,904383,https://osu.ppy.sh/b/1869935
1871598,Nanamori-chu * Goraku-bu,Yuriyurarararayuruyuri Daijiken (TV Size),IOException's Extra,NM,5.3598,-0.13121228075374353,-0.12387135517792806,0.2857142857142857,explore,formula_only,0.024469751919384882,0.007340925575815465,0.0033806665946683138,-0.014563125543087274,0.27596131354820186,0.18599851111860696,62.0,1,2,2,1.7863952128303973,90.26525000000001,0.25,0.5347826086956522,87,3.5,9.0,137.2494875,244.73009999999996,457.122,8,24291,https://osu.ppy.sh/b/1871598
4193906,Nakanoke no Itsutsugo,Sekaijuu Tatta Hitotsu (Game Ver.),Expert,NM,5.26973,-0.1316725795632787,-0.1316725795632787,0.23076923076923078,explore,realized_only,0.0,0.0,-0.03860165323765784,0.019059326281792785,0.3919749705429035,0.15230907714402517,44.0,0,0,1,1.3808756050305184,90.32785000000001,0.3333333333333333,0.8922018348623852,83,4.0,8.8,101.45635,137.627,166.83,6,12753,https://osu.ppy.sh/b/4193906
1434114,Feint,Outbreak (feat. MYLK),Kergio's Insane,NM,5.05627,-0.13204506025715793,-0.13204506025715793,0.2,explore,neither,0.0,0.0,-0.0002778078995586599,-0.012270027831223497,0.39185634689864246,0.14149071657818768,58.0,0,0,1,0.38671838809000986,95.4815,0.4,0.8576051779935275,99,4.2,7.8,123.28483999999999,157.7278,169.107,5,31707,https://osu.ppy.sh/b/1434114
4189337,ano,"Chu, Tayousei. (TV Size)",Gero,NM,5.24212,-0.13287583996747349,-0.13287583996747349,0.23076923076923078,explore,realized_only,0.0,0.0,-0.01769978730586099,0.0018872685593337712,0.2688932507388602,0.17512945672609603,32.0,0,1,3,1.950565342267042,89.89835,0.0,0.78330658105939,87,4.2,8.3,95.09806666666667,138.1715,157.691,6,14280,https://osu.ppy.sh/b/4189337
2270804,Silent Siren,Routine,Expert,NM,4.93452,-0.1328935578589101,-0.051027557135059215,0.375,explore,formula_only,0.27288666907950304,0.0818660007238509,0.02271979495670179,-0.024166028421710235,-0.25092562170367383,0.14580578318664747,51.5,0,1,3,0.020705136307705034,96.4353,0.5,0.9445525291828794,90,4.0,8.8,245.00435833333333,404.9851,556.637,12,70624,https://osu.ppy.sh/b/2270804
687865,nameless,3331,apple's Insane,NM,5.02607,-0.13294478064957616,-0.08825767413907373,0.6363636363636364,supported,formula_only,0.1489570217016747,0.044687106510502415,0.0145231284387182,-0.020636126022543624,-0.008353102674603595,0.14568364716943755,54.0,0,1,6,0.029159241056265217,96.4433,0.42857142857142855,0.9119170984455959,91,4.0,8.2,133.51859714285715,166.0448,477.898,35,164663,https://osu.ppy.sh/b/687865
154592,Ushirokara Haiyoritai G,Taiyou Iwaku Moeyo Chaos (An-bootleg),Insane,NM,4.85832,-0.13366630921552514,-0.13366630921552514,0.23076923076923078,explore,realized_only,0.0,0.0,-0.052239503857395626,0.030027427689497746,-0.3792190574458641,0.15809263311257793,45.0,0,1,2,-0.333806326009409,95.5744,0.8333333333333334,1.0,71,4.0,8.0,103.25831666666666,125.2915,128.595,6,58862,https://osu.ppy.sh/b/154592
1343515,LONG SHOT PARTY,distance (NARUTO Ver.),NiNo's Extra,NM,5.39134,-0.13736496915238197,-0.13736496915238197,0.8245614035087719,high_conf,realized_only,0.0,0.0,-0.03831479891272012,0.01834129236002824,-0.03431488007420875,0.16749090476672218,51.5,6,15,22,-0.22010337432163551,97.37295,0.5319148936170213,0.9688612099644128,88,4.0,8.0,151.76549255319148,196.137,545.77,94,229581,https://osu.ppy.sh/b/1343515
5396268,Michael Sembello,Maniac (Nightcore & Cut Ver.),kowari's Light Expert,NM,4.91547,-0.13776919123801631,0.08848898578077224,0.48717948717948717,explore,formula_only,0.7541939233959619,0.22625817701878856,0.04709849653654984,-0.03221835438903298,0.7456786357297781,0.14045166177740848,68.0,0,2,3,1.4569387468162585,92.24940000000001,0.15789473684210525,0.6917960088691796,72,4.0,8.7,131.04373157894736,229.37339999999992,445.942,19,32647,https://osu.ppy.sh/b/5396268
454739,Amamiya Sora,Skyreach,Zero's Insane,NM,5.12799,-0.13906529022006042,-0.13906529022006042,0.2857142857142857,explore,realized_only,0.0,0.0,-0.043264792508045574,0.02223927055987037,0.036526356336765535,0.1602532995274995,39.0,0,0,2,-0.48767472341229207,96.1825,0.875,0.9923076923076923,89,4.0,8.0,158.312525,238.89269999999993,445.427,8,37762,https://osu.ppy.sh/b/454739
2274854,Fujifabric,Golden Time (TV Size),KittyAdventure's Expert,NM,5.03023,-0.13964648256625622,-0.12496094022792847,0.3333333333333333,explore,formula_only,0.048951807794425886,0.014685542338327764,0.00589457331058982,-0.01670874114368602,-0.06598093458048752,0.2290840781095497,56.5,1,2,2,-0.1895455072056409,97.5694,0.5,0.858,87,3.2,8.5,221.99908,485.6355,626.949,10,34182,https://osu.ppy.sh/b/2274854
2328389,saradisk,222 - wewewe,Deluxe,NM,5.05208,-0.13980849451800775,0.13357576113685082,0.25925925925925924,explore,formula_only,0.9112808521828619,0.2733842556548586,0.05395211583112956,-0.03398373693510173,-0.5298772005716936,0.13289047032373652,57.0,0,0,0,0.40582892698818784,92.5581,0.7142857142857143,0.9777070063694268,43,3.9,8.7,117.99504285714285,147.5576,157.628,7,57267,https://osu.ppy.sh/b/2328389
2580286,Nakagawa Shoko,Dori Dori (TV Size),Princess Key,NM,5.2934,-0.14004880954718915,-0.14004880954718915,0.42857142857142855,explore,realized_only,0.0,0.0,-0.032320353037734346,0.01321775775776933,0.05693410481755932,0.2054528386633983,70.0,2,3,3,-0.469649288924103,97.49719999999999,0.6666666666666666,0.9953596287703016,79,4.0,8.6,190.20024666666666,334.2869999999999,483.03,15,25186,https://osu.ppy.sh/b/2580286
2881287,Twin-Tails,Twintail Dreamer! (TV Size),PikA's Extra!,NM,5.32661,-0.14005947386800782,-0.14005947386800782,0.23076923076923078,explore,realized_only,0.0,0.0,-0.03790215942177233,0.017775310877057686,-0.01820398910399784,0.14982775195342088,52.0,0,1,1,-0.19468408325814238,96.0404,0.6666666666666666,0.9941747572815534,87,3.7,9.0,136.89283333333333,164.14,180.834,6,10433,https://osu.ppy.sh/b/2881287
2323413,CHiCO with HoneyWorks,Heart no Shuchou,Assertion,NM,5.26265,-0.14090474789774698,-0.14090474789774698,0.6491228070175439,supported,neither,0.0,0.0,-0.010485442567346554,-0.004686766374066018,-0.08323589651558728,0.1493428616940416,65.0,2,5,7,-0.08976800862077108,97.1171,0.4864864864864865,0.944558521560575,82,3.8,8.5,140.50326756756758,178.5698,205.316,37,83835,https://osu.ppy.sh/b/2323413
1182606,marble,Sakura Sakura Saku ~Ano Hi Kimi o Matsu Sora to Onaji de~ (TV size.),Insane,NM,5.06178,-0.14131175532229234,-0.14131175532229234,0.2,explore,realized_only,0.0,0.0,-0.09247147613872267,0.06223367285256121,0.0364103327897763,0.29210646728680356,23.0,2,2,3,-0.3917091517722156,98.4726,0.4,0.977859778597786,86,4.0,7.0,143.50708,187.078,192.406,5,19432,https://osu.ppy.sh/b/1182606
2522352,ReoNa,ANIMA (TV Size),browiec's EXPERT,NM,5.30642,-0.14159669471438824,-0.14159669471438824,0.8347107438016529,high_conf,neither,0.0,0.0,-0.00026147787483089303,-0.013095114053112573,0.2886951936805926,0.16703350799771438,50.0,7,15,28,0.24702066533966135,97.0149,0.37623762376237624,0.77079107505071,86,4.0,9.0,174.71173366336635,407.892,518.334,101,220572,https://osu.ppy.sh/b/2522352
3206726,yanaginagi,Strange Attractor (Cut Ver.),Timeless,NM,4.81587,-0.1420801954707021,-0.1309212174120813,0.2,explore,formula_only,0.0371965935287361,0.011158978058620829,0.004625703950376824,-0.016179038339345968,-0.019612663614720745,0.13007558875062358,69.0,0,0,1,-1.0175462296770117,97.9101,1.0,1.0,83,4.2,8.0,178.95924,309.19320000000005,427.088,5,13055,https://osu.ppy.sh/b/3206726
1911078,Uchida Maaya,youthful beautiful (TV Size),aishiteru,NM,5.34927,-0.14295031169144043,-0.14295031169144043,0.3103448275862069,explore,neither,0.0,0.0,-0.002379978121608053,-0.011480049274278007,-0.2134233130733589,0.14210187913791114,52.0,0,0,1,-0.28108273761267233,96.595,0.6666666666666666,0.9959100204498977,84,4.0,8.6,289.4808777777778,516.586,521.274,9,39024,https://osu.ppy.sh/b/1911078
1699100,Rachel (CV: Chisuga Haruka),Pray (TV Size),Desire,NM,5.09659,-0.14386282202647693,-0.014038085298989755,0.3103448275862069,explore,formula_only,0.4327491224249573,0.12982473672748718,0.031175927982394165,-0.027928279076347477,-0.027585554155341908,0.1342018868176179,68.0,0,1,1,2.8886208295620874,84.953,0.1111111111111111,0.5691609977324263,88,4.0,8.0,80.64862222222223,105.21528000000002,143.74,9,29097,https://osu.ppy.sh/b/1699100
4789305,Groove Coverage,God is a Girl (Nightcore & Cut Ver.),Tylerderp's Extra,NM,5.21534,-0.1439053606435172,-0.1439053606435172,0.5454545454545454,supported,neither,0.0,0.0,-0.003854271600037335,-0.010357212379827884,0.6746501273233916,0.15488056929341987,65.0,1,3,6,1.2423360747323309,93.15975,0.20833333333333334,0.6922246220302375,72,3.1,9.0,191.4294625,336.93919999999997,402.39,24,25393,https://osu.ppy.sh/b/4789305
1651955,Kurosaki Maon,Last Desire (TV Size),Insane,NM,4.83449,-0.14473406987411802,-0.14473406987411802,0.2,explore,realized_only,0.0,0.0,-0.045757616999646936,0.023793306313573306,-0.0548521894492112,0.14642723875509256,64.0,0,1,1,-0.4043503893614886,98.4127,0.6,0.9954441913439636,85,4.2,7.5,169.578,277.4046,365.507,5,19386,https://osu.ppy.sh/b/1651955
1161449,Utsu-P,TRAUMATIC,Sharkie's EXPERT,NM,5.09493,-0.14489676376730454,-0.14489676376730454,0.2,explore,realized_only,0.0,0.0,-0.06251805969067166,0.03746712717323085,-0.2015671841614676,0.24399865036619484,44.0,2,2,2,0.04561253132657632,97.2637,0.4,0.7772727272727272,33,3.5,7.4,191.79624,332.53440000000006,446.386,5,101161,https://osu.ppy.sh/b/1161449
3095041,MindaRyn,Like Flames (TV Size),Reform's Expert,NM,5.12707,-0.1453510435412116,-0.10155172037337665,0.47368421052631576,explore,formula_only,0.1459977438927831,0.043799323167834935,0.013847004800223793,-0.021213760976676224,0.10530512198889534,0.1565573272459314,58.0,1,2,3,-0.1910836263704093,96.33699999999999,0.5555555555555556,0.9915094339622641,86,4.0,8.5,233.3337888888889,451.6116,458.998,18,41362,https://osu.ppy.sh/b/3095041
2319274,Honma Himawari,Seishun Mode! Mou Ikkai!!,Sunny Day!,NM,5.12327,-0.1465743069357912,-0.1465743069357912,0.2,explore,neither,0.0,0.0,-0.012087422264593249,-0.003860317586605499,0.10274958174346176,0.14291241633218404,50.0,0,0,1,0.3468400235489772,97.5282,0.4,0.5059880239520959,113,4.0,8.2,132.40720000000002,188.05360000000002,210.27,5,25830,https://osu.ppy.sh/b/2319274
1675838,Will Stetson,Despacito ft. R3 Music Box,Mir's Expert,NM,4.83553,-0.14706242858490798,0.01775290299845589,0.9074074074074074,high_conf,formula_only,0.5493844386112129,0.16481533158336387,0.03693342332338879,-0.02992844545150338,-0.18288598712009704,0.15502208567511325,59.0,11,20,36,0.3047669005723371,94.0891,0.5663265306122449,0.9761904761904762,46,4.0,8.8,160.4287362244898,362.584,437.164,196,627975,https://osu.ppy.sh/b/1675838
1661491,ONE OK ROCK,Take me to the top,Habi's Extra,NM,5.32991,-0.1478884078927118,-0.1478884078927118,0.7014925373134329,supported,realized_only,0.0,0.0,-0.03876235972680081,0.01781245977415626,0.09609243590850038,0.1609036757973906,57.0,2,7,13,-0.32443668115056323,98.2906,0.5319148936170213,0.9385665529010239,94,4.0,8.0,193.2887829787234,400.83799999999997,524.892,47,101088,https://osu.ppy.sh/b/1661491
874124,HO-KAGO TEA TIME,"NO, Thank You!",Insane,NM,4.93742,-0.14812061204882798,-0.14812061204882798,0.4444444444444444,explore,realized_only,0.0,0.0,-0.07457910672501204,0.04704296790931631,-0.17668830499734806,0.17337510121689298,39.5,1,2,4,-0.7952460031087445,98.6207,0.75,0.997716894977169,78,4.0,8.0,162.65176875,304.435,384.763,16,78753,https://osu.ppy.sh/b/874124
1080030,ROUND TABLE featuring Nino,Puzzle,Conspiracy,NM,5.14617,-0.150603373281111,-0.150603373281111,0.6226415094339622,supported,neither,0.0,0.0,-0.009150900411147375,-0.006600880868170454,0.04780434324376382,0.13736021261124653,53.0,0,1,1,-0.1699385308206668,97.6676,0.42424242424242425,0.959830866807611,87,4.5,8.0,158.53671515151515,191.501,515.849,33,89183,https://osu.ppy.sh/b/1080030
681304,mimimemeMIMI,CANDY MAGIC,hopperhtkn's Seventh Witch,NM,5.14697,-0.15149591764837947,0.05666562290467336,0.48717948717948717,explore,formula_only,0.6938718018435095,0.20816154055305283,0.04357043553447024,-0.03204163778902137,-0.38747815906503974,0.14420668248055926,61.0,0,1,3,1.2205994939853413,94.1176,0.21052631578947367,0.48504273504273504,85,4.0,8.0,133.77921052631578,228.59399999999982,483.83,19,114546,https://osu.ppy.sh/b/681304
2932945,DIALOGUE+,Omoide Shiritori (TV Size),Expert,NM,5.26087,-0.1515375923383154,-0.1515375923383154,0.574468085106383,supported,realized_only,0.0,0.0,-0.038601845878216266,0.01737124628693812,-0.2138401928638674,0.17145856992293101,47.0,1,6,7,0.776301273131599,93.4612,0.4074074074074074,0.8548707753479126,86,3.8,8.5,132.42644074074073,175.88040000000007,496.475,27,116968,https://osu.ppy.sh/b/2932945
1052899,Kanon Wakeshima,Tsukinami,Kanau's Insane,NM,5.054,-0.15246883148312132,-0.14645481960685613,0.6153846153846154,supported,formula_only,0.020046706254217304,0.006014011876265191,0.002551882534882202,-0.01580555376206054,-0.3582218869088376,0.1533896605089277,57.5,1,3,6,-0.276042359838591,97.85159999999999,0.5,0.9467040673211782,118,4.0,8.0,149.08635,205.49950000000004,371.775,32,242549,https://osu.ppy.sh/b/1052899
408410,Wakeshima Kanon,killy killy JOKER (TV Size),Insane,NM,5.33976,-0.1543983482564001,-0.1543983482564001,0.2857142857142857,explore,realized_only,0.0,0.0,-0.055079882174914996,0.03058514000473242,-0.4781168093111725,0.14495025330340652,44.5,0,0,0,-1.0275812404344933,98.99545,0.875,1.0,88,4.0,8.0,252.15800000000002,496.113,523.042,8,71104,https://osu.ppy.sh/b/408410
2008402,JENNIE,SOLO,BREAKUP,NM,5.11599,-0.15478257808483983,-0.10132949643166103,0.4594594594594595,explore,formula_only,0.17817693884392935,0.0534530816531788,0.015755475778573894,-0.022753454408272006,-0.14126674651268367,0.15366922246780534,61.0,2,2,3,0.36764789257264746,94.9001,0.47058823529411764,0.9274193548387096,102,4.0,9.0,113.29876470588235,150.38060000000002,179.507,17,100305,https://osu.ppy.sh/b/2008402
743034,CHiCO with HoneyWorks,Pride Kakumei,Guy's Extra,NM,5.38152,-0.1549648598327083,-0.1549648598327083,0.869281045751634,high_conf,realized_only,0.0,0.0,-0.026678960009532023,0.007342988622054276,-0.27783518782078426,0.1703018229457,54.0,12,22,31,-0.3001814687898083,97.8333,0.5413533834586466,0.9856115107913669,90,4.0,8.0,162.7800751879699,204.8956,542.946,133,350939,https://osu.ppy.sh/b/743034
3262208,toby fox,Amalgam,Endogeny,NM,5.27111,-0.15552427720256734,-0.15552427720256734,0.2857142857142857,explore,neither,0.0,0.0,-0.011214175845142652,-0.005334083731248449,0.23801402276009545,0.15350005620827278,37.5,0,0,2,0.3352669396727277,96.18979999999999,0.5,0.6632231404958677,80,4.2,8.4,122.8031875,179.86749999999998,186.801,8,25213,https://osu.ppy.sh/b/3262208
1816812,mafumafu x Amatsuki,Yume Fanfare,Insane,NM,4.93004,-0.15652513886186004,-0.15652513886186004,0.25925925925925924,explore,realized_only,0.0,0.0,-0.06452664401952206,0.03811922251592576,0.062030770970525693,0.1978256422129295,43.0,1,3,3,-0.4515862390202063,97.8927,0.42857142857142855,0.8543307086614174,88,4.0,7.6,152.82841428571427,237.74040000000008,396.477,7,30465,https://osu.ppy.sh/b/1816812
2651581,Eve,Kaikai Kitan (TV Size),Expert,NM,5.20305,-0.15806546739211413,-0.03614993496287133,0.47368421052631576,explore,formula_only,0.4063851080974761,0.12191553242924281,0.02909195543397461,-0.028105559845827015,-0.014827135118669966,0.14301237964136165,59.5,0,0,3,1.7098184232300793,91.6908,0.2222222222222222,0.4520255863539445,80,4.2,8.5,94.45024444444444,142.6544,165.233,18,95745,https://osu.ppy.sh/b/2651581
1916880,Fujiwara Chika (CV: Kohara Konomi),Chikatto Chika Chika (TV Size),NotEnough's Extra,NM,5.16305,-0.1609178188031659,-0.11900244472139637,0.7058823529411765,supported,formula_only,0.1397179136058985,0.04191537408176955,0.012847548241957494,-0.02188059884316291,-0.39389896946397984,0.145725029055437,64.5,1,5,8,0.6203562610765455,94.6483,0.2916666666666667,0.9358669833729216,88,4.0,8.4,119.78882708333333,160.85050000000007,407.415,48,254574,https://osu.ppy.sh/b/1916880
1401254,ClariS,SHIORI -TV size mix-,Apex,NM,5.21711,-0.16166571445851924,-0.16166571445851924,0.9369085173501577,high_conf,realized_only,0.0,0.0,-0.030756795017973085,0.010103733779884806,-0.5891453425480874,0.1688526141252335,55.0,21,42,71,0.018892912183778338,96.5556,0.48484848484848486,0.9808510638297873,88,4.0,8.7,205.6510814814815,399.62240000000014,746.093,297,864792,https://osu.ppy.sh/b/1401254
1073974,Chitose Sara,Arcadia (Short ver.),thzz's orb,NM,5.2475,-0.16196853454939902,-0.16196853454939902,0.47368421052631576,explore,realized_only,0.0,0.0,-0.06265449518719435,0.036127696757539504,-0.2243757495970104,0.19337227515790625,36.0,2,5,8,-0.6362675482853114,98.00995,0.6666666666666666,0.9929824561403509,104,4.0,8.0,184.43311111111112,279.6382000000002,528.07,18,77846,https://osu.ppy.sh/b/1073974
1901787,sweet ARMS,I swear (TV Size),Lasse's Insane,NM,4.89133,-0.16218947136931816,-0.044424974984896004,0.42857142857142855,explore,formula_only,0.3925483212814072,0.11776449638442216,0.028159651681961738,-0.02804743919582805,0.05325596147207997,0.1482413080006042,53.0,0,2,3,1.488175137752326,91.8582,0.2,0.6829745596868885,96,4.5,8.0,80.69282666666666,109.98559999999999,127.425,15,126558,https://osu.ppy.sh/b/1901787
455679,Amamiya Sora,Skyreach (TV size),captin's Insane,NM,5.20314,-0.16238167879842613,-0.16238167879842613,0.2,explore,neither,0.0,0.0,-0.008461796174502415,-0.008164632132938174,0.10500045359920396,0.1470408256313292,66.0,0,1,1,0.2775405841891679,95.0812,0.6,0.7614503816793893,88,4.2,8.0,117.97686000000002,159.0322,164.803,5,39898,https://osu.ppy.sh/b/455679
828527,Rita,Winter Diamond,pkhg's Insane,NM,4.99787,-0.16252118143818928,-0.1566111418294769,0.5348837209302325,supported,formula_only,0.019700132029041195,0.005910039608712358,0.002396185967222589,-0.016541541756551106,0.08801568097317657,0.16381422760062084,59.0,1,1,4,-0.5253257461426278,97.7169,0.6521739130434783,1.0,94,4.0,8.0,254.50845217391307,490.43320000000006,509.111,23,66115,https://osu.ppy.sh/b/828527
4631966,kessoku band,Guitar to Kodoku to Aoi Hoshi (TV Size),Auriga's Expert,NM,5.27014,-0.16265198411101084,-0.14668518280381637,0.4444444444444444,explore,formula_only,0.053222671023981594,0.015966801307194477,0.0057962478030349875,-0.01847468708093688,0.5696910327434511,0.1466007242315555,54.5,0,2,2,0.27521616137297916,95.83330000000001,0.4375,0.8640684410646389,89,3.7,8.8,177.00343125,357.7985,537.588,16,21430,https://osu.ppy.sh/b/4631966
2475907,Tomatsu Haruka,courage (TV Size),Reform's Expert,NM,5.2262,-0.1644692696076943,-0.1644692696076943,0.375,explore,neither,0.0,0.0,-0.0062232128242118954,-0.01017021707871815,-0.021640226621183575,0.15431198147786832,44.5,0,2,3,-0.1874106012305367,96.13374999999999,0.5833333333333334,0.9949596774193548,89,3.8,8.7,173.46265000000002,295.86760000000004,371.319,12,62199,https://osu.ppy.sh/b/2475907
2302027,Ryokuoushoku Shakai,Shout Baby (TV Size),Plus Ultra,NM,5.10645,-0.16612292928209646,-0.16612292928209646,0.7849462365591398,supported,neither,0.0,0.0,-0.018317112753033042,-0.00043410336519128165,-0.13773242656059953,0.1677424369855176,58.0,5,10,16,0.38178380376901044,95.3052,0.4931506849315068,0.8098859315589354,87,4.0,9.0,133.5730602739726,172.422,526.673,73,272052,https://osu.ppy.sh/b/2302027
2030843,Will Stetson,Harumachi Clover (Swing Arrangement),Chanci's Expert,NM,4.84242,-0.1664213136949364,0.10480408253854023,0.84251968503937,high_conf,formula_only,0.9040846541115889,0.27122539623347663,0.05209836912875828,-0.03491502347650227,-0.22700971280038074,0.14820657559920147,61.0,5,12,18,2.0736487620211923,87.00569999999999,0.32710280373831774,0.7636363636363637,28,3.8,9.0,86.9230906542056,115.27220000000003,328.017,107,539937,https://osu.ppy.sh/b/2030843
563669,Qrispy Joybox,licca,Insane,NM,4.97692,-0.16865330242736418,-0.16865330242736418,0.47368421052631576,explore,realized_only,0.0,0.0,-0.026207375593907768,0.005794544044633923,0.09961496308440436,0.1689194300215044,57.0,2,3,5,-0.5237454475503819,97.76935,0.5555555555555556,0.9972477064220184,107,4.0,7.0,198.92762222222223,468.02680000000004,480.064,18,98941,https://osu.ppy.sh/b/563669
1160889,Akiyama Uni,Niiru Renka Chou ~ Ancients,NiNo's Lunatic,NM,5.29145,-0.1697717125620521,-0.1697717125620521,0.25925925925925924,explore,realized_only,0.0,0.0,-0.06829186147787347,0.040068373255832686,-0.07298228567451956,0.16309190183246872,63.0,0,2,2,-0.9337523292896958,99.154,0.7142857142857143,0.9982014388489209,88,4.0,8.0,159.2040142857143,183.13600000000002,187.747,7,23106,https://osu.ppy.sh/b/1160889
3075963,LM.C,BOYS & GIRLS (TV Size),VONGOLA FAMILY,NM,5.18356,-0.17053175442139262,-0.17053175442139262,0.2857142857142857,explore,realized_only,0.0,0.0,-0.05474233631615699,0.02893837350758883,0.02237581264229603,0.24781183783228056,46.5,2,2,2,0.18565103851496212,96.07509999999999,0.5,0.683695652173913,78,4.0,8.8,181.429025,430.1005,455.206,8,21618,https://osu.ppy.sh/b/3075963
398620,u's,Sore wa Bokutachi no Kiseki (TV Size),wkyik's Insane,NM,4.96926,-0.17124483686009345,-0.10786901824121664,0.375,explore,formula_only,0.2112527287295894,0.06337581861887681,0.017299197250209952,-0.024569920203857364,-0.10454591427715501,0.14576160918356726,62.0,0,1,2,0.6130972657979853,94.9574,0.3333333333333333,0.8302658486707566,89,4.0,8.0,97.82552500000001,136.56400000000002,150.1,12,44703,https://osu.ppy.sh/b/398620
1628133,Sleeping With Sirens,Better Off Dead,Another,NM,4.89016,-0.1718269488013637,-0.1654847646248302,0.7183098591549296,supported,formula_only,0.021140613921778392,0.006342184176533518,0.002452729198216194,-0.017341847514538204,-0.10209314097776734,0.14300525353318413,70.0,2,5,7,-0.20488344666380226,96.562,0.6470588235294118,0.9909365558912386,56,3.8,8.5,115.61307647058823,149.823,361.259,51,232254,https://osu.ppy.sh/b/1628133
1586061,Kano,Dear Brave,Extra,NM,5.30087,-0.17212997684336384,-0.17212997684336384,0.7894736842105263,supported,neither,0.0,0.0,-0.012859708652522448,-0.00540147967130312,0.22645259577332438,0.16769172242177025,57.0,5,7,16,-0.11102883493997767,97.50959999999999,0.4666666666666667,0.9858012170385395,92,4.0,8.5,155.466868,196.2656,327.381,75,123795,https://osu.ppy.sh/b/1586061
1926331,AcesToAces,Memory Lane,Reminiscence,NM,4.97597,-0.17481339610859098,-0.17481339610859098,0.3103448275862069,explore,neither,0.0,0.0,-0.0036691960037189813,-0.013135090645673113,-0.46215250081617854,0.15013683533020672,61.0,1,1,1,1.0124305655143229,96.1408,0.1111111111111111,0.4963898916967509,113,5.8,7.5,180.0177,407.40840000000003,460.938,9,139446,https://osu.ppy.sh/b/1926331
5424871,renforshort,hate the way you love me (nightcore & cut ver.),reform's expert,NM,5.06788,-0.17550477006268225,-0.1374855736724095,0.7916666666666666,supported,formula_only,0.12673065463424257,0.03801919639027277,0.011435194705534366,-0.02229797806192274,1.230220691718782,0.15604157863566678,51.0,1,11,22,0.1329146394649462,97.28065000000001,0.39473684210526316,0.8376436781609196,57,3.7,9.0,250.52930789473683,428.59749999999997,479.491,76,50225,https://osu.ppy.sh/b/5424871
5062269,Jack Black,Steve's Lava Chicken (Edit Ver.),It's a Lava Attack!,NM,4.85373,-0.17584846421010358,-0.14619957137604628,0.4117647058823529,explore,formula_only,0.09882964278019105,0.029648892834057312,0.009327783094402067,-0.021317494338176576,0.22143778320674432,0.17840002652256715,43.0,2,2,3,2.361951721157757,86.709,0.21428571428571427,0.6735294117647059,28,4.0,8.8,114.55959285714286,224.2197000000001,320.709,14,68752,https://osu.ppy.sh/b/5062269
898690,fhana,Kimi to Iu Tokuiten [singular you],Linada's Insane,NM,4.98366,-0.17594292726454563,-0.17594292726454563,0.5652173913043478,supported,neither,0.0,0.0,-0.009377048907848346,-0.008569687307903006,-0.43307107609724665,0.13523287689403818,61.0,0,1,3,-0.526566238315443,98.16624999999999,0.6923076923076923,0.9981617647058824,100,3.8,8.0,149.45421153846155,177.6295,377.918,26,100631,https://osu.ppy.sh/b/898690
1084056,TRUSTRICK,Recall THE END (Anime ED Version),You are my reason to Die,NM,5.24778,-0.17661780681557163,-0.17661780681557163,0.23076923076923078,explore,neither,0.0,0.0,-0.004243024967129805,-0.01281981396155618,0.08679762406209814,0.125913862274193,81.0,0,0,1,-0.11555239067659501,97.1566,0.5,0.9254545454545455,89,4.0,8.0,132.07455000000002,177.13299999999998,187.751,6,24676,https://osu.ppy.sh/b/1084056
2394645,yanaginagi,Megumi no Ame (TV Size),reform's expert,NM,5.33441,-0.17820574587930504,-0.17820574587930504,0.801980198019802,high_conf,realized_only,0.0,0.0,-0.022967219244169244,0.0023366066862976253,-0.23010681039830108,0.1805329328855951,55.0,7,14,19,0.09146129589755964,95.5836,0.5061728395061729,0.9633620689655172,85,4.0,8.8,211.1181185185185,435.142,508.774,81,181422,https://osu.ppy.sh/b/2394645
1199897,UVERworld,Itteki no Eikyou (short ver.),Yukirin,NM,4.88209,-0.17934392007351463,-0.17934392007351463,0.3103448275862069,explore,realized_only,0.0,0.0,-0.0412391009811788,0.017161863514556886,-0.11859440466569297,0.16636657210190703,45.0,1,1,2,-0.37626126001208043,96.9674,0.6666666666666666,0.9958847736625515,88,4.0,8.0,117.69227777777779,147.07240000000002,201.81,9,70601,https://osu.ppy.sh/b/1199897
2501757,Kisida,Hartmann no Youkai Shoujo,vikala's Insane,HD,5.37706,-0.17965162884258934,-0.17965162884258934,0.2,explore,realized_only,0.0,0.0,-0.07995519921612342,0.04875375016751427,0.11430411244281984,0.18373929270666492,38.0,0,2,2,-0.4994884114325152,97.631,0.6,0.9929660023446659,120,4.0,8.0,172.9806,203.1054,204.189,5,28412,https://osu.ppy.sh/b/2501757
272291,LiSA,traumerei (TV Size),Insane,NM,4.86089,-0.17967069867882624,-0.17967069867882624,0.5555555555555556,supported,realized_only,0.0,0.0,-0.09164663727091761,0.058300104196819066,-0.6801289698646383,0.18322514974366563,44.0,3,5,10,-0.7701044698067159,98.6434,0.8,0.9980544747081712,81,4.0,8.0,125.71767600000001,167.34040000000002,309.938,25,237048,https://osu.ppy.sh/b/272291
2715639,Eve,Kaikai Kitan (TV Size),Another,NM,5.0979,-0.18013259161215456,-0.18013259161215456,0.2,explore,realized_only,0.0,0.0,-0.052249847019210184,0.026086916030743222,0.04833175619256947,0.20141759061805561,58.0,1,2,2,2.1277492316813076,88.7821,0.2,0.5849056603773585,82,4.0,8.4,77.5805,114.33420000000001,134.711,5,33725,https://osu.ppy.sh/b/2715639
1824271,Cartoon,Whatever I Do (feat. Kostja) (Feint Remix),SquareTude's Broken Freedom,NM,5.32312,-0.18071000902679724,-0.18071000902679724,0.3333333333333333,explore,neither,0.0,0.0,-0.007445831952397055,-0.010551975014107968,0.034128222060097704,0.1459926905798425,60.5,0,1,3,-0.4733025240285361,97.11815000000001,0.7,0.9916201117318435,90,4.0,9.0,179.18039,225.0401999999999,476.07,10,33264,https://osu.ppy.sh/b/1824271
2047632,KISIDA KYODAN & THE AKEBOSI ROCKETS,ANCIENT FLOWER,PHANTASM,NM,5.33401,-0.1820378344398377,0.05112840786814621,0.42857142857142855,explore,formula_only,0.7772208076932797,0.2331662423079839,0.04567874348697517,-0.03423399944202111,0.12487862000235071,0.12770048956569763,74.0,0,0,1,0.554537138554043,97.1691,0.2,0.687964338781575,97,3.8,9.0,185.37686,280.58639999999997,384.46,15,49608,https://osu.ppy.sh/b/2047632
60089,Sound Horizon,Raijin no Hidariude,Insane,HDHR,5.38969,-0.18321978500843394,-0.18321978500843394,0.4444444444444444,explore,realized_only,0.0,0.0,-0.053914402960733764,0.027183932115003237,0.2860776270441494,0.22941879444376231,45.5,2,5,7,-0.6582430532052389,98.5386,0.625,1.0,114,3.0,8.0,266.01018750000003,361.036,437.778,16,96875,https://osu.ppy.sh/b/60089
4289534,C-Show,Rocking to the Beat (Cut Ver.),Kyouren's Insane,NM,4.82809,-0.18356922671313364,-0.18356922671313364,0.2857142857142857,explore,neither,0.0,0.0,-0.005866020312004108,-0.012085141993864063,0.3214691330119014,0.16437715614701098,47.5,0,2,2,0.8141180777236802,94.65815,0.375,0.6825259515570934,101,4.0,8.0,79.894075,104.40447999999999,117.385,8,19859,https://osu.ppy.sh/b/4289534
2180144,Ceui,COLORFUL DAYS!! (Cut Ver.),Precious,NM,5.02715,-0.18357636870574823,-0.18357636870574823,0.2,explore,realized_only,0.0,0.0,-0.04563760925392166,0.02039426955894174,0.014689134974842347,0.1554127558106852,50.0,0,1,1,0.30981954129620765,97.2735,0.4,0.6060070671378092,102,4.2,8.0,99.8224,131.6964,142.138,5,13776,https://osu.ppy.sh/b/2180144
1775840,THE ORAL CIGARETTES,Monster Effect,Naitsirk's Insane,NM,5.01683,-0.18407389120102452,-0.18407389120102452,0.3103448275862069,explore,realized_only,0.0,0.0,-0.02854961649323784,0.006396841606088996,-0.30393163863025185,0.1602513338748176,46.0,0,1,3,-0.44194443908687375,96.8329,0.6666666666666666,0.9947916666666666,92,3.5,7.5,207.58736666666667,433.7774,495.427,9,101781,https://osu.ppy.sh/b/1775840
1678753,Dzeko & Torres,L'Amour Toujours feat. Delaney Jane (Nightcore Mix),I'll fly with you,NM,5.34805,-0.1855756033546371,-0.1855756033546371,0.6153846153846154,supported,realized_only,0.0,0.0,-0.038203936931488575,0.014153552297169079,-0.1528530766336599,0.17773495868459133,49.0,2,5,8,-0.014601654390121,96.4973,0.46875,0.9770114942528736,117,4.5,8.0,230.03735625000002,490.519,552.846,32,98874,https://osu.ppy.sh/b/1678753
1547972,Asaka,SHINY DAYS (TV Size),Meg's Extra,NM,4.89892,-0.18657938330649637,-0.18657938330649637,0.2,explore,realized_only,0.0,0.0,-0.05791307346787353,0.030163984704839206,-0.14035218671059302,0.19657563823397858,35.0,1,1,2,1.7461180109478254,90.9605,0.2,0.5336976320582878,88,4.0,8.0,83.12302,118.94448000000001,140.073,5,94887,https://osu.ppy.sh/b/1547972
158309,Xi,Majotachi no Butoukai ~ Magus,Extra Stage,NM,4.98433,-0.18939788549881909,-0.12212076415847747,0.3103448275862069,explore,formula_only,0.22425707113447202,0.0672771213403416,0.01742944964639183,-0.02588748385776432,-0.40572154569941,0.11945863164669568,79.0,0,0,0,-0.6074426041428609,97.551,0.7777777777777778,1.0,91,5.0,8.0,266.38201111111107,480.4088,487.272,9,149326,https://osu.ppy.sh/b/158309
2946768,ReoNa,Nai Nai (TV Size),Morph,NM,4.92792,-0.19084477275928677,-0.19084477275928677,0.2857142857142857,explore,neither,0.0,0.0,-0.014879869953321486,-0.005342172592064567,0.06894466647166593,0.16920511262430962,36.5,0,0,3,2.5422233378960275,88.54480000000001,0.0,0.48412698412698413,88,4.0,8.0,67.533325,73.62641,82.5911,8,51773,https://osu.ppy.sh/b/2946768
2221476,Spira Spica,Koi wa Miracle (TV Size),Extra,NM,4.92983,-0.19198643406850993,-0.19198643406850993,0.2857142857142857,explore,realized_only,0.0,0.0,-0.03887433192743409,0.014156212228954839,0.11196230801856384,0.1713526854526112,55.0,1,2,2,-0.23383624411368845,97.7543,0.5,0.963768115942029,59,4.0,8.0,141.4748625,208.73719999999997,327.691,8,26091,https://osu.ppy.sh/b/2221476
5391259,Marina and the Diamonds,How to Be a Heartbreaker (Nightcore & Cut Ver.),Laydau's Another,NM,4.81328,-0.19263739651010536,0.12351324136769698,0.6226415094339622,supported,formula_only,1.0538354595926744,0.31615063787780234,0.05691191417538565,-0.03725606512053748,1.1245441710416264,0.1484845690581234,72.0,1,3,8,0.8707300188499544,95.27839999999999,0.3333333333333333,0.55,52,4.0,9.0,179.8371787878788,371.425,453.201,33,30058,https://osu.ppy.sh/b/5391259
4572660,hitorie,On the Frontline (TV Size),Insane,NM,4.95347,-0.1927336291038847,-0.1927336291038847,0.2857142857142857,explore,realized_only,0.0,0.0,-0.07336551766376194,0.04226041567627058,0.26850671135395937,0.16341366449798714,46.0,0,1,3,-0.7330163325932517,96.96235,0.875,0.997907949790795,72,3.8,8.0,197.91502499999999,443.0447,472.465,8,29196,https://osu.ppy.sh/b/4572660
1941089,Iguchi Yuka,Hey World (TV Size),Taeyang's Expert,NM,5.13062,-0.1942229383745722,-0.1942229383745722,0.5454545454545454,supported,realized_only,0.0,0.0,-0.02289441230845244,0.0009159193670262543,0.22913047996760355,0.13817925684261886,62.5,0,1,2,-0.349581929391621,97.2133,0.625,0.9967741935483871,85,4.1,8.5,175.87406666666666,377.0336,541.843,24,51813,https://osu.ppy.sh/b/1941089
1969635,Getter Jaani,Rockefeller Street (Nightcore Mix),Dakini's Insane,NM,4.80002,-0.19552982603873473,-0.07411244752615365,0.797979797979798,supported,formula_only,0.404724595041937,0.12141737851258108,0.027278857960765734,-0.029851130426924583,0.35365641096413597,0.1492975230926063,68.0,3,8,12,1.01948097729646,94.0183,0.3291139240506329,0.603448275862069,94,3.8,8.6,97.89103670886075,138.3578,417.282,79,297045,https://osu.ppy.sh/b/1969635
2151911,Aqours,"Bouken Type A, B, C!!",SMOKELIND's Expert,NM,5.16431,-0.19620960696935144,-0.19620960696935144,0.3103448275862069,explore,realized_only,0.0,0.0,-0.045642827881251825,0.019324889814271582,-0.009816656321140349,0.1475864400905229,55.0,0,1,2,-0.6659165166399843,98.125,0.7777777777777778,1.0,96,3.7,9.0,171.15856666666667,225.3694,356.811,9,30105,https://osu.ppy.sh/b/2151911
1841480,ClariS,border (TV Size),Expert,NM,4.97766,-0.19742683715254228,-0.19742683715254228,0.47368421052631576,explore,neither,0.0,0.0,-0.01682073566993454,-0.004316517537487635,0.21739968422014483,0.15161409570792117,63.0,0,3,5,0.044826609257713854,97.6048,0.4444444444444444,0.8165322580645161,88,3.8,8.5,142.97612222222222,222.65590000000014,447.967,18,52029,https://osu.ppy.sh/b/1841480
2256636,Ceui,Rainbow Days,After Rain,NM,4.98034,-0.19803281501270414,-0.19803281501270414,0.2,explore,realized_only,0.0,0.0,-0.038016752781663755,0.012942003864479013,-0.11313586861799098,0.14147728603405818,67.0,0,0,1,-1.019893064900082,98.3887,0.8,1.0,97,4.0,8.0,247.07840000000002,409.9936,427.522,5,20448,https://osu.ppy.sh/b/2256636
4755170,Yanami Anna (CV: Toono Hikaru),LOVE 2000 (TV Size),Insane,NM,4.94052,-0.1987123430247374,0.47019086712111813,0.25925925925925924,explore,formula_only,2.229677367152852,0.6689032101458555,0.10149288501254342,-0.04420117322413844,0.15916498817141367,0.12910135202963757,73.0,0,0,1,1.9617998664898575,91.6831,0.14285714285714285,0.24893617021276596,95,4.0,8.5,83.66647142857143,151.8028,154.732,7,23415,https://osu.ppy.sh/b/4755170
1648606,TrySail,Honto da yo,Asaiga's Insane,NM,4.8844,-0.19979323460625723,-0.17826959147430246,0.23076923076923078,explore,formula_only,0.07174547710651587,0.021523643131954758,0.006613621603068688,-0.021826422315716375,-0.06109059100943315,0.14850022964156243,79.5,1,1,1,-0.31145661055281687,96.20830000000001,0.6666666666666666,0.9990059642147118,90,4.0,8.0,181.06811666666667,347.6155,367.85,6,53334,https://osu.ppy.sh/b/1648606
1300413,Celldweller,Weaponized,AWM,NM,4.93694,-0.20053593122324126,0.22943914134975874,0.48717948717948717,explore,formula_only,1.43325024191,0.429975072573,0.07161881355594885,-0.04026449632915814,-0.8062374853600421,0.14922687695488712,61.0,0,3,4,0.8311942128856262,91.84400000000001,0.47368421052631576,0.9788135593220338,58,5.1,8.6,96.99481578947368,140.84499999999997,162.88,19,246321,https://osu.ppy.sh/b/1300413
1017530,saradisk,210 - Maikaze,Destroyer,NM,5.28488,-0.20059340542799142,-0.20059340542799142,0.4117647058823529,explore,neither,0.0,0.0,-0.02222198340695522,-0.0001746260963187054,-0.17543676100600236,0.14330010717938294,49.0,0,0,1,-0.37990254560996284,98.35679999999999,0.5714285714285714,0.9313725490196079,59,4.5,8.5,174.43155714285714,260.55690000000004,358.535,14,81585,https://osu.ppy.sh/b/1017530
1901789,sweet ARMS,I swear (TV Size),Yasai's Extra,NM,5.21657,-0.2007276790024145,-0.2007276790024145,0.6078431372549019,supported,realized_only,0.0,0.0,-0.03512896394037925,0.010354626877272056,-0.1864005759647545,0.15895871879670964,53.0,1,2,4,0.30022041191067006,97.2381,0.3225806451612903,0.7552581261950286,96,4.0,8.3,145.13005806451613,181.977,448.478,31,130320,https://osu.ppy.sh/b/1901789
1620060,Aya Hirano,Hare Hare Yukai,Throwback Dance!,NM,4.82005,-0.20155931775074767,-0.20155931775074767,0.3333333333333333,explore,realized_only,0.0,0.0,-0.039527971357816626,0.013876459959220483,-0.212626046678777,0.18104061068147487,60.5,1,2,2,-0.7415908750020962,98.57140000000001,0.7,0.9986301369863013,63,4.0,7.0,137.94396,166.1100999999999,403.252,10,79056,https://osu.ppy.sh/b/1620060
3206756,MY FIRST STORY,Kaikai Kitan (Cut Ver.),Insane,NM,4.88883,-0.20190554795743146,-0.20190554795743146,0.2,explore,realized_only,0.0,0.0,-0.029800948914843445,0.0059033279318954825,0.30339559839282876,0.24323225077118535,52.0,1,1,1,0.2605620538067709,95.9938,0.4,0.8591836734693877,84,4.0,8.0,132.94688000000002,226.668,295.464,5,14259,https://osu.ppy.sh/b/3206756
3366802,MY FIRST STORY,Kaikai Kitan (Cut Ver.),Expert,NM,5.39552,-0.20310104259360146,-0.17439939417944733,0.2857142857142857,explore,formula_only,0.09567216138051376,0.028701648414154127,0.008388543197804299,-0.02294702608883413,0.02682520251620031,0.13371725229835724,59.5,0,0,0,0.16573425892032337,95.2947,0.5,0.9759152215799615,84,4.0,8.7,131.758875,194.9439,197.102,8,13826,https://osu.ppy.sh/b/3366802
1093245,RADWIMPS,Zen Zen Zense (movie ver.),Sotarks' Insane,NM,5.13049,-0.20331916372081074,-0.20331916372081074,0.9322033898305084,high_conf,neither,0.0,0.0,-0.013650455923550868,-0.007406332470957988,-0.10602896682491918,0.16599500900146197,54.0,15,42,68,0.29891181212638523,96.2963,0.4290909090909091,0.7838660578386606,107,3.8,8.5,120.78410799999999,174.8968,480.292,275,982905,https://osu.ppy.sh/b/1093245
2753344,YOASOBI,Kaibutsu (TV Size),Keqing's Insane,NM,4.84337,-0.20471594082902433,-0.16983123154977436,0.3103448275862069,explore,formula_only,0.11628236426416652,0.034884709279249956,0.009849983065526199,-0.023752303763772027,0.10565718515268899,0.14523355606180954,52.0,0,0,2,0.5266593975907287,94.7983,0.4444444444444444,0.6320346320346321,86,4.0,8.0,153.3084111111111,409.067,430.275,9,26870,https://osu.ppy.sh/b/2753344
2952284,DIALOGUE+,Omoide Shiritori (TV Size),Akitoshi's Expert,NM,4.97706,-0.2052597473209928,-0.2052597473209928,0.6774193548387096,supported,realized_only,0.0,0.0,-0.026850293735273915,0.003208576357179262,0.07769012422770137,0.1710605766259437,57.0,4,6,9,-0.39990118885946163,96.88125,0.6904761904761905,0.9947589098532494,86,4.0,8.3,163.96088333333333,352.561,481.747,42,82985,https://osu.ppy.sh/b/2952284
365446,Tsuda Minami & Ookubo Rumi,Girl's Power de (TV Size),Insane,NM,5.26179,-0.20559232414510498,-0.20559232414510498,0.375,explore,realized_only,0.0,0.0,-0.0811325691108076,0.04751068357302463,-0.1813716931717786,0.25302400091812477,47.0,2,4,5,-0.39743140769583835,97.6449,0.5833333333333334,0.9972426470588236,92,4.0,8.0,150.3232,207.2809,248.597,12,61658,https://osu.ppy.sh/b/365446
2140745,U,little my star,Eternal Worm Attack,NM,5.32851,-0.20587246980848328,-0.20587246980848328,0.6363636363636364,supported,neither,0.0,0.0,-0.0019125341745108281,-0.01720926261256879,0.02739697520039477,0.14242184199626926,66.0,0,1,7,-0.3366873901281129,98.39139999999999,0.45714285714285713,0.9695885509838998,103,4.0,9.0,285.60456,469.0476,534.658,35,47079,https://osu.ppy.sh/b/2140745
1839532,Yasuda Rei,blooming (TV Size),Extra,NM,5.28619,-0.20778800230220362,-0.20778800230220362,0.25925925925925924,explore,realized_only,0.0,0.0,-0.0510215380363939,0.0227334926062319,0.08676395892597023,0.14814709226019682,57.0,0,1,2,-1.0038174859228572,98.21029999999999,0.7142857142857143,0.9956616052060737,85,4.0,8.5,201.878,316.8050000000001,493.592,7,19521,https://osu.ppy.sh/b/1839532
4345774,Sasuke Haraguchi feat. Kasane Teto,HITO Mania,Extra,NM,5.39261,-0.20895100314426526,-0.20895100314426526,0.23076923076923078,explore,neither,0.0,0.0,-0.016982321975053484,-0.005163942433037911,0.2543089370656118,0.16086082967786577,38.0,0,1,1,1.405384347895988,93.2159,0.16666666666666666,0.55320813771518,104,3.0,8.3,144.40726666666666,274.16999999999996,388.515,6,43976,https://osu.ppy.sh/b/4345774
1128261,Tristam & Braken,Frame of Mind,FCL's Another,NM,5.20939,-0.21266713043234273,-0.09833083238492957,0.6,supported,formula_only,0.38112099349137724,0.11433629804741316,0.02530773921069699,-0.030299599682483462,-0.22056885953564065,0.15062022188875723,55.0,1,2,8,0.643187706861754,95.267,0.4,0.6589648798521257,97,4.3,8.0,131.50626,180.1832,377.625,30,119302,https://osu.ppy.sh/b/1128261
2975356,Wisin & Yandel,Rakata (Cut Ver.),wafer's Extreme,NM,4.99809,-0.21340409385841014,-0.09485315983902176,0.5454545454545454,supported,formula_only,0.395169780064628,0.11855093401938839,0.026005332927548683,-0.030573747632428983,0.21919166083186478,0.1363304390427217,60.5,0,1,1,-0.12004008996943479,97.2036,0.4583333333333333,0.860759493670886,90,4.0,9.0,219.3735333333333,415.6765,458.613,24,38021,https://osu.ppy.sh/b/2975356
1276292,RADWIMPS,Yume Tourou,Insane: Taki,NM,4.99919,-0.2160946770512532,-0.2160946770512532,0.6153846153846154,supported,neither,0.0,0.0,-0.0007525093772598451,-0.0190253519372826,0.08314092131175914,0.16525378856776501,64.0,2,4,6,0.7890089980998525,94.78155,0.375,0.6380718954248366,101,4.0,8.0,107.915090625,152.4582,321.144,32,130738,https://osu.ppy.sh/b/1276292
1444591,Aqours,Yuuki wa Doko ni? Kimi no Mune ni! (TV Size),Owens' Extra,NM,5.18907,-0.2161343313252344,-0.2161343313252344,0.42857142857142855,explore,neither,0.0,0.0,-0.02163668347476392,-0.001973372176113231,-0.06176235410369444,0.13305476646849757,67.0,0,1,1,0.3900337809392946,96.1202,0.3333333333333333,0.7476851851851852,77,4.2,8.0,158.38725333333332,299.8853999999999,411.385,15,43479,https://osu.ppy.sh/b/1444591
2943109,"Sub Focus, Dimension",Desire (Cut Ver.),All Of Your Desire,NM,5.28679,-0.21680616108066408,-0.21680616108066408,0.5918367346938775,supported,neither,0.0,0.0,-0.019727136044034838,-0.00358992627525645,0.3903438898319998,0.16242849078130256,50.0,2,4,6,0.28045789733334575,96.658,0.3793103448275862,0.7082494969818913,89,4.2,8.6,174.01482413793104,438.4307999999999,497.136,29,35464,https://osu.ppy.sh/b/2943109
1715312,Chata,Boku no Tonari de Koi o Shite!,Silky's Insane,NM,4.92459,-0.21687805094360452,-0.21687805094360452,0.3939393939393939,explore,realized_only,0.0,0.0,-0.0640735857225765,0.03262010598298442,0.14770378359610795,0.17004837848191345,47.0,1,2,2,-0.8792104457555394,98.9142,0.6923076923076923,0.9956331877729258,86,4.0,8.0,155.70386153846155,156.859,435.439,13,37935,https://osu.ppy.sh/b/1715312
983680,Ayase Rie,Yuima-ru*World TVver.,Extra,NM,4.93902,-0.2185437263805755,-0.1170805078715654,0.9227799227799228,high_conf,formula_only,0.33821072836336696,0.10146321850901009,0.022800236191228118,-0.029845262500732078,-1.247422980080989,0.1545867488241324,62.0,12,26,44,-0.05463314344494573,96.2547,0.5523012552301255,0.9916317991631799,42,4.0,8.7,175.21872552301255,372.341,450.511,239,1500855,https://osu.ppy.sh/b/983680
2753521,YOASOBI,Kaibutsu (TV Size),Love,NM,4.88468,-0.2193021590958755,-0.2193021590958755,0.574468085106383,supported,realized_only,0.0,0.0,-0.035019794393678215,0.008686911256762327,-0.13116203370286572,0.18855198613314453,59.0,4,6,8,0.3738032773952042,94.5513,0.5185185185185185,0.8482905982905983,86,5.0,8.5,112.21112222222222,176.5482,355.568,27,189991,https://osu.ppy.sh/b/2753521
1829947,Kawanishi Yuuko,Jinsei -Yumeiro-,Sky Goddess,NM,4.93599,-0.22087451174460948,0.09387294598782531,0.23076923076923078,explore,formula_only,1.0491581924414493,0.3147474577324348,0.05510996855708691,-0.03830347553388879,0.007132378162714868,0.12660440518301266,74.5,0,0,1,0.17513211779985877,96.06354999999999,0.5,0.8514018691588785,93,4.0,9.0,110.70776666666666,142.57150000000001,147.82,6,26361,https://osu.ppy.sh/b/1829947
3555216,xi,Blue Zenith (Cut Ver.),Kowari's Another,NM,4.98974,-0.2222349532862266,-0.16924738888136312,0.2,explore,formula_only,0.1766252146828783,0.05298756440486349,0.01337080495370764,-0.02657801354452205,0.32004128071341925,0.13559991434745094,50.0,0,0,1,0.9866702683261925,95.2786,0.2,0.5867924528301887,83,4.0,8.0,95.95894000000001,111.3032,112.634,5,47963,https://osu.ppy.sh/b/3555216
1414507,ClariS,SHIORI -TV size mix-,NiNo's Insane,NM,4.99845,-0.22387225182342554,-0.22387225182342554,0.8648648648648649,high_conf,realized_only,0.0,0.0,-0.041773249771733245,0.013813822605474016,-0.38358588697189583,0.17592229946905183,54.0,7,26,38,-0.07943190812913012,96.7359,0.515625,0.9958071278825996,88,4.0,8.0,136.44584375,189.01379999999997,445.469,128,587349,https://osu.ppy.sh/b/1414507
3895616,ThxSoMch,SPIT IN MY FACE!,wafer's extra,NM,5.10666,-0.22474621906188588,-0.22474621906188588,0.2857142857142857,explore,realized_only,0.0,0.0,-0.03111926674146715,0.005038825409864058,0.05871252649611542,0.15616857640833756,48.5,0,1,3,0.45352611659999764,97.0988,0.25,0.6086175942549372,110,4.0,8.0,149.5300875,251.56629999999996,478.591,8,37313,https://osu.ppy.sh/b/3895616
496762,SawanoHiroyuki[nZk]:mizuki,aLIEz (TV size),captin's Extra,NM,5.20827,-0.22653818173014434,-0.22653818173014434,0.5121951219512195,supported,neither,0.0,0.0,-0.017313944336499264,-0.0063877729653284195,-0.36427415715183886,0.14635463183187425,63.0,1,2,4,0.48497605230507906,96.2766,0.2857142857142857,0.7839116719242902,97,4.2,8.0,128.0566380952381,164.804,345.255,21,109804,https://osu.ppy.sh/b/496762
4677112,Shika-bu,Shikairo Days (TV Size),Laurier's Insane,NM,4.80778,-0.22690341475537268,-0.22690341475537268,0.25925925925925924,explore,realized_only,0.0,0.0,-0.042574268466776116,0.014210380821667645,0.469899269955722,0.18681227625105332,52.0,1,1,1,-0.11857704846136947,98.03920000000001,0.42857142857142855,0.8723809523809524,87,4.0,7.5,129.64194285714285,201.90360000000007,310.032,7,14932,https://osu.ppy.sh/b/4677112
5132065,voira,break/apart,another,HD,5.11361,-0.22732070792643488,-0.22732070792643488,0.25925925925925924,explore,neither,0.0,0.0,-0.016441180355603525,-0.007167031100190959,0.4475877434206026,0.14664944994091483,65.0,0,1,1,-0.7248596124247277,97.8096,0.8571428571428571,0.9985228951255539,108,4.0,8.4,146.70078571428573,206.64520000000002,229.435,7,10061,https://osu.ppy.sh/b/5132065
2099575,CHiCO with HoneyWorks,Otome-domo yo. (TV Size),Haruto's Confession.,NM,5.02355,-0.22874884261041406,-0.22874884261041406,0.25925925925925924,explore,neither,0.0,0.0,-0.014105658576720482,-0.009195737970793332,0.20149684321968955,0.1372395107148105,59.0,0,0,0,2.257347446340064,89.0947,0.14285714285714285,0.4532520325203252,88,4.4,8.3,79.28077142857144,122.7548,128.198,7,39645,https://osu.ppy.sh/b/2099575
1122817,Swimy,Acchi Muite,Insane,NM,5.13849,-0.2305137827443533,-0.2305137827443533,0.6610169491525424,supported,realized_only,0.0,0.0,-0.08190865098465538,0.04602651986640204,-0.373039493955414,0.22358547355503156,38.0,6,10,16,0.006995058515336088,97.3019,0.46153846153846156,0.831275720164609,87,4.0,7.5,124.08562307692307,161.24760000000003,216.09,39,171331,https://osu.ppy.sh/b/1122817
5187911,Lil Texas,Die Young,EXPERT,NM,5.37182,-0.2333259475996836,-0.2333259475996836,0.5833333333333334,supported,neither,0.0,0.0,-0.021938524411506517,-0.0031879070746738437,1.1869509079021716,0.210150355565594,52.5,3,5,10,2.2237651792409254,89.6322,0.21428571428571427,0.2995689655172414,103,4.0,8.5,101.40514642857144,164.95620000000002,463.028,28,86169,https://osu.ppy.sh/b/5187911
2820474,MY FIRST STORY,LEADER (TV Size),Aerous' Extra,NM,5.3303,-0.23333937660093856,-0.23333937660093856,0.2857142857142857,explore,realized_only,0.0,0.0,-0.05954472612178714,0.02752257672373845,0.08470058609871776,0.1839298828897165,40.5,1,2,3,-0.17370768557420338,96.5535,0.625,0.9956896551724138,77,4.0,8.0,147.456875,174.53289999999998,177.153,8,33757,https://osu.ppy.sh/b/2820474
4633100,Krewella,Say Goodbye (Nightcore & Cut Ver.),Another,NM,4.86624,-0.23663246337648575,-0.23663246337648575,0.8581560283687943,high_conf,neither,0.0,0.0,-0.017218580579152536,-0.00732352030159312,1.2214813893906553,0.1858579257629378,56.0,12,24,33,0.5718877749530101,95.9967,0.371900826446281,0.6384839650145773,64,4.0,8.7,159.02495537190083,321.663,416.245,121,153098,https://osu.ppy.sh/b/4633100
2378562,ASIAN KUNG-FU GENERATION,After Dark (TV Size),Agatsu's Extra,NM,5.15357,-0.23703084882620098,-0.23703084882620098,0.42857142857142855,explore,realized_only,0.0,0.0,-0.042403218033747456,0.013210005440100486,0.2615840324846539,0.1713733194545055,60.0,1,3,4,0.14136321468983054,97.62610000000001,0.26666666666666666,0.794921875,88,4.0,8.8,146.01499333333334,206.39339999999999,372.414,15,29911,https://osu.ppy.sh/b/2378562
483375,ensou ft. GUMI,COMA,Atm's Insane,NM,5.07501,-0.2370882977117784,-0.2370882977117784,0.42857142857142855,explore,neither,0.0,0.0,-0.019972373268206528,-0.005113336683901449,-0.6009406018396913,0.16362572746088994,67.0,2,2,3,-0.24215248278090407,97.6464,0.5333333333333333,0.9982847341337907,97,4.0,8.0,133.94261333333333,168.4238,176.161,15,208278,https://osu.ppy.sh/b/483375
1899714,hanser,No title,Reform's Expert,HR,5.31851,-0.23709327657316576,-0.23709327657316576,0.2,explore,realized_only,0.0,0.0,-0.02686317021351778,0.000513704874102433,0.30063930794285393,0.17173801260666016,66.0,1,1,1,-0.28267695730830233,97.1729,0.6,1.0,68,3.5,9.0,192.10060000000001,254.86380000000003,273.605,5,23427,https://osu.ppy.sh/b/1899714
1832259,mimimemeMIMI,CANDY MAGIC (TV Size),A r M i N's Extra,NM,5.04872,-0.2391921906890899,-0.06613879655668514,0.4594594594594595,explore,formula_only,0.5768446471080159,0.17305339413240475,0.03371200040270027,-0.0344272008088419,-0.2371210909960272,0.12231958160555972,81.0,0,0,0,-0.3627802269600148,97.19529999999999,0.6470588235294118,1.0,85,3.8,8.7,218.7351411764706,416.66040000000004,438.23,17,41625,https://osu.ppy.sh/b/1832259
2517929,KANA-BOON,Silhouette (TV Size),Extra,NM,5.11166,-0.24045210531286687,-0.24045210531286687,0.2,explore,realized_only,0.0,0.0,-0.0627554313314971,0.02954016502091153,-0.20409439640061047,0.163608356551825,39.0,0,0,2,-0.21675496982799514,96.27329999999999,0.6,0.9918200408997955,87,4.0,8.5,168.46154,283.5826,388.923,5,35340,https://osu.ppy.sh/b/2517929
1331340,fourfolium,STEP by STEP UP,Extra,NM,5.23145,-0.24059088480905796,-0.24059088480905796,0.574468085106383,supported,neither,0.0,0.0,-0.006471125240376024,-0.01643698672075912,0.15606913086421112,0.16952462664959567,51.0,3,6,7,0.9091141061451387,94.58330000000001,0.3333333333333333,0.6326530612244898,86,4.0,8.5,166.31562592592593,423.8824,499.781,27,67842,https://osu.ppy.sh/b/1331340
3940958,THE ORAL CIGARETTES,Miss Tail (Cut Ver.),Farewell,NM,5.28441,-0.24130357926297338,-0.24130357926297338,0.375,explore,neither,0.0,0.0,-0.025440171947173816,-0.0010062208787583148,0.07808656479687527,0.14786031810163572,54.5,0,1,2,-0.07118866655966237,95.8086,0.6666666666666666,0.8747628083491461,82,4.0,8.4,173.91340833333334,393.60800000000006,519.282,12,33871,https://osu.ppy.sh/b/3940958
600101,sweet ARMS,Blade of Hope,Insane,NM,4.85302,-0.24204152344566765,-0.24204152344566765,0.375,explore,realized_only,0.0,0.0,-0.07203960157174773,0.03698713369690391,-0.34598258999762627,0.18425791844923697,38.5,1,2,2,-0.4703567269963098,97.3668,0.6666666666666666,0.9929906542056075,87,4.0,7.5,117.92108333333334,121.619,351.073,12,125828,https://osu.ppy.sh/b/600101
1823248,ONE OK ROCK,Clock Strikes,Kibb's Insane,NM,4.92584,-0.24252682677096893,-0.24252682677096893,0.2,explore,neither,0.0,0.0,-0.025856476966016985,-0.0007701978801709329,-0.09981112924262761,0.14029070095346824,65.0,0,0,1,1.956046705938243,92.0408,0.0,0.45542168674698796,72,4.0,7.0,71.15416,101.64008,109.858,5,56511,https://osu.ppy.sh/b/1823248
497555,SawanoHiroyuki[nZk]:mizuki,aLIEz (TV size),Insane,NM,4.95347,-0.2430632405248586,-0.2430632405248586,0.6078431372549019,supported,realized_only,0.0,0.0,-0.045292255030370925,0.015056711881181486,-0.472255559943583,0.15630447652368043,58.0,1,4,5,-0.243556527589869,97.8082,0.5161290322580645,0.8900900900900901,97,4.0,8.0,138.7382677419355,163.577,427.668,31,124549,https://osu.ppy.sh/b/497555
677126,AKINO from bless4,Just Moving On Now,Insane,NM,5.00414,-0.2436441715852533,-0.2436441715852533,0.3548387096774194,explore,neither,0.0,0.0,-0.021232874009774652,-0.004641085288473628,-0.5043652072565129,0.14384906395346145,68.0,0,1,1,-0.4768386841663324,97.8682,0.6363636363636364,0.8944444444444445,86,4.0,8.0,153.05832727272727,199.466,454.444,11,91821,https://osu.ppy.sh/b/677126
4014539,Nakiri Ayame,Cat Loving,Nakirium,NM,5.06029,-0.2441052787879688,-0.02091323505139947,0.2,explore,formula_only,0.7439734791218978,0.22319204373656934,0.040984512304306164,-0.03652288299438492,0.060104072950440776,0.12643086068663262,74.0,0,0,0,1.808510655829115,92.6667,0.0,0.42543859649122806,113,3.0,8.0,136.7731,282.87404000000004,408.399,5,44892,https://osu.ppy.sh/b/4014539
4845197,"25-ji, Nightcord de. x KAITO",BAKENOHANA,Insane,NM,5.01931,-0.24607414538749472,-0.24607414538749472,0.3333333333333333,explore,neither,0.0,0.0,-0.016693154334314286,-0.00855502263754374,0.5254928052119611,0.16191800904255052,63.5,1,1,3,1.5077688153356161,93.8993,0.1,0.44542772861356933,114,4.0,8.0,80.77801,114.2075,124.796,10,12294,https://osu.ppy.sh/b/4845197
1127768,AKINO with bless4,Yuki no Youni,Linada's Extra,NM,5.36738,-0.2468055081525443,-0.2468055081525443,0.4117647058823529,explore,neither,0.0,0.0,-0.005718566271495565,-0.017579727062655773,-0.014475910149181289,0.1303416668788667,66.0,0,0,1,-0.6386316005808711,98.6972,0.6428571428571429,0.9970472440944882,93,3.8,8.5,200.07785714285714,218.6835,517.545,14,43816,https://osu.ppy.sh/b/1127768
315907,paraoka,petal-go-round,Insane,NM,4.93105,-0.24760071914052081,-0.24760071914052081,0.2,explore,realized_only,0.0,0.0,-0.043441912064385774,0.013159983967535377,-0.1568526600489843,0.1527218266847497,69.0,0,1,1,-0.4775260257356436,98.538,1.0,1.0,89,4.0,8.0,242.158,407.0862,452.649,5,39563,https://osu.ppy.sh/b/315907
2163449,PORNOFIL'MY,Kto Vse Eti Lyudi?,Collab Another?,NM,5.26908,-0.24800121788769064,-0.24800121788769064,0.5,supported,realized_only,0.0,0.0,-0.059500577605945404,0.026240478850283112,-0.011690192475221307,0.16414483923662995,51.5,0,5,5,-0.702464977803871,98.1982,0.8,0.9971537001897532,83,4.2,8.1,147.17086999999998,179.6192,197.293,20,91053,https://osu.ppy.sh/b/2163449
2357304,LeaF,Mopemope,NiNo's Insane,NM,4.88178,-0.24967264730074282,-0.24967264730074282,0.23076923076923078,explore,neither,0.0,0.0,-0.017893196612756526,-0.007880811856047954,0.022343190823053416,0.14077554785053537,74.0,0,0,1,1.3308647852391216,93.03535,0.3333333333333333,0.41287878787878785,108,4.5,8.0,76.46816666666666,111.90870000000001,142.346,6,98091,https://osu.ppy.sh/b/2357304
2102292,Parry Gripp,Guinea Pig Bridge,Reform's Expert,NM,4.95369,-0.24986712583819964,-0.24986712583819964,0.9764705882352941,high_conf,realized_only,0.0,0.0,-0.0376382697179031,0.00822774750362269,-0.2682861133156986,0.17754207638222605,50.0,65,150,236,-0.2255272086900305,96.2963,0.6807228915662651,1.0,37,3.5,8.7,229.34642819277107,395.63410000000005,565.954,830,1359189,https://osu.ppy.sh/b/2102292
2031162,Linked Horizon,Shoukei to Shikabane no Michi (TV Size),Syph's Insane,NM,5.16103,-0.2507586276453253,-0.21334530829705778,0.3333333333333333,explore,formula_only,0.1247110644942251,0.037413319348267526,0.00929442055560616,-0.026996659931114782,0.030752358170200587,0.15198643489485036,72.5,0,2,2,1.0966380922904413,93.2613,0.4,0.5614035087719298,83,4.0,8.2,95.85243,128.0643,136.608,10,61704,https://osu.ppy.sh/b/2031162
678306,Nanamori-chu * Goraku-bu,Yuru Yurinrinrinrinrin,Summer Vacation,NM,5.19518,-0.2518096805282656,-0.2518096805282656,0.5454545454545454,supported,realized_only,0.0,0.0,-0.04501228632072799,0.01408475130253286,-0.1300410482414841,0.150082568773542,59.5,1,3,3,-0.825432482324207,98.97229999999999,0.625,0.9971264367816092,94,4.0,8.0,201.7739875,278.1683,485.625,24,74090,https://osu.ppy.sh/b/678306
731556,Nanamori-chu * Goraku-bu,My Pace de Ikimashou,bread's Insane,NM,4.80384,-0.2519870067073009,-0.2519870067073009,0.4117647058823529,explore,realized_only,0.0,0.0,-0.09562104348210168,0.055400023078074616,-0.10988948756156462,0.22128460483873855,30.0,3,5,8,-1.0321626696408277,98.94399999999999,0.7142857142857143,0.9990138067061144,87,4.0,7.0,131.14013571428572,134.8617,391.54,14,64872,https://osu.ppy.sh/b/731556
847946,Narae,Horang Pungryuga,Insane,NM,4.98391,-0.25225230333349175,-0.25225230333349175,0.5454545454545454,supported,realized_only,0.0,0.0,-0.05941292815508667,0.02580761824639427,0.010456660991986368,0.1923010374396337,48.5,3,4,6,0.2552035401099589,95.5704,0.5416666666666666,0.7700892857142857,108,4.0,8.0,145.80479583333332,315.83659999999986,655.569,24,52937,https://osu.ppy.sh/b/847946
1786749,Chino (CV: Minase Inori),Okashi na Yume o Ohitotsu Douzo,Insane,HD,4.84574,-0.2542281177632969,-0.2542281177632969,0.2,explore,neither,0.0,0.0,-0.017788064738439885,-0.008353818024718003,-0.010633063046885133,0.13423532788908693,70.0,0,0,1,-0.3711075421347018,97.41959999999999,0.6,0.9926470588235294,97,3.7,8.0,122.26302000000001,155.7042,168.253,5,50454,https://osu.ppy.sh/b/1786749
5395688,renforshort,hate the way you love me (nightcore & cut ver.),fujinn's expert,NM,5.01579,-0.25482692138655694,-0.025993739253001635,0.6666666666666666,supported,formula_only,0.7627772737785177,0.2288331821335553,0.04126950974180478,-0.037187399100079906,0.9824593878772038,0.14825819791421457,57.5,1,4,9,0.5967349812383422,96.4873,0.275,0.6816860465116279,57,3.6,8.8,166.4109975,346.6601,383.588,40,44521,https://osu.ppy.sh/b/5395688
1427838,Sakurakou K-ON Bu,Cagayake!GIRLS[5nin Ver.] (TV size Ver.),Yui,NM,5.17924,-0.2555968068657421,-0.10186848512927593,0.375,explore,formula_only,0.5124277391215539,0.15372832173646617,0.029966653322887095,-0.03440501542613612,0.05895229036107066,0.1567829747424758,66.5,1,1,2,0.9756533335850918,94.99885,0.16666666666666666,0.6725352112676056,88,4.0,8.0,126.44144999999999,152.48280000000003,424.423,12,83304,https://osu.ppy.sh/b/1427838
4425511,t+pazolite feat. Kabocha,OPENING,INSANEYEAH!!!!,NM,5.08855,-0.25602682323462567,-0.0812369165269003,0.2,explore,formula_only,0.5826330223590845,0.17478990670772535,0.033208897499427195,-0.035299455583442385,-0.03609871916527682,0.14048931770998924,66.0,0,0,0,0.696773076883699,91.3333,0.6,0.9964664310954063,42,4.0,9.0,159.87754,291.7188,391.906,5,11250,https://osu.ppy.sh/b/4425511
1581349,Takagi-san (CV: Rie Takahashi),Chiisana Koi no Uta,Affection,NM,4.89314,-0.2568403841198716,-0.2568403841198716,0.4117647058823529,explore,realized_only,0.0,0.0,-0.055841469918322506,0.022501017278992085,-0.5219027763679305,0.21839913346725304,50.0,2,2,4,0.11771456550995657,97.71035,0.35714285714285715,0.8023715415019763,88,4.0,8.2,107.02314285714286,140.4934,142.061,14,175878,https://osu.ppy.sh/b/1581349
844014,Kano,Stella-rium,Inner Insane,NM,4.98716,-0.2569555674341618,-0.16755589501804444,0.6666666666666666,supported,formula_only,0.2979989080537246,0.08939967241611738,0.01921351559837174,-0.031205791661294162,-0.36102738427467074,0.14328967782246563,75.0,2,3,5,0.6305520224917023,95.15559999999999,0.375,0.7362204724409449,87,4.0,8.0,99.54796999999999,141.2794,159.303,40,260598,https://osu.ppy.sh/b/844014
4864117,Groove Coverage,Poison (Nightcore & Cut Ver.),Sotarks' Extra,NM,5.13038,-0.25724723032199714,-0.21662357809464244,0.7959183673469388,supported,formula_only,0.1354121740911824,0.040623652227354715,0.009830938097943165,-0.027713419685176786,0.9736071149587615,0.14848241176487154,64.0,3,6,13,0.2564304840957626,97.4482,0.3717948717948718,0.6954397394136808,58,3.8,9.0,261.3857974358974,470.93389999999994,488.132,78,43901,https://osu.ppy.sh/b/4864117
858746,Ito Kanako,Skyclad no Kansokusha,FG204,NM,5.38337,-0.25743711975044775,-0.2559524846878338,0.3548387096774194,explore,formula_only,0.004948783542046446,0.0014846350626139338,0.00042596342186488126,-0.023375102312576668,-0.27565306120220096,0.14062486984622638,69.0,0,1,2,0.6589926464507665,96.7922,0.18181818181818182,0.6642984014209592,104,4.2,8.6,211.58786363636364,349.648,537.12,11,63265,https://osu.ppy.sh/b/858746
2245783,Turbo,PADORU / PADORU,Reform's Expert,NM,5.07155,-0.25810135500416465,-0.23673322332195712,0.9607843137254902,high_conf,formula_only,0.07122710560735834,0.0213681316822075,0.005530864009914274,-0.02591073219115817,-0.47009753830512296,0.15868468383596054,61.0,20,59,96,0.19495586646408136,94.709,0.5959183673469388,0.9941520467836257,31,3.5,9.0,228.93993285714285,389.7868000000001,596.111,490,932040,https://osu.ppy.sh/b/2245783
1110483,Izumi Akazawa (CV. Madoka Yonezawa),Responsibility Response,Slayed's Extra,NM,5.34966,-0.26007350647039107,-0.26007350647039107,0.7530864197530864,supported,realized_only,0.0,0.0,-0.05192727390576915,0.019029666534406027,0.028038065795843066,0.16573777526007155,57.0,7,10,13,-0.4784843022637335,98.3213,0.5901639344262295,0.9953051643192489,77,4.0,8.5,172.5245393442623,218.4,476.344,61,160584,https://osu.ppy.sh/b/1110483
679019,DJ TOTTO,Windy Fairy,alacat's Another,NM,5.00389,-0.26129020213189663,-0.26129020213189663,0.3103448275862069,explore,realized_only,0.0,0.0,-0.03860512077175381,0.00804654436422228,-0.06861047410137008,0.14428822566793664,65.0,1,1,1,-0.49772963483312743,98.1621,0.5555555555555556,0.9951534733441034,107,4.0,8.0,157.24123333333333,230.06000000000003,435.788,9,60833,https://osu.ppy.sh/b/679019
1860803,Sangatsu no Phantasia,PINK LEMONADE (TV Size),Beelzebub,NM,5.36666,-0.2623887655925035,-0.2623887655925035,0.25925925925925924,explore,neither,0.0,0.0,-0.02065370032291422,-0.00670709350435437,0.007681479744624797,0.1483650452733118,49.0,0,1,1,-0.07833528013148607,96.98740000000001,0.5714285714285714,0.7192982456140351,85,4.2,8.5,189.58081428571427,311.8556000000001,515.141,7,26199,https://osu.ppy.sh/b/1860803
3262324,LACCO TOWER,Usubeni (TV Size),Blossoms,NM,5.34107,-0.26244740888773305,-0.26244740888773305,0.42857142857142855,explore,realized_only,0.0,0.0,-0.06974979927040113,0.03338293132664802,0.24875736597614048,0.19344078642228324,55.0,3,5,7,-0.01580881446152231,95.7265,0.6,0.9942528735632183,58,3.8,9.0,151.87178666666665,202.0264,502.361,15,24333,https://osu.ppy.sh/b/3262324
272867,RO-KYU-BU!,Rolling! Rolling! (TV Size),Insane,NM,4.83236,-0.2624547067008463,-0.2624547067008463,0.25925925925925924,explore,realized_only,0.0,0.0,-0.07893321064607456,0.04088207111008303,-0.10787527978663553,0.21331619512577799,27.0,1,3,4,-0.7201810190301662,98.0476,0.7142857142857143,1.0,88,4.0,7.0,189.52234285714286,353.5714,369.871,7,74641,https://osu.ppy.sh/b/272867
1828343,Okazaki Taiiku,Kimi no Bouken (TV Size),Nevo's Extra,NM,5.17766,-0.26359876473040705,-0.26359876473040705,0.8214285714285714,high_conf,neither,0.0,0.0,-0.008358033807809579,-0.01685135206423837,0.25330936481331184,0.1419710649800107,62.0,3,6,12,-0.5281263833916322,98.0276,0.6413043478260869,0.9961832061068703,86,3.0,9.0,202.21523804347825,403.77110000000016,508.252,92,199683,https://osu.ppy.sh/b/1828343
461253,ShockOne,Polygon (feat. Reija Lee),Kuronpipe's Insane,NM,4.90935,-0.2652743076894516,-0.2652743076894516,0.2857142857142857,explore,realized_only,0.0,0.0,-0.05253253816941531,0.019081971469722493,-0.06678651322387227,0.146667386527912,55.5,0,0,1,-0.9635239406720626,98.57014999999998,0.875,0.9991197183098591,104,4.0,8.0,232.7337625,418.0548,433.69,8,45572,https://osu.ppy.sh/b/461253
816734,Ni-Sokkususu,Blade Dance,Insane,NM,4.90445,-0.26671175766527455,-0.26671175766527455,0.9163179916317992,high_conf,neither,0.0,0.0,-0.013048350714076446,-0.013285498999604019,-0.31174388522251323,0.158765727294943,59.0,9,28,40,-0.07262377536673637,97.1706,0.4429223744292237,0.9046728971962616,87,4.0,8.0,207.30059223744294,418.855,482.177,219,748289,https://osu.ppy.sh/b/816734
4171530,OxT,GO CRY GO (TV Size),ANOTHER FT. ENU,NM,5.06148,-0.26685581802817526,-0.26685581802817526,0.2,explore,neither,0.0,0.0,-0.0018161546198916783,-0.022470670421791974,0.02843745029932319,0.12468742052393204,87.0,0,0,0,1.6401865211109437,92.51700000000001,0.2,0.4494163424124514,87,3.6,8.6,87.5451,117.67272000000001,135.858,5,16359,https://osu.ppy.sh/b/4171530
674206,ChouCho,BLESS YoUr NAME,WHAT'S YoUr NAME,NM,5.33809,-0.26739082876390846,-0.26739082876390846,0.7368421052631579,supported,realized_only,0.0,0.0,-0.062248074797597766,0.02683642538841583,0.1513876679899278,0.20925604472421147,49.5,7,11,14,0.13324551950981456,96.438,0.48214285714285715,0.8502879078694818,88,4.0,8.0,141.32824642857142,197.363,512.615,56,160779,https://osu.ppy.sh/b/674206
1659750,Kurahashi Yoeko,Tomodachi no Uta,Insane,NM,5.0581,-0.26929994238619487,0.06352185272801497,0.5,supported,formula_only,1.1094059837140329,0.33282179511420984,0.05486568760591852,-0.04068338184181884,0.0006870235879837737,0.13448835398614037,63.5,0,0,2,0.8370962361994531,97.10485,0.2,0.44713261648745517,112,4.0,7.0,144.30546999999999,384.4644,480.258,20,117180,https://osu.ppy.sh/b/1659750
679101,LiSA,Rally Go Round -TV ver.-,Insane,NM,4.90741,-0.2693945581204517,-0.2693945581204517,0.3333333333333333,explore,realized_only,0.0,0.0,-0.043956983012583134,0.011728464279176242,-0.012719227371050388,0.18466142859076312,56.0,1,1,1,-0.7744008505133987,98.94210000000001,0.6,0.9981617647058824,89,4.0,8.0,157.17213999999998,256.7912999999999,426.129,10,40496,https://osu.ppy.sh/b/679101
3036599,Three feat. Hatsune Miku,"Watashi, Kekkyoku Net ni Juujun",Insane,NM,4.89631,-0.27039303710695506,-0.27039303710695506,0.5555555555555556,supported,realized_only,0.0,0.0,-0.06452160325045074,0.02843798979591213,0.24211822605272565,0.19350202979697745,45.0,3,6,9,-0.09230640831624762,96.78710000000001,0.56,0.884393063583815,57,4.0,8.0,104.68794799999999,151.1864,166.946,25,58326,https://osu.ppy.sh/b/3036599
4337524,Ado,Kura Kura (TV Size),alevi's Insane,NM,4.87188,-0.2723842303713009,-0.2723842303713009,0.2,explore,neither,0.0,0.0,-0.011646420607627847,-0.014912482344612262,0.0979725027265821,0.15604138895702516,54.0,0,1,1,0.35129590281836703,95.1187,0.4,0.7687861271676301,86,4.0,8.0,137.60962,266.73500000000007,376.487,5,21294,https://osu.ppy.sh/b/4337524
1452780,"Wake Up, Girls!",7 Senses,konbanWUG~,NM,5.2207,-0.2726321345923096,-0.2726321345923096,0.3548387096774194,explore,realized_only,0.0,0.0,-0.04337971737891355,0.010981885373551324,0.05588544530286648,0.16872500285262643,68.0,1,2,2,-0.5665938243795682,98.2639,0.5454545454545454,0.996316758747698,86,4.0,8.0,142.16647272727275,184.657,211.472,11,30447,https://osu.ppy.sh/b/1452780
1685118,Luis Fonsi feat. Stefflon Don,Calypso,Fiesta Tropical,NM,4.8739,-0.2731978907839088,-0.2731978907839088,0.3939393939393939,explore,neither,0.0,0.0,-0.022519452561224916,-0.0061020196323744325,0.004709867445252303,0.1512646514251162,78.0,0,2,4,-0.03032485219097053,96.6068,0.5384615384615384,0.9322344322344323,94,3.8,8.6,127.66176923076924,150.484,398.468,13,39744,https://osu.ppy.sh/b/1685118
1269592,3R2,Bunny Panic!!!,Noz's Insane,NM,4.83188,-0.2745572584734044,-0.2745572584734044,0.7297297297297297,supported,realized_only,0.0,0.0,-0.03185387121514527,0.0014055360495863617,-0.4731640128556109,0.1580788371376455,59.0,3,8,13,-0.8913375357684546,98.00569999999999,0.9259259259259259,1.0,47,4.5,8.0,224.97298518518517,397.87770000000006,448.718,54,160514,https://osu.ppy.sh/b/1269592
178505,Yousei Teikoku,Kyouki Chinden (TV Size),Insanity,NM,4.98866,-0.27524146424930085,-0.27524146424930085,0.3103448275862069,explore,realized_only,0.0,0.0,-0.052513957669662575,0.018219734027788193,-0.025386411305363753,0.17533076932285457,59.0,1,1,1,-1.351178310331599,98.7961,0.7777777777777778,0.9986033519553073,93,4.0,7.0,299.2564333333333,470.7078,476.159,9,88361,https://osu.ppy.sh/b/178505
3714876,Creepy Nuts,Daten (TV Size),Vanya's Insane,NM,4.94142,-0.2754189109084729,-0.2754189109084729,0.5,supported,neither,0.0,0.0,-0.008289922562032996,-0.017911516656882114,0.5359088180277368,0.16453078142686814,59.5,2,3,5,0.521964961166483,95.72425,0.4,0.6859999999999999,86,3.4,8.0,115.59218000000001,158.7822000000003,369.619,20,90722,https://osu.ppy.sh/b/3714876
4777184,Hoshi Syoko (CV: Matsuda Satsumi),Zettai Tokken Shuchou Shimasu! Hoshi Syoko Solo Remix (Cut Ver.),Sprixx's Insane!,NM,4.83466,-0.27557143919794513,-0.27557143919794513,0.3103448275862069,explore,neither,0.0,0.0,-0.0021338626827908293,-0.02295191083988604,0.34952439180147665,0.13790561019604453,61.0,0,0,1,0.5313598366359981,96.587,0.3333333333333333,0.6751054852320675,79,3.6,8.0,120.81625555555554,161.26100000000005,365.145,9,25129,https://osu.ppy.sh/b/4777184
2749261,ClariS,Connect (TV Size),GIDZ's Mahou Shoujo,NM,5.1826,-0.277452414386345,-0.277452414386345,0.2857142857142857,explore,neither,0.0,0.0,-0.016569392939866152,-0.01132279082669409,-0.05225075367159808,0.16188321003003966,59.0,1,1,2,0.2905031713463885,94.1712,0.625,0.9292828685258965,88,4.2,9.0,117.2178625,166.03109999999998,182.997,8,33992,https://osu.ppy.sh/b/2749261
